author_id,journal_id,n_papers,topic_match_intra,work_ids
https://openalex.org/A5048223855,https://openalex.org/S190629608,11,0.7786,https://openalex.org/W2725188468;https://openalex.org/W2751766815;https://openalex.org/W3156142979;https://openalex.org/W2908959496;https://openalex.org/W2739200628;https://openalex.org/W2411453843;https://openalex.org/W2905816463;https://openalex.org/W2529999104;https://openalex.org/W2582017947;https://openalex.org/W2940772039;https://openalex.org/W4378906427
https://openalex.org/A5048223855,https://openalex.org/S4210192031,7,0.7806,https://openalex.org/W4399492875;https://openalex.org/W4297477317;https://openalex.org/W3205528911;https://openalex.org/W3150346602;https://openalex.org/W4381572609;https://openalex.org/W4283823155;https://openalex.org/W4405722549
https://openalex.org/A5048223855,https://openalex.org/S4210173132,13,0.7096,https://openalex.org/W3133932862;https://openalex.org/W4385343441;https://openalex.org/W3194046117;https://openalex.org/W4387024385;https://openalex.org/W4390467714;https://openalex.org/W4399179674;https://openalex.org/W4281736224;https://openalex.org/W2916894366;https://openalex.org/W4389991944;https://openalex.org/W4319000683;https://openalex.org/W2942584594;https://openalex.org/W4400009188;https://openalex.org/W4382447797
https://openalex.org/A5048223855,https://openalex.org/S4210205812,2,0.824,https://openalex.org/W3083456615;https://openalex.org/W4383818068
https://openalex.org/A5048223855,https://openalex.org/S4210219776,3,0.8188,https://openalex.org/W2743714710;https://openalex.org/W2746966637;https://openalex.org/W2757947813
https://openalex.org/A5089170562,https://openalex.org/S2737955091,34,0.7305,https://openalex.org/W2936503027;https://openalex.org/W3094948551;https://openalex.org/W3020873385;https://openalex.org/W3200552577;https://openalex.org/W4317040541;https://openalex.org/W4376504082;https://openalex.org/W4381542508;https://openalex.org/W4390511453;https://openalex.org/W2964551072;https://openalex.org/W4384521853;https://openalex.org/W3033637419;https://openalex.org/W4387578673;https://openalex.org/W2913149476;https://openalex.org/W2395579298;https://openalex.org/W2118023920;https://openalex.org/W3176923149;https://openalex.org/W2899434936;https://openalex.org/W2758375579;https://openalex.org/W2892312135;https://openalex.org/W2990580840;https://openalex.org/W2962200422;https://openalex.org/W4292974997;https://openalex.org/W4364361380;https://openalex.org/W4387458479;https://openalex.org/W4390547629;https://openalex.org/W2603666613;https://openalex.org/W2919984788;https://openalex.org/W2965813329;https://openalex.org/W3083683925;https://openalex.org/W2966217148;https://openalex.org/W4392617925;https://openalex.org/W4381251322;https://openalex.org/W3013997935;https://openalex.org/W3164313670
https://openalex.org/A5074629800,https://openalex.org/S4210205812,5,0.7316,https://openalex.org/W3199146084;https://openalex.org/W3017305345;https://openalex.org/W4293413411;https://openalex.org/W4306362420;https://openalex.org/W4220949780
https://openalex.org/A5074629800,https://openalex.org/S2764955546,3,0.5772,https://openalex.org/W4220956908;https://openalex.org/W4386170381;https://openalex.org/W4402127652
https://openalex.org/A5074629800,https://openalex.org/S4210178049,6,0.7026,https://openalex.org/W4220970138;https://openalex.org/W3195105121;https://openalex.org/W4316039122;https://openalex.org/W4311376210;https://openalex.org/W4386292370;https://openalex.org/W4311783760
https://openalex.org/A5074629800,https://openalex.org/S2485537415,12,0.6756,https://openalex.org/W4402773186;https://openalex.org/W4296473275;https://openalex.org/W4386825037;https://openalex.org/W4396754444;https://openalex.org/W4385338656;https://openalex.org/W4391984060;https://openalex.org/W4386524157;https://openalex.org/W3164947024;https://openalex.org/W4205951200;https://openalex.org/W3167335427;https://openalex.org/W4395661523;https://openalex.org/W4205363784
https://openalex.org/A5074629800,https://openalex.org/S4210192031,2,0.5301,https://openalex.org/W4316467227;https://openalex.org/W4387904084
https://openalex.org/A5091500375,https://openalex.org/S196734849,2,0.8208,https://openalex.org/W4392298212;https://openalex.org/W4283696246
https://openalex.org/A5091500375,https://openalex.org/S2485537415,13,0.7763,https://openalex.org/W2924610876;https://openalex.org/W3138644639;https://openalex.org/W4385820046;https://openalex.org/W4385288643;https://openalex.org/W4226523368;https://openalex.org/W4386275771;https://openalex.org/W4293499212;https://openalex.org/W4205129187;https://openalex.org/W3092431010;https://openalex.org/W3096764957;https://openalex.org/W3114543730;https://openalex.org/W4385212463;https://openalex.org/W4365790347
https://openalex.org/A5091500375,https://openalex.org/S4210228075,2,0.6389,https://openalex.org/W3209790225;https://openalex.org/W4313461565
https://openalex.org/A5091500375,https://openalex.org/S4210192031,5,0.7873,https://openalex.org/W4281673226;https://openalex.org/W4319595422;https://openalex.org/W4289941892;https://openalex.org/W4387531873;https://openalex.org/W3215779613
https://openalex.org/A5091500375,https://openalex.org/S2764413287,2,0.5744,https://openalex.org/W4387834977;https://openalex.org/W4385606098
https://openalex.org/A5033580486,https://openalex.org/S4210192031,2,0.7095,https://openalex.org/W4321094913;https://openalex.org/W4303856655
https://openalex.org/A5033580486,https://openalex.org/S4210205812,15,0.6827,https://openalex.org/W3005852761;https://openalex.org/W3132983351;https://openalex.org/W3185395727;https://openalex.org/W3119175962;https://openalex.org/W4295765453;https://openalex.org/W3186566946;https://openalex.org/W4224229733;https://openalex.org/W4394689156;https://openalex.org/W4200223488;https://openalex.org/W4281795625;https://openalex.org/W4311532761;https://openalex.org/W4388774321;https://openalex.org/W4296467483;https://openalex.org/W4399289455;https://openalex.org/W4283786491
https://openalex.org/A5033580486,https://openalex.org/S2485537415,13,0.7244,https://openalex.org/W3213294137;https://openalex.org/W4312587903;https://openalex.org/W4205134647;https://openalex.org/W3196539931;https://openalex.org/W4312522936;https://openalex.org/W4225925868;https://openalex.org/W4212947519;https://openalex.org/W4386280824;https://openalex.org/W2982245839;https://openalex.org/W3037496935;https://openalex.org/W3028827502;https://openalex.org/W4226185099;https://openalex.org/W4394896986
https://openalex.org/A5090320352,https://openalex.org/S190629608,6,0.7662,https://openalex.org/W2725188468;https://openalex.org/W2738796386;https://openalex.org/W3156142979;https://openalex.org/W2908959496;https://openalex.org/W2529999104;https://openalex.org/W2747278455
https://openalex.org/A5090320352,https://openalex.org/S4210192031,4,0.7943,https://openalex.org/W4399492875;https://openalex.org/W3205528911;https://openalex.org/W4283823155;https://openalex.org/W4405722549
https://openalex.org/A5090320352,https://openalex.org/S4210173132,13,0.7524,https://openalex.org/W2910176920;https://openalex.org/W2913029579;https://openalex.org/W4385343441;https://openalex.org/W3194046117;https://openalex.org/W4387024385;https://openalex.org/W4399179674;https://openalex.org/W4366090730;https://openalex.org/W4386246370;https://openalex.org/W4281736224;https://openalex.org/W4389991944;https://openalex.org/W4296526146;https://openalex.org/W4319000683;https://openalex.org/W4400009188
https://openalex.org/A5090320352,https://openalex.org/S4210205812,2,0.7568,https://openalex.org/W4389487331;https://openalex.org/W4383818068
https://openalex.org/A5090320352,https://openalex.org/S4210219776,2,0.7545,https://openalex.org/W2746966637;https://openalex.org/W2757947813
https://openalex.org/A5072631017,https://openalex.org/S2485537415,5,0.8694,https://openalex.org/W4206385874;https://openalex.org/W4285191770;https://openalex.org/W4312537919;https://openalex.org/W4213364920;https://openalex.org/W4294871833
https://openalex.org/A5072631017,https://openalex.org/S4210206423,5,0.8543,https://openalex.org/W4362665748;https://openalex.org/W4309663545;https://openalex.org/W4324141208;https://openalex.org/W4387265282;https://openalex.org/W4392125619
https://openalex.org/A5072631017,https://openalex.org/S196734849,6,0.7813,https://openalex.org/W4224237294;https://openalex.org/W4225843102;https://openalex.org/W4389396452;https://openalex.org/W4378901572;https://openalex.org/W4282938250;https://openalex.org/W4382137125
https://openalex.org/A5072631017,https://openalex.org/S101949793,5,0.7472,https://openalex.org/W3189033801;https://openalex.org/W3211367374;https://openalex.org/W4206918024;https://openalex.org/W3179292964;https://openalex.org/W4214689360
https://openalex.org/A5072631017,https://openalex.org/S4210178049,5,0.6924,https://openalex.org/W4385953737;https://openalex.org/W4379058609;https://openalex.org/W4280649213;https://openalex.org/W4220846003;https://openalex.org/W4388533824
https://openalex.org/A5057217204,https://openalex.org/S2485537415,7,0.7297,https://openalex.org/W3040989605;https://openalex.org/W3004894624;https://openalex.org/W2922032333;https://openalex.org/W3038588646;https://openalex.org/W2996373059;https://openalex.org/W4382468183;https://openalex.org/W3197363096
https://openalex.org/A5057217204,https://openalex.org/S4210192031,12,0.7576,https://openalex.org/W4283825665;https://openalex.org/W4210525149;https://openalex.org/W4311111663;https://openalex.org/W3208021954;https://openalex.org/W4303856786;https://openalex.org/W4210479225;https://openalex.org/W3200802697;https://openalex.org/W4210744365;https://openalex.org/W3202596486;https://openalex.org/W4223501034;https://openalex.org/W4281673962;https://openalex.org/W4321375188
https://openalex.org/A5023403556,https://openalex.org/S4210192031,15,0.7853,https://openalex.org/W4293162690;https://openalex.org/W4281673226;https://openalex.org/W4224288469;https://openalex.org/W4303856673;https://openalex.org/W4323312983;https://openalex.org/W3208021954;https://openalex.org/W4309786545;https://openalex.org/W3200802697;https://openalex.org/W4280610173;https://openalex.org/W4229376346;https://openalex.org/W3202596486;https://openalex.org/W4304806451;https://openalex.org/W4311005398;https://openalex.org/W4223501034;https://openalex.org/W4281673962
https://openalex.org/A5023403556,https://openalex.org/S195231649,3,0.7501,https://openalex.org/W4200292687;https://openalex.org/W4309737898;https://openalex.org/W4200315031
https://openalex.org/A5100648348,https://openalex.org/S2485537415,16,0.7389,https://openalex.org/W3084522097;https://openalex.org/W3013632036;https://openalex.org/W2946361138;https://openalex.org/W2898240053;https://openalex.org/W3005880646;https://openalex.org/W2888960301;https://openalex.org/W3082793573;https://openalex.org/W2530842809;https://openalex.org/W3036963521;https://openalex.org/W3163936961;https://openalex.org/W2919054863;https://openalex.org/W3011794532;https://openalex.org/W3013595070;https://openalex.org/W3127944256;https://openalex.org/W2916179546;https://openalex.org/W3158097960
https://openalex.org/A5100648348,https://openalex.org/S207319443,4,0.7896,https://openalex.org/W3126861513;https://openalex.org/W3096790175;https://openalex.org/W3094515844;https://openalex.org/W3088245394
https://openalex.org/A5100648348,https://openalex.org/S4210205812,2,0.7037,https://openalex.org/W4284887701;https://openalex.org/W4310149543
https://openalex.org/A5101801167,https://openalex.org/S2485537415,7,0.8672,https://openalex.org/W4206385874;https://openalex.org/W4285191770;https://openalex.org/W4312537919;https://openalex.org/W4296910058;https://openalex.org/W4213364920;https://openalex.org/W4294871833;https://openalex.org/W4379534373
https://openalex.org/A5101801167,https://openalex.org/S4210206423,5,0.843,https://openalex.org/W4362665748;https://openalex.org/W4391145932;https://openalex.org/W4309663545;https://openalex.org/W4324141208;https://openalex.org/W4387265282
https://openalex.org/A5101801167,https://openalex.org/S196734849,6,0.8485,https://openalex.org/W4294025663;https://openalex.org/W4225843102;https://openalex.org/W4306407124;https://openalex.org/W4378901572;https://openalex.org/W4282938250;https://openalex.org/W4382137125
https://openalex.org/A5101801167,https://openalex.org/S101949793,4,0.8443,https://openalex.org/W3189033801;https://openalex.org/W4206918024;https://openalex.org/W3179292964;https://openalex.org/W4214689360
https://openalex.org/A5101801167,https://openalex.org/S4210178049,2,0.7101,https://openalex.org/W4280649213;https://openalex.org/W4220846003
https://openalex.org/A5041024491,https://openalex.org/S2729999759,21,0.7199,https://openalex.org/W2302963717;https://openalex.org/W2769436106;https://openalex.org/W2178887482;https://openalex.org/W4285271518;https://openalex.org/W4317879253;https://openalex.org/W4313459377;https://openalex.org/W4406237254;https://openalex.org/W2972922532;https://openalex.org/W4389064459;https://openalex.org/W1698091476;https://openalex.org/W3205529033;https://openalex.org/W2963899396;https://openalex.org/W2307020448;https://openalex.org/W2952345041;https://openalex.org/W4385859649;https://openalex.org/W4285166806;https://openalex.org/W4404939338;https://openalex.org/W4390075256;https://openalex.org/W3128366560;https://openalex.org/W2765715516;https://openalex.org/W3113219314
https://openalex.org/A5041024491,https://openalex.org/S139930977,2,0.8857,https://openalex.org/W3182483462;https://openalex.org/W2963959272
https://openalex.org/A5041024491,https://openalex.org/S155526855,2,0.8464,https://openalex.org/W2963960541;https://openalex.org/W3141413083
https://openalex.org/A5028342220,https://openalex.org/S4210177785,21,0.8157,https://openalex.org/W2900654702;https://openalex.org/W4206999655;https://openalex.org/W2780025726;https://openalex.org/W2181216859;https://openalex.org/W2954719570;https://openalex.org/W2346855685;https://openalex.org/W3131838313;https://openalex.org/W4318561813;https://openalex.org/W4401598927;https://openalex.org/W1976996227;https://openalex.org/W2738769391;https://openalex.org/W2901946084;https://openalex.org/W2346670995;https://openalex.org/W2793249006;https://openalex.org/W2346924903;https://openalex.org/W3008782862;https://openalex.org/W2906465680;https://openalex.org/W3091885231;https://openalex.org/W4394900443;https://openalex.org/W4226070044;https://openalex.org/W3019110765
https://openalex.org/A5041828713,https://openalex.org/S4210206423,5,0.8289,https://openalex.org/W4386368669;https://openalex.org/W4396803873;https://openalex.org/W4390236014;https://openalex.org/W4391404448;https://openalex.org/W4391450720
https://openalex.org/A5041828713,https://openalex.org/S4210192031,12,0.7911,https://openalex.org/W3211628713;https://openalex.org/W3189506083;https://openalex.org/W4313287682;https://openalex.org/W4205715817;https://openalex.org/W4291511123;https://openalex.org/W3190612593;https://openalex.org/W4390821117;https://openalex.org/W4403296578;https://openalex.org/W3173419446;https://openalex.org/W4310478570;https://openalex.org/W3196000014;https://openalex.org/W4395003230
https://openalex.org/A5089757639,https://openalex.org/S4210206423,5,0.8289,https://openalex.org/W4386368669;https://openalex.org/W4396803873;https://openalex.org/W4390236014;https://openalex.org/W4391404448;https://openalex.org/W4391450720
https://openalex.org/A5089757639,https://openalex.org/S4210192031,12,0.7911,https://openalex.org/W3211628713;https://openalex.org/W3189506083;https://openalex.org/W4313287682;https://openalex.org/W4205715817;https://openalex.org/W4291511123;https://openalex.org/W3190612593;https://openalex.org/W4390821117;https://openalex.org/W4403296578;https://openalex.org/W3173419446;https://openalex.org/W4310478570;https://openalex.org/W3196000014;https://openalex.org/W4395003230
https://openalex.org/A5003145618,https://openalex.org/S4210192031,5,0.6971,https://openalex.org/W4321094913;https://openalex.org/W4303856655;https://openalex.org/W4224277678;https://openalex.org/W4387364515;https://openalex.org/W4225147723
https://openalex.org/A5003145618,https://openalex.org/S4210205812,7,0.7225,https://openalex.org/W3132983351;https://openalex.org/W3185395727;https://openalex.org/W3186566946;https://openalex.org/W4394689156;https://openalex.org/W4281795625;https://openalex.org/W4399289455;https://openalex.org/W4283786491
https://openalex.org/A5003145618,https://openalex.org/S2485537415,11,0.7418,https://openalex.org/W4312587903;https://openalex.org/W4205134647;https://openalex.org/W3196539931;https://openalex.org/W4312522936;https://openalex.org/W4225925868;https://openalex.org/W4212947519;https://openalex.org/W4386280824;https://openalex.org/W3037496935;https://openalex.org/W3028827502;https://openalex.org/W4226185099;https://openalex.org/W4394896986
https://openalex.org/A5071208302,https://openalex.org/S2485537415,15,0.6721,https://openalex.org/W3171302872;https://openalex.org/W4377294226;https://openalex.org/W4391019654;https://openalex.org/W4205395483;https://openalex.org/W4385287507;https://openalex.org/W4401607230;https://openalex.org/W3217119495;https://openalex.org/W4392173886;https://openalex.org/W4295886337;https://openalex.org/W4388207226;https://openalex.org/W3173355548;https://openalex.org/W4400877473;https://openalex.org/W4392667218;https://openalex.org/W4401452685;https://openalex.org/W4405754382
https://openalex.org/A5071208302,https://openalex.org/S4210205812,2,0.7291,https://openalex.org/W4312186400;https://openalex.org/W3208516011
https://openalex.org/A5071208302,https://openalex.org/S196734849,2,0.6237,https://openalex.org/W4403645951;https://openalex.org/W4404207215
https://openalex.org/A5019810689,https://openalex.org/S2485537415,7,0.7201,https://openalex.org/W3006548976;https://openalex.org/W3120024282;https://openalex.org/W3111214181;https://openalex.org/W3001859104;https://openalex.org/W3088569169;https://openalex.org/W4400905317;https://openalex.org/W4389076505
https://openalex.org/A5019810689,https://openalex.org/S3035462843,2,0.8053,https://openalex.org/W3168684685;https://openalex.org/W4387369436
https://openalex.org/A5019810689,https://openalex.org/S195231649,5,0.7663,https://openalex.org/W4224311455;https://openalex.org/W4319598206;https://openalex.org/W4281772583;https://openalex.org/W4387971908;https://openalex.org/W4378473198
https://openalex.org/A5019810689,https://openalex.org/S4210192031,2,0.741,https://openalex.org/W4316467330;https://openalex.org/W4377107651
https://openalex.org/A5060873940,https://openalex.org/S4210205812,4,0.8516,https://openalex.org/W3217195399;https://openalex.org/W4206210184;https://openalex.org/W4311013945;https://openalex.org/W4313403993
https://openalex.org/A5060873940,https://openalex.org/S2485537415,5,0.6846,https://openalex.org/W2996095076;https://openalex.org/W3038588646;https://openalex.org/W3106778770;https://openalex.org/W3048581266;https://openalex.org/W2981832203
https://openalex.org/A5060873940,https://openalex.org/S196734849,4,0.7665,https://openalex.org/W4294243546;https://openalex.org/W4223513451;https://openalex.org/W4386445218;https://openalex.org/W3204562155
https://openalex.org/A5060873940,https://openalex.org/S202381698,5,0.7653,https://openalex.org/W4302762921;https://openalex.org/W4327684330;https://openalex.org/W3194385280;https://openalex.org/W4291008483;https://openalex.org/W4307934592
https://openalex.org/A5005365069,https://openalex.org/S2485537415,6,0.8445,https://openalex.org/W3096229121;https://openalex.org/W3016683387;https://openalex.org/W3033057870;https://openalex.org/W3082306581;https://openalex.org/W3023596779;https://openalex.org/W3026649003
https://openalex.org/A5005365069,https://openalex.org/S4210205812,4,0.7786,https://openalex.org/W3030709604;https://openalex.org/W3083456615;https://openalex.org/W3015883578;https://openalex.org/W3033094340
https://openalex.org/A5005365069,https://openalex.org/S4210192031,9,0.7661,https://openalex.org/W4399492875;https://openalex.org/W4297477317;https://openalex.org/W3205528911;https://openalex.org/W4206944674;https://openalex.org/W3150346602;https://openalex.org/W3211212082;https://openalex.org/W3080479876;https://openalex.org/W4405722549;https://openalex.org/W3135014068
https://openalex.org/A5054952724,https://openalex.org/S155526855,3,0.827,https://openalex.org/W1854884267;https://openalex.org/W2810095012;https://openalex.org/W3094540663
https://openalex.org/A5054952724,https://openalex.org/S2729999759,14,0.7258,https://openalex.org/W4312516176;https://openalex.org/W2963583956;https://openalex.org/W3083515246;https://openalex.org/W2883158411;https://openalex.org/W2994806031;https://openalex.org/W4367165010;https://openalex.org/W3163108010;https://openalex.org/W3003689215;https://openalex.org/W2120609574;https://openalex.org/W2620558438;https://openalex.org/W4225590069;https://openalex.org/W4312605747;https://openalex.org/W3125249653;https://openalex.org/W2977303192
https://openalex.org/A5054952724,https://openalex.org/S139930977,3,0.7249,https://openalex.org/W4380355772;https://openalex.org/W3015633002;https://openalex.org/W3116866055
https://openalex.org/A5058941449,https://openalex.org/S4210205812,3,0.7568,https://openalex.org/W3199146084;https://openalex.org/W4293413411;https://openalex.org/W4306362420
https://openalex.org/A5058941449,https://openalex.org/S2485537415,7,0.7184,https://openalex.org/W3127996554;https://openalex.org/W4386825037;https://openalex.org/W4396754444;https://openalex.org/W3164947024;https://openalex.org/W4205951200;https://openalex.org/W3167335427;https://openalex.org/W4205363784
https://openalex.org/A5058941449,https://openalex.org/S4210178049,4,0.7408,https://openalex.org/W4220970138;https://openalex.org/W3195105121;https://openalex.org/W4316039122;https://openalex.org/W4311783760
https://openalex.org/A5067665186,https://openalex.org/S178776955,10,0.8034,https://openalex.org/W2792677840;https://openalex.org/W4308566729;https://openalex.org/W4220721854;https://openalex.org/W4224212763;https://openalex.org/W4396608814;https://openalex.org/W4403262776;https://openalex.org/W3197107517;https://openalex.org/W4386833486;https://openalex.org/W4282968348;https://openalex.org/W4399366007
https://openalex.org/A5067665186,https://openalex.org/S64187185,2,0.7636,https://openalex.org/W1999001021;https://openalex.org/W4392498941
https://openalex.org/A5067665186,https://openalex.org/S196734849,8,0.7415,https://openalex.org/W3123104785;https://openalex.org/W4200332035;https://openalex.org/W2797806857;https://openalex.org/W2936103618;https://openalex.org/W3110509321;https://openalex.org/W4389298180;https://openalex.org/W3082936230;https://openalex.org/W3128196800
https://openalex.org/A5004119695,https://openalex.org/S196734849,9,0.7969,https://openalex.org/W2964168673;https://openalex.org/W2964023233;https://openalex.org/W2971854266;https://openalex.org/W2955147924;https://openalex.org/W4280516283;https://openalex.org/W2996409363;https://openalex.org/W4220815069;https://openalex.org/W2972447933;https://openalex.org/W3035932902
https://openalex.org/A5004119695,https://openalex.org/S178776955,10,0.8035,https://openalex.org/W2762080095;https://openalex.org/W3086955246;https://openalex.org/W3112394437;https://openalex.org/W2973075481;https://openalex.org/W2337087938;https://openalex.org/W2898551707;https://openalex.org/W2789580836;https://openalex.org/W4292764387;https://openalex.org/W4322494739;https://openalex.org/W4394817436
https://openalex.org/A5042653526,https://openalex.org/S101949793,3,0.7266,https://openalex.org/W4207017358;https://openalex.org/W2967209289;https://openalex.org/W3171579381
https://openalex.org/A5042653526,https://openalex.org/S4210172076,3,0.8041,https://openalex.org/W3129125470;https://openalex.org/W3179013378;https://openalex.org/W4390466037
https://openalex.org/A5042653526,https://openalex.org/S4210205812,4,0.6248,https://openalex.org/W4200566850;https://openalex.org/W4220897912;https://openalex.org/W4293528099;https://openalex.org/W2790624867
https://openalex.org/A5042653526,https://openalex.org/S4210228075,2,0.7069,https://openalex.org/W2908092214;https://openalex.org/W2980326204
https://openalex.org/A5042653526,https://openalex.org/S34838331,2,0.6719,https://openalex.org/W4283641397;https://openalex.org/W4280535922
https://openalex.org/A5031740523,https://openalex.org/S4210206423,4,0.71,https://openalex.org/W4390729652;https://openalex.org/W4393002449;https://openalex.org/W4386456717;https://openalex.org/W4390058312
https://openalex.org/A5031740523,https://openalex.org/S190629608,2,0.7995,https://openalex.org/W2209714802;https://openalex.org/W2568887577
https://openalex.org/A5031740523,https://openalex.org/S190680769,3,0.7348,https://openalex.org/W4206119900;https://openalex.org/W4309264974;https://openalex.org/W4200517681
https://openalex.org/A5031740523,https://openalex.org/S2485537415,4,0.7662,https://openalex.org/W2967488661;https://openalex.org/W2605396865;https://openalex.org/W3047346450;https://openalex.org/W2984389231
https://openalex.org/A5031740523,https://openalex.org/S2764846071,2,0.8823,https://openalex.org/W2565468692;https://openalex.org/W2732570884
https://openalex.org/A5076628907,https://openalex.org/S190629608,10,0.789,https://openalex.org/W2738796386;https://openalex.org/W2751766815;https://openalex.org/W3156142979;https://openalex.org/W2908959496;https://openalex.org/W2739200628;https://openalex.org/W2905816463;https://openalex.org/W2529999104;https://openalex.org/W2582017947;https://openalex.org/W2747278455;https://openalex.org/W2940772039
https://openalex.org/A5076628907,https://openalex.org/S4210173132,4,0.7293,https://openalex.org/W2913029579;https://openalex.org/W2916894366;https://openalex.org/W2942584594;https://openalex.org/W4400009188
https://openalex.org/A5076628907,https://openalex.org/S4210205812,2,0.7138,https://openalex.org/W3083456615;https://openalex.org/W4389487331
https://openalex.org/A5076628907,https://openalex.org/S4210192031,2,0.7658,https://openalex.org/W3150346602;https://openalex.org/W4381572609
https://openalex.org/A5077770842,https://openalex.org/S2737955091,2,0.6352,https://openalex.org/W4390906246;https://openalex.org/W4400352977
https://openalex.org/A5077770842,https://openalex.org/S2485537415,8,0.6385,https://openalex.org/W4297094728;https://openalex.org/W4316660917;https://openalex.org/W4387129502;https://openalex.org/W3148438775;https://openalex.org/W4292825932;https://openalex.org/W4206209937;https://openalex.org/W4295886308;https://openalex.org/W4384519190
https://openalex.org/A5077770842,https://openalex.org/S4210238752,3,0.6907,https://openalex.org/W3198721561;https://openalex.org/W4323360796;https://openalex.org/W4303613868
https://openalex.org/A5077770842,https://openalex.org/S4210205812,2,0.5559,https://openalex.org/W4306737649;https://openalex.org/W4311688424
https://openalex.org/A5002483949,https://openalex.org/S196734849,10,0.7963,https://openalex.org/W2964168673;https://openalex.org/W2135470377;https://openalex.org/W2964023233;https://openalex.org/W2971854266;https://openalex.org/W2955147924;https://openalex.org/W4280516283;https://openalex.org/W4392041340;https://openalex.org/W2972447933;https://openalex.org/W3035932902;https://openalex.org/W3135672123
https://openalex.org/A5002483949,https://openalex.org/S178776955,4,0.8763,https://openalex.org/W3112394437;https://openalex.org/W2973075481;https://openalex.org/W4393161705;https://openalex.org/W4394817436
https://openalex.org/A5002483949,https://openalex.org/S207319443,3,0.8707,https://openalex.org/W4293106305;https://openalex.org/W3133811611;https://openalex.org/W2796177147
https://openalex.org/A5082599641,https://openalex.org/S196734849,2,0.8478,https://openalex.org/W3181029726;https://openalex.org/W4381190182
https://openalex.org/A5082599641,https://openalex.org/S2485537415,8,0.8023,https://openalex.org/W3096229121;https://openalex.org/W3016683387;https://openalex.org/W3033057870;https://openalex.org/W3082306581;https://openalex.org/W4312792162;https://openalex.org/W4386825098;https://openalex.org/W3023596779;https://openalex.org/W3026649003
https://openalex.org/A5082599641,https://openalex.org/S202381698,2,0.9034,https://openalex.org/W4388425233;https://openalex.org/W4399203790
https://openalex.org/A5082599641,https://openalex.org/S3035462843,2,0.6914,https://openalex.org/W4213375498;https://openalex.org/W3135678255
https://openalex.org/A5072096736,https://openalex.org/S3035462843,4,0.7874,https://openalex.org/W2902101035;https://openalex.org/W2604750196;https://openalex.org/W3150850506;https://openalex.org/W4385306200
https://openalex.org/A5072096736,https://openalex.org/S2764413287,4,0.7353,https://openalex.org/W4313855207;https://openalex.org/W4376119821;https://openalex.org/W4402246634;https://openalex.org/W4385259378
https://openalex.org/A5072096736,https://openalex.org/S2485537415,5,0.8022,https://openalex.org/W3157376848;https://openalex.org/W4391936085;https://openalex.org/W3127432888;https://openalex.org/W3160562782;https://openalex.org/W3083871753
https://openalex.org/A5072096736,https://openalex.org/S4210192031,4,0.7566,https://openalex.org/W4224307044;https://openalex.org/W4283010558;https://openalex.org/W4224310989;https://openalex.org/W4303856705
https://openalex.org/A5028365881,https://openalex.org/S3569471,10,0.7904,https://openalex.org/W2589187229;https://openalex.org/W2800789340;https://openalex.org/W1972720093;https://openalex.org/W2334893464;https://openalex.org/W2475885638;https://openalex.org/W2265883602;https://openalex.org/W2265978784;https://openalex.org/W2346377498;https://openalex.org/W2265026152;https://openalex.org/W2343254042
https://openalex.org/A5028365881,https://openalex.org/S101949793,6,0.7836,https://openalex.org/W2519679787;https://openalex.org/W2924024513;https://openalex.org/W2994999286;https://openalex.org/W3008165448;https://openalex.org/W2771590910;https://openalex.org/W2907743393
https://openalex.org/A5079652585,https://openalex.org/S4210177785,15,0.8222,https://openalex.org/W2921675148;https://openalex.org/W4206999655;https://openalex.org/W3149029499;https://openalex.org/W2181216859;https://openalex.org/W2954719570;https://openalex.org/W4283730429;https://openalex.org/W2346855685;https://openalex.org/W2906087715;https://openalex.org/W4313547826;https://openalex.org/W1976996227;https://openalex.org/W4283697013;https://openalex.org/W2559193574;https://openalex.org/W4394823076;https://openalex.org/W2793249006;https://openalex.org/W4283709215
https://openalex.org/A5044080887,https://openalex.org/S2485537415,9,0.6381,https://openalex.org/W3127996554;https://openalex.org/W4296473275;https://openalex.org/W4393372035;https://openalex.org/W3094615924;https://openalex.org/W3097152903;https://openalex.org/W3164947024;https://openalex.org/W3002474999;https://openalex.org/W3167335427;https://openalex.org/W3198965389
https://openalex.org/A5044080887,https://openalex.org/S4210205812,2,0.7481,https://openalex.org/W3017305345;https://openalex.org/W2972456177
https://openalex.org/A5044080887,https://openalex.org/S4210178049,2,0.7471,https://openalex.org/W4220970138;https://openalex.org/W3195105121
https://openalex.org/A5001443386,https://openalex.org/S2485537415,13,0.754,https://openalex.org/W3018946592;https://openalex.org/W2982243238;https://openalex.org/W3114858549;https://openalex.org/W2985583348;https://openalex.org/W3128128512;https://openalex.org/W3000358377;https://openalex.org/W3029902662;https://openalex.org/W2734898034;https://openalex.org/W3014186522;https://openalex.org/W3046996261;https://openalex.org/W3001122366;https://openalex.org/W3020816427;https://openalex.org/W3004054259
https://openalex.org/A5065388273,https://openalex.org/S2485537415,2,0.8556,https://openalex.org/W3084522097;https://openalex.org/W3018215981
https://openalex.org/A5065388273,https://openalex.org/S4210192031,4,0.8112,https://openalex.org/W4224288469;https://openalex.org/W4319595470;https://openalex.org/W3093463563;https://openalex.org/W4280610173
https://openalex.org/A5065388273,https://openalex.org/S196734849,2,0.6066,https://openalex.org/W4392169359;https://openalex.org/W4386569555
https://openalex.org/A5065388273,https://openalex.org/S2764413287,4,0.8074,https://openalex.org/W4392886985;https://openalex.org/W4320532256;https://openalex.org/W4388750431;https://openalex.org/W4376126493
https://openalex.org/A5065388273,https://openalex.org/S4210206423,2,0.7825,https://openalex.org/W4400195210;https://openalex.org/W4392949442
https://openalex.org/A5065388273,https://openalex.org/S190680769,2,0.761,https://openalex.org/W4380992847;https://openalex.org/W4390572414
https://openalex.org/A5023931221,https://openalex.org/S52395412,2,0.8515,https://openalex.org/W4385647457;https://openalex.org/W4403113340
https://openalex.org/A5023931221,https://openalex.org/S19032547,2,0.7923,https://openalex.org/W3042805419;https://openalex.org/W3087252502
https://openalex.org/A5023931221,https://openalex.org/S2485537415,6,0.7067,https://openalex.org/W3015398987;https://openalex.org/W2896374468;https://openalex.org/W2913957986;https://openalex.org/W3017952061;https://openalex.org/W2998825278;https://openalex.org/W2948645018
https://openalex.org/A5023931221,https://openalex.org/S4210205812,2,0.9362,https://openalex.org/W4306149504;https://openalex.org/W4220671871
https://openalex.org/A5023931221,https://openalex.org/S2764650051,2,0.6551,https://openalex.org/W3170847021;https://openalex.org/W4281652650
https://openalex.org/A5068811427,https://openalex.org/S2729999759,13,0.709,https://openalex.org/W3207937903;https://openalex.org/W3110300144;https://openalex.org/W2295682796;https://openalex.org/W2791412059;https://openalex.org/W3094999800;https://openalex.org/W3199958362;https://openalex.org/W2936969148;https://openalex.org/W4394773672;https://openalex.org/W4390035079;https://openalex.org/W3142525300;https://openalex.org/W2991382858;https://openalex.org/W3014809049;https://openalex.org/W3046081747
https://openalex.org/A5010245958,https://openalex.org/S2485537415,10,0.7631,https://openalex.org/W2753329290;https://openalex.org/W3134954698;https://openalex.org/W2972256350;https://openalex.org/W4205699222;https://openalex.org/W3020340069;https://openalex.org/W3164361226;https://openalex.org/W3005448316;https://openalex.org/W2565904487;https://openalex.org/W4285133160;https://openalex.org/W3094373755
https://openalex.org/A5010245958,https://openalex.org/S190680769,5,0.7874,https://openalex.org/W4384406773;https://openalex.org/W4376106043;https://openalex.org/W3206238464;https://openalex.org/W4285795717;https://openalex.org/W4391170663
https://openalex.org/A5105826134,https://openalex.org/S2485537415,6,0.7201,https://openalex.org/W3006548976;https://openalex.org/W3120024282;https://openalex.org/W3111214181;https://openalex.org/W3001859104;https://openalex.org/W4400905317;https://openalex.org/W4389076505
https://openalex.org/A5105826134,https://openalex.org/S3035462843,2,0.8053,https://openalex.org/W3168684685;https://openalex.org/W4387369436
https://openalex.org/A5105826134,https://openalex.org/S4210192031,2,0.7734,https://openalex.org/W4366829312;https://openalex.org/W4316467330
https://openalex.org/A5105826134,https://openalex.org/S195231649,4,0.7749,https://openalex.org/W4224311455;https://openalex.org/W4319598206;https://openalex.org/W4281772583;https://openalex.org/W4387971908
https://openalex.org/A5084072550,https://openalex.org/S107516304,10,0.7656,https://openalex.org/W2729101176;https://openalex.org/W4294763143;https://openalex.org/W2939903565;https://openalex.org/W2727926256;https://openalex.org/W2993436875;https://openalex.org/W2930775044;https://openalex.org/W1976330285;https://openalex.org/W2926258680;https://openalex.org/W2729275743;https://openalex.org/W2913741669
https://openalex.org/A5084072550,https://openalex.org/S52395412,2,0.8036,https://openalex.org/W4393094733;https://openalex.org/W4386462961
https://openalex.org/A5084072550,https://openalex.org/S17147534,2,0.6434,https://openalex.org/W3046382668;https://openalex.org/W4400644060
https://openalex.org/A5056436780,https://openalex.org/S2485537415,5,0.7077,https://openalex.org/W3207974842;https://openalex.org/W3156438996;https://openalex.org/W2922490081;https://openalex.org/W3156034637;https://openalex.org/W4205406857
https://openalex.org/A5056436780,https://openalex.org/S4210192031,4,0.6887,https://openalex.org/W4318486548;https://openalex.org/W3093463563;https://openalex.org/W4294839108;https://openalex.org/W3043999936
https://openalex.org/A5056436780,https://openalex.org/S196734849,2,0.5917,https://openalex.org/W4379471400;https://openalex.org/W4367843743
https://openalex.org/A5101585391,https://openalex.org/S107516304,3,0.7232,https://openalex.org/W2927032858;https://openalex.org/W2992706359;https://openalex.org/W2620798231
https://openalex.org/A5101585391,https://openalex.org/S4210195431,2,0.7234,https://openalex.org/W2947607756;https://openalex.org/W4282932819
https://openalex.org/A5101585391,https://openalex.org/S2764650051,5,0.7147,https://openalex.org/W2891377710;https://openalex.org/W2803982643;https://openalex.org/W4396636615;https://openalex.org/W3094834348;https://openalex.org/W4392413980
https://openalex.org/A5101585391,https://openalex.org/S17147534,3,0.7251,https://openalex.org/W3121653116;https://openalex.org/W4210588715;https://openalex.org/W4281655095
https://openalex.org/A5057853630,https://openalex.org/S2485537415,8,0.74,https://openalex.org/W3009874600;https://openalex.org/W3014961314;https://openalex.org/W2945508466;https://openalex.org/W2904078227;https://openalex.org/W2902551236;https://openalex.org/W2995092345;https://openalex.org/W3009766086;https://openalex.org/W3015172951
https://openalex.org/A5057853630,https://openalex.org/S3569471,2,0.7901,https://openalex.org/W2797321382;https://openalex.org/W2799984735
https://openalex.org/A5057853630,https://openalex.org/S4210205812,2,0.63,https://openalex.org/W3135968727;https://openalex.org/W3134974631
https://openalex.org/A5010283810,https://openalex.org/S4210173132,2,0.6471,https://openalex.org/W4387701975;https://openalex.org/W4403453714
https://openalex.org/A5010283810,https://openalex.org/S190629608,4,0.7613,https://openalex.org/W4403192414;https://openalex.org/W4292547785;https://openalex.org/W4317738865;https://openalex.org/W4403487144
https://openalex.org/A5010283810,https://openalex.org/S4210228075,3,0.7958,https://openalex.org/W4366088885;https://openalex.org/W4388420354;https://openalex.org/W4395038223
https://openalex.org/A5010283810,https://openalex.org/S4210205812,3,0.7336,https://openalex.org/W4214605521;https://openalex.org/W4390411662;https://openalex.org/W4384202240
https://openalex.org/A5010283810,https://openalex.org/S4210219776,2,0.7926,https://openalex.org/W4224240007;https://openalex.org/W4318052283
https://openalex.org/A5028476919,https://openalex.org/S2729999759,13,0.7231,https://openalex.org/W1615991656;https://openalex.org/W2549835527;https://openalex.org/W2998696444;https://openalex.org/W3159900299;https://openalex.org/W3016828850;https://openalex.org/W3187984992;https://openalex.org/W2973111096;https://openalex.org/W3032150215;https://openalex.org/W2301095666;https://openalex.org/W3202712981;https://openalex.org/W3156509887;https://openalex.org/W2290523257;https://openalex.org/W3202673127
https://openalex.org/A5027450194,https://openalex.org/S155526855,5,0.7373,https://openalex.org/W2343649478;https://openalex.org/W4303614602;https://openalex.org/W2923290299;https://openalex.org/W4290774620;https://openalex.org/W3172638091
https://openalex.org/A5027450194,https://openalex.org/S2729999759,9,0.7153,https://openalex.org/W3173377059;https://openalex.org/W4390739985;https://openalex.org/W2788695823;https://openalex.org/W3114990944;https://openalex.org/W2461677872;https://openalex.org/W4384211302;https://openalex.org/W4405205232;https://openalex.org/W3004074269;https://openalex.org/W2807524009
https://openalex.org/A5081393566,https://openalex.org/S155526855,4,0.8333,https://openalex.org/W1854884267;https://openalex.org/W2810095012;https://openalex.org/W3094540663;https://openalex.org/W2519468206
https://openalex.org/A5081393566,https://openalex.org/S2729999759,8,0.7228,https://openalex.org/W1794039122;https://openalex.org/W2883158411;https://openalex.org/W4396680888;https://openalex.org/W3003689215;https://openalex.org/W2120609574;https://openalex.org/W2620558438;https://openalex.org/W4317897852;https://openalex.org/W4389064431
https://openalex.org/A5081393566,https://openalex.org/S139930977,2,0.7458,https://openalex.org/W3166631396;https://openalex.org/W4380355772
https://openalex.org/A5003710781,https://openalex.org/S178776955,4,0.8334,https://openalex.org/W2792677840;https://openalex.org/W4224212763;https://openalex.org/W3197107517;https://openalex.org/W4386833486
https://openalex.org/A5003710781,https://openalex.org/S196734849,8,0.7415,https://openalex.org/W3123104785;https://openalex.org/W4200332035;https://openalex.org/W2797806857;https://openalex.org/W2936103618;https://openalex.org/W3110509321;https://openalex.org/W4389298180;https://openalex.org/W3082936230;https://openalex.org/W3128196800
https://openalex.org/A5003710781,https://openalex.org/S4210206423,2,0.9005,https://openalex.org/W4405281345;https://openalex.org/W4399670494
https://openalex.org/A5001235418,https://openalex.org/S4210177785,13,0.8121,https://openalex.org/W4396216118;https://openalex.org/W4283374278;https://openalex.org/W1963909008;https://openalex.org/W3096112228;https://openalex.org/W3017072419;https://openalex.org/W1979105493;https://openalex.org/W2964165247;https://openalex.org/W3042885143;https://openalex.org/W3081463359;https://openalex.org/W1970357229;https://openalex.org/W2141271471;https://openalex.org/W1529121545;https://openalex.org/W4233708824
https://openalex.org/A5014673075,https://openalex.org/S2485537415,7,0.7269,https://openalex.org/W3111112601;https://openalex.org/W4323345796;https://openalex.org/W4312311432;https://openalex.org/W3194963579;https://openalex.org/W4400314789;https://openalex.org/W4383113550;https://openalex.org/W4293057253
https://openalex.org/A5014673075,https://openalex.org/S34838331,2,0.6825,https://openalex.org/W3124579925;https://openalex.org/W4324142688
https://openalex.org/A5014673075,https://openalex.org/S4210219776,2,0.7132,https://openalex.org/W3082773694;https://openalex.org/W4400485910
https://openalex.org/A5058046014,https://openalex.org/S4210192031,10,0.8118,https://openalex.org/W4221101703;https://openalex.org/W4226438888;https://openalex.org/W4281837565;https://openalex.org/W4282590857;https://openalex.org/W4367627374;https://openalex.org/W2989688479;https://openalex.org/W4320917693;https://openalex.org/W4311393140;https://openalex.org/W4296360192;https://openalex.org/W4392295889
https://openalex.org/A5058046014,https://openalex.org/S2764955546,2,0.9087,https://openalex.org/W4366134915;https://openalex.org/W4293385784
https://openalex.org/A5058046014,https://openalex.org/S195231649,2,0.8338,https://openalex.org/W3031946898;https://openalex.org/W3113931315
https://openalex.org/A5038735863,https://openalex.org/S4210206423,3,0.7435,https://openalex.org/W4390729652;https://openalex.org/W4393002449;https://openalex.org/W4386456717
https://openalex.org/A5038735863,https://openalex.org/S190629608,2,0.7995,https://openalex.org/W2209714802;https://openalex.org/W2568887577
https://openalex.org/A5038735863,https://openalex.org/S190680769,2,0.7481,https://openalex.org/W4206119900;https://openalex.org/W4309264974
https://openalex.org/A5038735863,https://openalex.org/S2485537415,3,0.7617,https://openalex.org/W2967488661;https://openalex.org/W2605396865;https://openalex.org/W3047346450
https://openalex.org/A5038735863,https://openalex.org/S2764846071,2,0.8823,https://openalex.org/W2565468692;https://openalex.org/W2732570884
https://openalex.org/A5005161622,https://openalex.org/S196734849,6,0.7704,https://openalex.org/W2971854266;https://openalex.org/W2955147924;https://openalex.org/W4280516283;https://openalex.org/W4220815069;https://openalex.org/W2972447933;https://openalex.org/W3035932902
https://openalex.org/A5005161622,https://openalex.org/S178776955,8,0.8146,https://openalex.org/W3086955246;https://openalex.org/W3112394437;https://openalex.org/W2973075481;https://openalex.org/W2337087938;https://openalex.org/W2898551707;https://openalex.org/W4292764387;https://openalex.org/W4322494739;https://openalex.org/W4394817436
https://openalex.org/A5038199341,https://openalex.org/S4210192031,10,0.7038,https://openalex.org/W4310043898;https://openalex.org/W3138349262;https://openalex.org/W3128711488;https://openalex.org/W4402923240;https://openalex.org/W3213706929;https://openalex.org/W4210783546;https://openalex.org/W4318775748;https://openalex.org/W3137076710;https://openalex.org/W3199591739;https://openalex.org/W4388971072
https://openalex.org/A5038199341,https://openalex.org/S4210173132,2,0.89,https://openalex.org/W4319923583;https://openalex.org/W4366827143
https://openalex.org/A5059572713,https://openalex.org/S4210192031,7,0.7597,https://openalex.org/W4303856974;https://openalex.org/W4390736735;https://openalex.org/W4404669420;https://openalex.org/W4392856795;https://openalex.org/W4389782398;https://openalex.org/W4383955529;https://openalex.org/W4391617304
https://openalex.org/A5059572713,https://openalex.org/S2485537415,5,0.721,https://openalex.org/W2906485768;https://openalex.org/W2997461624;https://openalex.org/W3116422100;https://openalex.org/W3004008529;https://openalex.org/W3137974897
https://openalex.org/A5059572713,https://openalex.org/S101949793,2,0.6293,https://openalex.org/W4220828171;https://openalex.org/W2804605182
https://openalex.org/A5106942630,https://openalex.org/S2729999759,2,0.7489,https://openalex.org/W4387809899;https://openalex.org/W4405711008
https://openalex.org/A5106942630,https://openalex.org/S2485537415,8,0.7282,https://openalex.org/W2887178861;https://openalex.org/W2789609995;https://openalex.org/W3009251324;https://openalex.org/W3044645765;https://openalex.org/W2782645050;https://openalex.org/W2801577455;https://openalex.org/W3011177673;https://openalex.org/W2729929678
https://openalex.org/A5106942630,https://openalex.org/S4210192031,4,0.8269,https://openalex.org/W4294839683;https://openalex.org/W4403451655;https://openalex.org/W4381661201;https://openalex.org/W4404190038
https://openalex.org/A5087270783,https://openalex.org/S2485537415,6,0.6601,https://openalex.org/W3127996554;https://openalex.org/W3094615924;https://openalex.org/W3097152903;https://openalex.org/W3164947024;https://openalex.org/W3002474999;https://openalex.org/W3167335427
https://openalex.org/A5087270783,https://openalex.org/S4210178049,2,0.7471,https://openalex.org/W4220970138;https://openalex.org/W3195105121
https://openalex.org/A5026327666,https://openalex.org/S2485537415,3,0.6908,https://openalex.org/W2917049430;https://openalex.org/W2907588548;https://openalex.org/W3082015004
https://openalex.org/A5026327666,https://openalex.org/S4210205812,2,0.764,https://openalex.org/W2797080692;https://openalex.org/W4309091499
https://openalex.org/A5026327666,https://openalex.org/S4210192031,7,0.7213,https://openalex.org/W4401892524;https://openalex.org/W3195012557;https://openalex.org/W4309686433;https://openalex.org/W4224232273;https://openalex.org/W4296360039;https://openalex.org/W3193810005;https://openalex.org/W4389047069
https://openalex.org/A5049701126,https://openalex.org/S2485537415,5,0.6979,https://openalex.org/W3176558250;https://openalex.org/W3201449892;https://openalex.org/W3176162574;https://openalex.org/W4402978511;https://openalex.org/W4205626559
https://openalex.org/A5049701126,https://openalex.org/S4210178049,3,0.6995,https://openalex.org/W4224305765;https://openalex.org/W4297229699;https://openalex.org/W3201752972
https://openalex.org/A5049701126,https://openalex.org/S4210205812,2,0.6932,https://openalex.org/W4316468172;https://openalex.org/W4328098479
https://openalex.org/A5049701126,https://openalex.org/S196734849,2,0.7908,https://openalex.org/W4384407209;https://openalex.org/W4403253603
https://openalex.org/A5027687642,https://openalex.org/S4210192031,10,0.8118,https://openalex.org/W4221101703;https://openalex.org/W4226438888;https://openalex.org/W4281837565;https://openalex.org/W4282590857;https://openalex.org/W4367627374;https://openalex.org/W2989688479;https://openalex.org/W4320917693;https://openalex.org/W4311393140;https://openalex.org/W4296360192;https://openalex.org/W4392295889
https://openalex.org/A5027687642,https://openalex.org/S2764955546,2,0.9087,https://openalex.org/W4366134915;https://openalex.org/W4293385784
https://openalex.org/A5027687642,https://openalex.org/S195231649,2,0.8338,https://openalex.org/W3031946898;https://openalex.org/W3113931315
https://openalex.org/A5091859381,https://openalex.org/S4210205812,2,0.5957,https://openalex.org/W4310716498;https://openalex.org/W4282599641
https://openalex.org/A5091859381,https://openalex.org/S4210178049,4,0.6242,https://openalex.org/W4389340115;https://openalex.org/W4210777624;https://openalex.org/W4292197005;https://openalex.org/W4365514833
https://openalex.org/A5091859381,https://openalex.org/S2485537415,5,0.6339,https://openalex.org/W4285276702;https://openalex.org/W4399526456;https://openalex.org/W4387831756;https://openalex.org/W4225921062;https://openalex.org/W4402301037
https://openalex.org/A5018820179,https://openalex.org/S190629608,5,0.8244,https://openalex.org/W2738796386;https://openalex.org/W2908959496;https://openalex.org/W2905816463;https://openalex.org/W2529999104;https://openalex.org/W4378906427
https://openalex.org/A5018820179,https://openalex.org/S4210192031,4,0.8289,https://openalex.org/W4399492875;https://openalex.org/W4297477317;https://openalex.org/W3205528911;https://openalex.org/W3150346602
https://openalex.org/A5018820179,https://openalex.org/S4210173132,3,0.7714,https://openalex.org/W3133932862;https://openalex.org/W4319000683;https://openalex.org/W2942584594
https://openalex.org/A5018820179,https://openalex.org/S4210205812,2,0.824,https://openalex.org/W3083456615;https://openalex.org/W4383818068
https://openalex.org/A5064081550,https://openalex.org/S4210192031,3,0.7184,https://openalex.org/W4283721511;https://openalex.org/W3209420330;https://openalex.org/W3196202912
https://openalex.org/A5064081550,https://openalex.org/S196734849,2,0.6976,https://openalex.org/W4224237294;https://openalex.org/W4380785244
https://openalex.org/A5064081550,https://openalex.org/S101949793,3,0.7082,https://openalex.org/W4212966226;https://openalex.org/W4281756816;https://openalex.org/W3211367374
https://openalex.org/A5052265483,https://openalex.org/S2485537415,4,0.722,https://openalex.org/W3044427673;https://openalex.org/W2874411262;https://openalex.org/W4386472968;https://openalex.org/W4382468183
https://openalex.org/A5052265483,https://openalex.org/S101949793,2,0.7053,https://openalex.org/W4280495986;https://openalex.org/W2910965811
https://openalex.org/A5052265483,https://openalex.org/S196734849,3,0.7964,https://openalex.org/W4387132174;https://openalex.org/W3125069671;https://openalex.org/W4391997998
https://openalex.org/A5013827007,https://openalex.org/S4210178049,2,0.8563,https://openalex.org/W2802494476;https://openalex.org/W3161127087
https://openalex.org/A5013827007,https://openalex.org/S2485537415,5,0.7342,https://openalex.org/W4295788789;https://openalex.org/W3210588961;https://openalex.org/W4390204195;https://openalex.org/W2803275818;https://openalex.org/W4225607921
https://openalex.org/A5013827007,https://openalex.org/S4210205812,2,0.6003,https://openalex.org/W3041052241;https://openalex.org/W4303579235
https://openalex.org/A5013827007,https://openalex.org/S101949793,2,0.5846,https://openalex.org/W2783734952;https://openalex.org/W4390898595
https://openalex.org/A5014883878,https://openalex.org/S4210192031,3,0.6712,https://openalex.org/W4321094913;https://openalex.org/W4303856655;https://openalex.org/W4224277678
https://openalex.org/A5014883878,https://openalex.org/S2485537415,7,0.7637,https://openalex.org/W4312587903;https://openalex.org/W3196539931;https://openalex.org/W4312522936;https://openalex.org/W4212947519;https://openalex.org/W4386280824;https://openalex.org/W4226185099;https://openalex.org/W4394896986
https://openalex.org/A5014883878,https://openalex.org/S4210205812,3,0.7537,https://openalex.org/W3185395727;https://openalex.org/W4281795625;https://openalex.org/W4283786491
https://openalex.org/A5078519359,https://openalex.org/S2485537415,4,0.7794,https://openalex.org/W3040989605;https://openalex.org/W3004894624;https://openalex.org/W4312834201;https://openalex.org/W4213003514
https://openalex.org/A5078519359,https://openalex.org/S4210192031,7,0.7874,https://openalex.org/W4311111663;https://openalex.org/W3208021954;https://openalex.org/W3200802697;https://openalex.org/W3202596486;https://openalex.org/W4223501034;https://openalex.org/W4308547918;https://openalex.org/W4315647512
https://openalex.org/A5053458745,https://openalex.org/S4210192031,3,0.8621,https://openalex.org/W4316806103;https://openalex.org/W4283020803;https://openalex.org/W4294845386
https://openalex.org/A5053458745,https://openalex.org/S4210178049,2,0.8795,https://openalex.org/W3175848210;https://openalex.org/W3215706000
https://openalex.org/A5053458745,https://openalex.org/S2485537415,2,0.7686,https://openalex.org/W2948420763;https://openalex.org/W3010213102
https://openalex.org/A5048597650,https://openalex.org/S4210192031,2,0.6322,https://openalex.org/W4321094913;https://openalex.org/W4224277678
https://openalex.org/A5048597650,https://openalex.org/S2485537415,8,0.7581,https://openalex.org/W4312587903;https://openalex.org/W3196539931;https://openalex.org/W4312522936;https://openalex.org/W4225925868;https://openalex.org/W4212947519;https://openalex.org/W4386280824;https://openalex.org/W4226185099;https://openalex.org/W4394896986
https://openalex.org/A5048597650,https://openalex.org/S4210205812,3,0.7537,https://openalex.org/W3185395727;https://openalex.org/W4281795625;https://openalex.org/W4283786491
https://openalex.org/A5087542455,https://openalex.org/S2485537415,9,0.6108,https://openalex.org/W4297094728;https://openalex.org/W4387129502;https://openalex.org/W4402167718;https://openalex.org/W4400275560;https://openalex.org/W4292825932;https://openalex.org/W4295886308;https://openalex.org/W4393252913;https://openalex.org/W4384519190;https://openalex.org/W4387197237
https://openalex.org/A5087542455,https://openalex.org/S2764955546,2,0.7198,https://openalex.org/W2561954224;https://openalex.org/W3015429471
https://openalex.org/A5014238603,https://openalex.org/S107516304,7,0.7836,https://openalex.org/W2729101176;https://openalex.org/W4200491506;https://openalex.org/W1976330285;https://openalex.org/W2933414119;https://openalex.org/W3023154087;https://openalex.org/W2913741669;https://openalex.org/W3186975843
https://openalex.org/A5014238603,https://openalex.org/S2764650051,3,0.7303,https://openalex.org/W3012211566;https://openalex.org/W3126209695;https://openalex.org/W3103720397
https://openalex.org/A5014238603,https://openalex.org/S19032547,2,0.7093,https://openalex.org/W2763990719;https://openalex.org/W2949711156
https://openalex.org/A5028441474,https://openalex.org/S2485537415,10,0.7606,https://openalex.org/W3013632036;https://openalex.org/W2946361138;https://openalex.org/W3005880646;https://openalex.org/W3082793573;https://openalex.org/W3036963521;https://openalex.org/W2919054863;https://openalex.org/W3011794532;https://openalex.org/W3013595070;https://openalex.org/W3127944256;https://openalex.org/W3158097960
https://openalex.org/A5100354322,https://openalex.org/S4210205812,3,0.7367,https://openalex.org/W3095789240;https://openalex.org/W4381927506;https://openalex.org/W4383909651
https://openalex.org/A5100354322,https://openalex.org/S195231649,4,0.6811,https://openalex.org/W4386121277;https://openalex.org/W2789330408;https://openalex.org/W4293527431;https://openalex.org/W4220959452
https://openalex.org/A5080903430,https://openalex.org/S4210192031,3,0.6986,https://openalex.org/W4321094913;https://openalex.org/W4224277678;https://openalex.org/W4387364515
https://openalex.org/A5080903430,https://openalex.org/S4210205812,3,0.7537,https://openalex.org/W3185395727;https://openalex.org/W4281795625;https://openalex.org/W4283786491
https://openalex.org/A5080903430,https://openalex.org/S2485537415,7,0.748,https://openalex.org/W3196539931;https://openalex.org/W4312522936;https://openalex.org/W4225925868;https://openalex.org/W4212947519;https://openalex.org/W4386280824;https://openalex.org/W4226185099;https://openalex.org/W4394896986
https://openalex.org/A5110138023,https://openalex.org/S2485537415,6,0.8114,https://openalex.org/W2998248698;https://openalex.org/W2980901239;https://openalex.org/W3002006595;https://openalex.org/W3019510337;https://openalex.org/W2980477689;https://openalex.org/W2996398454
https://openalex.org/A5110138023,https://openalex.org/S101949793,7,0.8049,https://openalex.org/W2990262304;https://openalex.org/W3001278556;https://openalex.org/W4391846683;https://openalex.org/W2793314072;https://openalex.org/W2884678912;https://openalex.org/W2810375836;https://openalex.org/W4399675779
https://openalex.org/A5061951606,https://openalex.org/S2729999759,13,0.7116,https://openalex.org/W2884554299;https://openalex.org/W4317897818;https://openalex.org/W4296713955;https://openalex.org/W2570821393;https://openalex.org/W3178064270;https://openalex.org/W3003689215;https://openalex.org/W2826525850;https://openalex.org/W1908676432;https://openalex.org/W4389777845;https://openalex.org/W4385859687;https://openalex.org/W4382623032;https://openalex.org/W3020923013;https://openalex.org/W3041559793
https://openalex.org/A5026382657,https://openalex.org/S2485537415,3,0.6804,https://openalex.org/W3108127110;https://openalex.org/W4393170647;https://openalex.org/W4390421998
https://openalex.org/A5026382657,https://openalex.org/S202381698,6,0.6825,https://openalex.org/W3118829708;https://openalex.org/W2905753780;https://openalex.org/W2801129626;https://openalex.org/W4401810156;https://openalex.org/W2193974955;https://openalex.org/W4393028712
https://openalex.org/A5052115720,https://openalex.org/S2485537415,6,0.8359,https://openalex.org/W2903050599;https://openalex.org/W2913851985;https://openalex.org/W4393217324;https://openalex.org/W2887084606;https://openalex.org/W4382203173;https://openalex.org/W3025066634
https://openalex.org/A5052115720,https://openalex.org/S4511983,2,0.8521,https://openalex.org/W2280623531;https://openalex.org/W2755955664
https://openalex.org/A5052115720,https://openalex.org/S4210192031,2,0.6026,https://openalex.org/W4316466974;https://openalex.org/W4283323223
https://openalex.org/A5052115720,https://openalex.org/S4210206423,2,0.7465,https://openalex.org/W4293527342;https://openalex.org/W4400941208
https://openalex.org/A5042276100,https://openalex.org/S2485537415,6,0.7712,https://openalex.org/W2753329290;https://openalex.org/W3134954698;https://openalex.org/W2972256350;https://openalex.org/W3020340069;https://openalex.org/W3005448316;https://openalex.org/W3094373755
https://openalex.org/A5042276100,https://openalex.org/S190680769,4,0.7793,https://openalex.org/W4384406773;https://openalex.org/W3206238464;https://openalex.org/W4285795717;https://openalex.org/W4391170663
https://openalex.org/A5042276100,https://openalex.org/S4210192031,2,0.809,https://openalex.org/W4362591590;https://openalex.org/W4323314898
https://openalex.org/A5060371329,https://openalex.org/S2729999759,2,0.7489,https://openalex.org/W4387809899;https://openalex.org/W4405711008
https://openalex.org/A5060371329,https://openalex.org/S2485537415,3,0.8538,https://openalex.org/W2789609995;https://openalex.org/W2782645050;https://openalex.org/W2801577455
https://openalex.org/A5060371329,https://openalex.org/S4210192031,7,0.7653,https://openalex.org/W4306952470;https://openalex.org/W4403451655;https://openalex.org/W4220668471;https://openalex.org/W4381661201;https://openalex.org/W4402599850;https://openalex.org/W4283830762;https://openalex.org/W4404190038
https://openalex.org/A5027642699,https://openalex.org/S4210177785,3,0.7916,https://openalex.org/W2504150216;https://openalex.org/W1933770199;https://openalex.org/W3092985612
https://openalex.org/A5027642699,https://openalex.org/S202381698,2,0.8288,https://openalex.org/W2803416021;https://openalex.org/W234000645
https://openalex.org/A5027642699,https://openalex.org/S196734849,6,0.7646,https://openalex.org/W2761290139;https://openalex.org/W2895559788;https://openalex.org/W2529631604;https://openalex.org/W2760045531;https://openalex.org/W2607075141;https://openalex.org/W2470803447
https://openalex.org/A5001374957,https://openalex.org/S2764955546,5,0.7491,https://openalex.org/W4380368768;https://openalex.org/W4402048512;https://openalex.org/W4399420788;https://openalex.org/W4220726338;https://openalex.org/W4380201950
https://openalex.org/A5001374957,https://openalex.org/S2485537415,4,0.7223,https://openalex.org/W4398150831;https://openalex.org/W4390590975;https://openalex.org/W3118913631;https://openalex.org/W2979750067
https://openalex.org/A5040592322,https://openalex.org/S4210205812,6,0.7273,https://openalex.org/W4385423913;https://openalex.org/W4285042990;https://openalex.org/W4376138696;https://openalex.org/W4386224522;https://openalex.org/W4223635542;https://openalex.org/W4403764906
https://openalex.org/A5040592322,https://openalex.org/S2485537415,5,0.6472,https://openalex.org/W4367281558;https://openalex.org/W4387623887;https://openalex.org/W3195971125;https://openalex.org/W4396680679;https://openalex.org/W4404788248
https://openalex.org/A5043777472,https://openalex.org/S2485537415,8,0.7648,https://openalex.org/W3084522097;https://openalex.org/W3013632036;https://openalex.org/W3005880646;https://openalex.org/W3082793573;https://openalex.org/W3036963521;https://openalex.org/W3011794532;https://openalex.org/W3013595070;https://openalex.org/W3127944256
https://openalex.org/A5043777472,https://openalex.org/S207319443,4,0.7896,https://openalex.org/W3126861513;https://openalex.org/W3096790175;https://openalex.org/W3094515844;https://openalex.org/W3088245394
https://openalex.org/A5067624332,https://openalex.org/S2485537415,4,0.7539,https://openalex.org/W3040989605;https://openalex.org/W3004894624;https://openalex.org/W2922032333;https://openalex.org/W2996373059
https://openalex.org/A5067624332,https://openalex.org/S4210192031,5,0.7729,https://openalex.org/W4311111663;https://openalex.org/W3208021954;https://openalex.org/W3200802697;https://openalex.org/W3202596486;https://openalex.org/W4223501034
https://openalex.org/A5101895423,https://openalex.org/S107516304,6,0.8012,https://openalex.org/W2729101176;https://openalex.org/W4200491506;https://openalex.org/W2933414119;https://openalex.org/W3023154087;https://openalex.org/W2913741669;https://openalex.org/W3186975843
https://openalex.org/A5101895423,https://openalex.org/S2764650051,3,0.7459,https://openalex.org/W3126209695;https://openalex.org/W3103720397;https://openalex.org/W3209235691
https://openalex.org/A5016157034,https://openalex.org/S2485537415,3,0.6366,https://openalex.org/W2808081779;https://openalex.org/W2989692169;https://openalex.org/W2992034055
https://openalex.org/A5016157034,https://openalex.org/S195231649,2,0.6155,https://openalex.org/W4283765358;https://openalex.org/W3160911599
https://openalex.org/A5016157034,https://openalex.org/S4210238752,2,0.614,https://openalex.org/W3108839440;https://openalex.org/W4213184413
https://openalex.org/A5002855381,https://openalex.org/S4210172076,4,0.7904,https://openalex.org/W3129125470;https://openalex.org/W4367624810;https://openalex.org/W4387959306;https://openalex.org/W4382402870
https://openalex.org/A5002855381,https://openalex.org/S4210192031,2,0.5412,https://openalex.org/W4308333450;https://openalex.org/W4362698575
https://openalex.org/A5003571051,https://openalex.org/S2485537415,5,0.8089,https://openalex.org/W2985244827;https://openalex.org/W2981780513;https://openalex.org/W2990288623;https://openalex.org/W3010667675;https://openalex.org/W2988032913
https://openalex.org/A5003571051,https://openalex.org/S4210205812,5,0.8402,https://openalex.org/W3153616811;https://openalex.org/W3011709004;https://openalex.org/W2986729576;https://openalex.org/W3128071650;https://openalex.org/W2972632927
https://openalex.org/A5006242246,https://openalex.org/S4210192031,8,0.824,https://openalex.org/W4293162690;https://openalex.org/W4224288469;https://openalex.org/W4303856673;https://openalex.org/W4323312983;https://openalex.org/W4309786545;https://openalex.org/W4280610173;https://openalex.org/W4229376346;https://openalex.org/W4304806451
https://openalex.org/A5045872048,https://openalex.org/S2729999759,9,0.7803,https://openalex.org/W3159959439;https://openalex.org/W2998696444;https://openalex.org/W3016828850;https://openalex.org/W3136588637;https://openalex.org/W4403051479;https://openalex.org/W4406237254;https://openalex.org/W2295690548;https://openalex.org/W4353004366;https://openalex.org/W3186289945
https://openalex.org/A5108009280,https://openalex.org/S2485537415,6,0.7957,https://openalex.org/W3204322605;https://openalex.org/W4383172105;https://openalex.org/W2974012318;https://openalex.org/W2769420354;https://openalex.org/W3043040641;https://openalex.org/W4387092410
https://openalex.org/A5108009280,https://openalex.org/S4210178049,2,0.6659,https://openalex.org/W4206333944;https://openalex.org/W3169992079
https://openalex.org/A5108009280,https://openalex.org/S32837994,2,0.789,https://openalex.org/W2902050669;https://openalex.org/W2884632488
https://openalex.org/A5077794475,https://openalex.org/S4210205812,2,0.7199,https://openalex.org/W4366548520;https://openalex.org/W4362664227
https://openalex.org/A5077794475,https://openalex.org/S2485537415,6,0.6942,https://openalex.org/W4312312175;https://openalex.org/W4323913987;https://openalex.org/W4290712875;https://openalex.org/W4312259157;https://openalex.org/W4352977027;https://openalex.org/W4377232597
https://openalex.org/A5077794475,https://openalex.org/S4210219776,3,0.7552,https://openalex.org/W2772899235;https://openalex.org/W2997125665;https://openalex.org/W3093542232
https://openalex.org/A5085370631,https://openalex.org/S202381698,5,0.7521,https://openalex.org/W4210467014;https://openalex.org/W4319655632;https://openalex.org/W3095844121;https://openalex.org/W4313639694;https://openalex.org/W4321004361
https://openalex.org/A5085370631,https://openalex.org/S196734849,2,0.6912,https://openalex.org/W4322499862;https://openalex.org/W4399075343
https://openalex.org/A5085370631,https://openalex.org/S2485537415,3,0.6975,https://openalex.org/W4292971788;https://openalex.org/W4386494550;https://openalex.org/W2906529600
https://openalex.org/A5100318186,https://openalex.org/S2485537415,3,0.7491,https://openalex.org/W2767119393;https://openalex.org/W3014376458;https://openalex.org/W3004958565
https://openalex.org/A5100318186,https://openalex.org/S190629608,2,0.8277,https://openalex.org/W2918510433;https://openalex.org/W2550678732
https://openalex.org/A5100318186,https://openalex.org/S4210192031,2,0.7316,https://openalex.org/W3191427521;https://openalex.org/W4224299188
https://openalex.org/A5070021804,https://openalex.org/S195231649,7,0.8737,https://openalex.org/W2963248753;https://openalex.org/W2955377799;https://openalex.org/W2945684526;https://openalex.org/W2901810526;https://openalex.org/W2944466891;https://openalex.org/W1608634651;https://openalex.org/W2772902973
https://openalex.org/A5070021804,https://openalex.org/S2485537415,4,0.7931,https://openalex.org/W2972908007;https://openalex.org/W3004487273;https://openalex.org/W2969446040;https://openalex.org/W2952930071
https://openalex.org/A5075133420,https://openalex.org/S4210219776,9,0.6931,https://openalex.org/W2964083623;https://openalex.org/W4381426182;https://openalex.org/W4316690363;https://openalex.org/W2994594001;https://openalex.org/W4224279468;https://openalex.org/W4312116765;https://openalex.org/W4311793632;https://openalex.org/W4220694512;https://openalex.org/W4220662494
https://openalex.org/A5075133420,https://openalex.org/S4210205812,2,0.8169,https://openalex.org/W4313415426;https://openalex.org/W4361003707
https://openalex.org/A5071144367,https://openalex.org/S2729999759,7,0.7396,https://openalex.org/W3134354193;https://openalex.org/W2570821393;https://openalex.org/W4221149942;https://openalex.org/W2211192759;https://openalex.org/W3202712981;https://openalex.org/W3216866458;https://openalex.org/W2900874631
https://openalex.org/A5071144367,https://openalex.org/S155526855,4,0.7338,https://openalex.org/W2622670270;https://openalex.org/W1508791843;https://openalex.org/W3132607382;https://openalex.org/W2154462503
https://openalex.org/A5082737646,https://openalex.org/S196734849,3,0.7734,https://openalex.org/W3102053113;https://openalex.org/W2739588406;https://openalex.org/W4317745916
https://openalex.org/A5082737646,https://openalex.org/S178776955,8,0.7577,https://openalex.org/W2893774004;https://openalex.org/W2890412128;https://openalex.org/W2247926630;https://openalex.org/W2780677803;https://openalex.org/W1784659513;https://openalex.org/W1997779689;https://openalex.org/W2950107380;https://openalex.org/W3014177843
https://openalex.org/A5065801825,https://openalex.org/S2485537415,3,0.6574,https://openalex.org/W4392694180;https://openalex.org/W4400645233;https://openalex.org/W4388819892
https://openalex.org/A5065801825,https://openalex.org/S4210192031,3,0.713,https://openalex.org/W3209420330;https://openalex.org/W3196202912;https://openalex.org/W3215779613
https://openalex.org/A5065801825,https://openalex.org/S190629608,2,0.5657,https://openalex.org/W4402765629;https://openalex.org/W4400285910
https://openalex.org/A5014866912,https://openalex.org/S155526855,3,0.8158,https://openalex.org/W2810095012;https://openalex.org/W3094540663;https://openalex.org/W2519468206
https://openalex.org/A5014866912,https://openalex.org/S2729999759,6,0.7486,https://openalex.org/W2883158411;https://openalex.org/W4396680888;https://openalex.org/W3003689215;https://openalex.org/W2620558438;https://openalex.org/W4317897852;https://openalex.org/W4389064431
https://openalex.org/A5014866912,https://openalex.org/S139930977,2,0.7362,https://openalex.org/W3166631396;https://openalex.org/W2229725139
https://openalex.org/A5101489565,https://openalex.org/S4210205812,5,0.8414,https://openalex.org/W3083389769;https://openalex.org/W3080812861;https://openalex.org/W3095424117;https://openalex.org/W3127404465;https://openalex.org/W3134398094
https://openalex.org/A5101489565,https://openalex.org/S4210206423,4,0.8716,https://openalex.org/W4387265244;https://openalex.org/W4387873795;https://openalex.org/W4389923272;https://openalex.org/W4379794054
https://openalex.org/A5080086968,https://openalex.org/S2764650051,8,0.869,https://openalex.org/W3116632780;https://openalex.org/W2759848381;https://openalex.org/W4282925751;https://openalex.org/W4214581630;https://openalex.org/W3001400935;https://openalex.org/W3101430594;https://openalex.org/W3165167124;https://openalex.org/W3189593202
https://openalex.org/A5080086968,https://openalex.org/S17147534,2,0.8926,https://openalex.org/W3156827730;https://openalex.org/W3156542611
https://openalex.org/A5080086968,https://openalex.org/S2485537415,2,0.6708,https://openalex.org/W3094497160;https://openalex.org/W4285295082
https://openalex.org/A5016231511,https://openalex.org/S4210192031,8,0.8386,https://openalex.org/W4214680607;https://openalex.org/W4200560608;https://openalex.org/W4229455296;https://openalex.org/W4220782845;https://openalex.org/W4220841746;https://openalex.org/W4223424642;https://openalex.org/W4224233121;https://openalex.org/W4386220601
https://openalex.org/A5016231511,https://openalex.org/S2485537415,2,0.7491,https://openalex.org/W2890087117;https://openalex.org/W4385413424
https://openalex.org/A5005905514,https://openalex.org/S2485537415,8,0.6411,https://openalex.org/W2950637875;https://openalex.org/W3042758601;https://openalex.org/W2986732100;https://openalex.org/W3120721003;https://openalex.org/W3089124799;https://openalex.org/W2967882206;https://openalex.org/W2904078227;https://openalex.org/W3210590238
https://openalex.org/A5005905514,https://openalex.org/S43295729,2,0.8539,https://openalex.org/W4400408166;https://openalex.org/W4321600169
https://openalex.org/A5008287867,https://openalex.org/S2485537415,3,0.7709,https://openalex.org/W4205973286;https://openalex.org/W4378907299;https://openalex.org/W3201449892
https://openalex.org/A5008287867,https://openalex.org/S4210178049,2,0.6077,https://openalex.org/W4224305765;https://openalex.org/W4362614581
https://openalex.org/A5008287867,https://openalex.org/S4210205812,2,0.6932,https://openalex.org/W4316468172;https://openalex.org/W4328098479
https://openalex.org/A5008287867,https://openalex.org/S4210228075,2,0.7212,https://openalex.org/W4403304337;https://openalex.org/W4405591004
https://openalex.org/A5034313244,https://openalex.org/S34838331,2,0.8103,https://openalex.org/W3033400291;https://openalex.org/W3110288483
https://openalex.org/A5034313244,https://openalex.org/S2485537415,3,0.6853,https://openalex.org/W2590025346;https://openalex.org/W2969856879;https://openalex.org/W3101547357
https://openalex.org/A5034313244,https://openalex.org/S4210219776,5,0.8065,https://openalex.org/W3136840154;https://openalex.org/W2949038726;https://openalex.org/W3022839720;https://openalex.org/W3132811364;https://openalex.org/W2996814786
https://openalex.org/A5034313244,https://openalex.org/S4210205812,2,0.7454,https://openalex.org/W2916629615;https://openalex.org/W2968209542
https://openalex.org/A5033247953,https://openalex.org/S4511983,12,0.7894,https://openalex.org/W3123054212;https://openalex.org/W2275543736;https://openalex.org/W2945120931;https://openalex.org/W633069405;https://openalex.org/W3000324172;https://openalex.org/W2287118009;https://openalex.org/W2186939366;https://openalex.org/W2945941917;https://openalex.org/W2946195287;https://openalex.org/W2575572829;https://openalex.org/W2791180508;https://openalex.org/W4309397045
https://openalex.org/A5002679497,https://openalex.org/S4210192031,3,0.8678,https://openalex.org/W4311970927;https://openalex.org/W4391603858;https://openalex.org/W4382982102
https://openalex.org/A5002679497,https://openalex.org/S190629608,8,0.7382,https://openalex.org/W4224306477;https://openalex.org/W3102399563;https://openalex.org/W4296638813;https://openalex.org/W4225256524;https://openalex.org/W4322772558;https://openalex.org/W3015791334;https://openalex.org/W3014848791;https://openalex.org/W3155251157
https://openalex.org/A5082290011,https://openalex.org/S2485537415,3,0.8662,https://openalex.org/W4285191770;https://openalex.org/W4296910058;https://openalex.org/W4294871833
https://openalex.org/A5082290011,https://openalex.org/S196734849,4,0.8788,https://openalex.org/W4294025663;https://openalex.org/W4306407124;https://openalex.org/W4282938250;https://openalex.org/W4382137125
https://openalex.org/A5082290011,https://openalex.org/S4210178049,2,0.8109,https://openalex.org/W4379058609;https://openalex.org/W4388533824
https://openalex.org/A5082290011,https://openalex.org/S4210206423,2,0.8736,https://openalex.org/W4387265282;https://openalex.org/W4379794054
https://openalex.org/A5081678536,https://openalex.org/S2485537415,4,0.7946,https://openalex.org/W4385820046;https://openalex.org/W4386634521;https://openalex.org/W4380681924;https://openalex.org/W4382468183
https://openalex.org/A5081678536,https://openalex.org/S2764955546,2,0.7545,https://openalex.org/W4366133584;https://openalex.org/W3175242887
https://openalex.org/A5017601806,https://openalex.org/S17147534,2,0.7369,https://openalex.org/W3005713150;https://openalex.org/W2912097622
https://openalex.org/A5017601806,https://openalex.org/S2764650051,7,0.7906,https://openalex.org/W2791769113;https://openalex.org/W2972483465;https://openalex.org/W2765441486;https://openalex.org/W2980913398;https://openalex.org/W3168290506;https://openalex.org/W2558756233;https://openalex.org/W2980775795
https://openalex.org/A5101788185,https://openalex.org/S2485537415,10,0.8238,https://openalex.org/W2944572808;https://openalex.org/W3036824415;https://openalex.org/W3080987395;https://openalex.org/W2981496336;https://openalex.org/W3042497295;https://openalex.org/W2982289639;https://openalex.org/W2751687058;https://openalex.org/W2915245384;https://openalex.org/W2999829964;https://openalex.org/W3045636645
https://openalex.org/A5100400217,https://openalex.org/S4210192031,5,0.8351,https://openalex.org/W4214680607;https://openalex.org/W4200560608;https://openalex.org/W4229455296;https://openalex.org/W4220782845;https://openalex.org/W4220841746
https://openalex.org/A5100400217,https://openalex.org/S2485537415,4,0.722,https://openalex.org/W3091259128;https://openalex.org/W2796708390;https://openalex.org/W2890087117;https://openalex.org/W2901808438
https://openalex.org/A5033572800,https://openalex.org/S2485537415,3,0.598,https://openalex.org/W4392739260;https://openalex.org/W4405429596;https://openalex.org/W4403721875
https://openalex.org/A5033572800,https://openalex.org/S4210238752,3,0.6088,https://openalex.org/W4390912484;https://openalex.org/W4385415248;https://openalex.org/W4376278741
https://openalex.org/A5033572800,https://openalex.org/S4210197006,2,0.6299,https://openalex.org/W4404120161;https://openalex.org/W4402285022
https://openalex.org/A5033572800,https://openalex.org/S101949793,2,0.877,https://openalex.org/W4387458975;https://openalex.org/W4388228530
https://openalex.org/A5100778202,https://openalex.org/S101949793,3,0.7957,https://openalex.org/W2989930681;https://openalex.org/W2798023626;https://openalex.org/W3080761816
https://openalex.org/A5100778202,https://openalex.org/S43295729,3,0.7638,https://openalex.org/W3162363345;https://openalex.org/W4381617573;https://openalex.org/W4387058568
https://openalex.org/A5061882302,https://openalex.org/S2485537415,8,0.7865,https://openalex.org/W3013177325;https://openalex.org/W4382999039;https://openalex.org/W4318953916;https://openalex.org/W3115308400;https://openalex.org/W3019173729;https://openalex.org/W2949281559;https://openalex.org/W3164681733;https://openalex.org/W2951207323
https://openalex.org/A5061882302,https://openalex.org/S4210205812,2,0.7667,https://openalex.org/W4295814332;https://openalex.org/W4310184971
https://openalex.org/A5065100828,https://openalex.org/S202381698,4,0.7287,https://openalex.org/W2986549997;https://openalex.org/W4319655632;https://openalex.org/W3143418328;https://openalex.org/W3040128587
https://openalex.org/A5065100828,https://openalex.org/S2485537415,2,0.6928,https://openalex.org/W4292971788;https://openalex.org/W2906529600
https://openalex.org/A5009032240,https://openalex.org/S2485537415,6,0.6681,https://openalex.org/W2979803256;https://openalex.org/W2957032429;https://openalex.org/W2789514799;https://openalex.org/W2776547528;https://openalex.org/W2747053033;https://openalex.org/W4206639844
https://openalex.org/A5009032240,https://openalex.org/S101949793,4,0.6872,https://openalex.org/W4396856144;https://openalex.org/W4396855806;https://openalex.org/W4286208776;https://openalex.org/W4385543845
https://openalex.org/A5022865376,https://openalex.org/S4210205812,7,0.7204,https://openalex.org/W3022203235;https://openalex.org/W2973765358;https://openalex.org/W4220883484;https://openalex.org/W3214162883;https://openalex.org/W3095274019;https://openalex.org/W3030373227;https://openalex.org/W2984283053
https://openalex.org/A5022865376,https://openalex.org/S4210178049,2,0.6895,https://openalex.org/W4404965666;https://openalex.org/W4402614667
https://openalex.org/A5108515305,https://openalex.org/S2485537415,3,0.6604,https://openalex.org/W2870240865;https://openalex.org/W2747616430;https://openalex.org/W2890337405
https://openalex.org/A5108515305,https://openalex.org/S101949793,5,0.7406,https://openalex.org/W2997511542;https://openalex.org/W2588222224;https://openalex.org/W2944433629;https://openalex.org/W2610359437;https://openalex.org/W3087245788
https://openalex.org/A5032543777,https://openalex.org/S2485537415,2,0.6663,https://openalex.org/W2760928342;https://openalex.org/W4286539716
https://openalex.org/A5032543777,https://openalex.org/S30889260,3,0.7963,https://openalex.org/W2885108343;https://openalex.org/W2789735085;https://openalex.org/W4309192612
https://openalex.org/A5032543777,https://openalex.org/S3569471,4,0.7868,https://openalex.org/W2902604810;https://openalex.org/W2770846886;https://openalex.org/W4200570495;https://openalex.org/W4309271264
https://openalex.org/A5057625030,https://openalex.org/S4210197006,2,0.7846,https://openalex.org/W3006781240;https://openalex.org/W3113989068
https://openalex.org/A5057625030,https://openalex.org/S4210213891,6,0.7215,https://openalex.org/W2910575305;https://openalex.org/W2905506148;https://openalex.org/W4220855240;https://openalex.org/W2925920795;https://openalex.org/W2967673271;https://openalex.org/W3133820504
https://openalex.org/A5048560390,https://openalex.org/S2485537415,6,0.703,https://openalex.org/W4210843599;https://openalex.org/W4285412986;https://openalex.org/W3203949288;https://openalex.org/W3135582920;https://openalex.org/W3093674982;https://openalex.org/W3166931362
https://openalex.org/A5073483894,https://openalex.org/S4210195431,2,0.7139,https://openalex.org/W4402713323;https://openalex.org/W4285042490
https://openalex.org/A5073483894,https://openalex.org/S64187185,4,0.7869,https://openalex.org/W4298001211;https://openalex.org/W3186679119;https://openalex.org/W4404584849;https://openalex.org/W4391722054
https://openalex.org/A5073483894,https://openalex.org/S196734849,3,0.6809,https://openalex.org/W4382797771;https://openalex.org/W2435090885;https://openalex.org/W4372336638
https://openalex.org/A5041925949,https://openalex.org/S2485537415,5,0.8143,https://openalex.org/W3120655260;https://openalex.org/W3204322605;https://openalex.org/W2974012318;https://openalex.org/W4225921062;https://openalex.org/W4387092410
https://openalex.org/A5041925949,https://openalex.org/S4210178049,3,0.705,https://openalex.org/W4206333944;https://openalex.org/W4281768282;https://openalex.org/W3169992079
https://openalex.org/A5059411618,https://openalex.org/S4210192031,3,0.8203,https://openalex.org/W4399492875;https://openalex.org/W4297477317;https://openalex.org/W3205528911
https://openalex.org/A5059411618,https://openalex.org/S190629608,3,0.8318,https://openalex.org/W2908959496;https://openalex.org/W2905816463;https://openalex.org/W4378906427
https://openalex.org/A5059411618,https://openalex.org/S4210173132,3,0.8195,https://openalex.org/W3133932862;https://openalex.org/W3194046117;https://openalex.org/W4319000683
https://openalex.org/A5059411618,https://openalex.org/S4210205812,2,0.824,https://openalex.org/W3083456615;https://openalex.org/W4383818068
https://openalex.org/A5100424254,https://openalex.org/S107516304,5,0.8113,https://openalex.org/W2729101176;https://openalex.org/W2933414119;https://openalex.org/W3023154087;https://openalex.org/W2913741669;https://openalex.org/W3186975843
https://openalex.org/A5100424254,https://openalex.org/S195231649,2,0.5501,https://openalex.org/W3155820657;https://openalex.org/W2403680833
https://openalex.org/A5100424254,https://openalex.org/S2764650051,2,0.699,https://openalex.org/W3126209695;https://openalex.org/W3209235691
https://openalex.org/A5086422507,https://openalex.org/S196734849,2,0.7443,https://openalex.org/W2589440298;https://openalex.org/W2688138122
https://openalex.org/A5086422507,https://openalex.org/S101949793,2,0.7311,https://openalex.org/W2980444234;https://openalex.org/W3015493230
https://openalex.org/A5086422507,https://openalex.org/S2485537415,3,0.6564,https://openalex.org/W2801760242;https://openalex.org/W2945960961;https://openalex.org/W3084129139
https://openalex.org/A5086422507,https://openalex.org/S195231649,3,0.6422,https://openalex.org/W2761792028;https://openalex.org/W3204170061;https://openalex.org/W2783173653
https://openalex.org/A5040423887,https://openalex.org/S2485537415,11,0.8544,https://openalex.org/W2888630264;https://openalex.org/W3093748630;https://openalex.org/W3206218040;https://openalex.org/W2944145386;https://openalex.org/W3113061480;https://openalex.org/W3160121988;https://openalex.org/W4392081443;https://openalex.org/W4321021769;https://openalex.org/W3206421646;https://openalex.org/W3207854026;https://openalex.org/W2948868247
https://openalex.org/A5053290799,https://openalex.org/S155526855,4,0.8201,https://openalex.org/W2423636506;https://openalex.org/W2906360040;https://openalex.org/W3133919387;https://openalex.org/W2424671613
https://openalex.org/A5053290799,https://openalex.org/S2485537415,4,0.7482,https://openalex.org/W4312312175;https://openalex.org/W4226094293;https://openalex.org/W4290712875;https://openalex.org/W4352977027
https://openalex.org/A5053290799,https://openalex.org/S4210205812,2,0.7219,https://openalex.org/W4362632884;https://openalex.org/W4353070492
https://openalex.org/A5034076483,https://openalex.org/S43295729,9,0.8405,https://openalex.org/W4224929134;https://openalex.org/W4311104691;https://openalex.org/W3185900221;https://openalex.org/W4390269138;https://openalex.org/W4401510266;https://openalex.org/W4220881697;https://openalex.org/W4394693211;https://openalex.org/W4402051652;https://openalex.org/W4289527429
https://openalex.org/A5034076483,https://openalex.org/S101949793,2,0.8633,https://openalex.org/W3095341217;https://openalex.org/W4391344962
https://openalex.org/A5003678045,https://openalex.org/S4210192031,5,0.7707,https://openalex.org/W4289518990;https://openalex.org/W3021979179;https://openalex.org/W4224948165;https://openalex.org/W3145224579;https://openalex.org/W3173914353
https://openalex.org/A5003678045,https://openalex.org/S2485537415,3,0.759,https://openalex.org/W3009100509;https://openalex.org/W3199261671;https://openalex.org/W2969417151
https://openalex.org/A5003678045,https://openalex.org/S4210205812,3,0.6946,https://openalex.org/W2981953956;https://openalex.org/W3018515494;https://openalex.org/W3202630717
https://openalex.org/A5062392764,https://openalex.org/S3035462843,2,0.7011,https://openalex.org/W4394890360;https://openalex.org/W4225397910
https://openalex.org/A5062392764,https://openalex.org/S4210192031,5,0.7736,https://openalex.org/W2996726117;https://openalex.org/W4402515333;https://openalex.org/W4391305339;https://openalex.org/W4393140723;https://openalex.org/W4317434722
https://openalex.org/A5035349875,https://openalex.org/S4210192031,4,0.8395,https://openalex.org/W4311970927;https://openalex.org/W4391603858;https://openalex.org/W4382982102;https://openalex.org/W4309268647
https://openalex.org/A5035349875,https://openalex.org/S190629608,6,0.7775,https://openalex.org/W4224306477;https://openalex.org/W3102399563;https://openalex.org/W4225256524;https://openalex.org/W4322772558;https://openalex.org/W3155251157;https://openalex.org/W4297268548
https://openalex.org/A5047174975,https://openalex.org/S137468011,10,0.6149,https://openalex.org/W2893193648;https://openalex.org/W2894307887;https://openalex.org/W4402911948;https://openalex.org/W2752329648;https://openalex.org/W2892690216;https://openalex.org/W2751492612;https://openalex.org/W2752738059;https://openalex.org/W2892965944;https://openalex.org/W4402905409;https://openalex.org/W4402912273
https://openalex.org/A5045016749,https://openalex.org/S190680769,4,0.6566,https://openalex.org/W2764270061;https://openalex.org/W2128964655;https://openalex.org/W1976479785;https://openalex.org/W2962878096
https://openalex.org/A5045016749,https://openalex.org/S2485537415,2,0.6263,https://openalex.org/W2799126587;https://openalex.org/W3021330142
https://openalex.org/A5091303313,https://openalex.org/S2485537415,7,0.7429,https://openalex.org/W4296079469;https://openalex.org/W4360995349;https://openalex.org/W4404520638;https://openalex.org/W4402915261;https://openalex.org/W4206464561;https://openalex.org/W4402435319;https://openalex.org/W4206680457
https://openalex.org/A5023342042,https://openalex.org/S196734849,2,0.8005,https://openalex.org/W3102053113;https://openalex.org/W2739588406
https://openalex.org/A5023342042,https://openalex.org/S178776955,8,0.7577,https://openalex.org/W2893774004;https://openalex.org/W2890412128;https://openalex.org/W2247926630;https://openalex.org/W2780677803;https://openalex.org/W1784659513;https://openalex.org/W1997779689;https://openalex.org/W2950107380;https://openalex.org/W3014177843
https://openalex.org/A5002900384,https://openalex.org/S4210192031,2,0.6935,https://openalex.org/W4297478335;https://openalex.org/W3213403031
https://openalex.org/A5002900384,https://openalex.org/S2485537415,3,0.6784,https://openalex.org/W4392007333;https://openalex.org/W4389890987;https://openalex.org/W4391341739
https://openalex.org/A5002900384,https://openalex.org/S196734849,2,0.779,https://openalex.org/W4399208718;https://openalex.org/W4404519547
https://openalex.org/A5022576165,https://openalex.org/S202381698,5,0.6712,https://openalex.org/W3011091101;https://openalex.org/W2801599720;https://openalex.org/W4401810156;https://openalex.org/W2193974955;https://openalex.org/W4393028712
https://openalex.org/A5022576165,https://openalex.org/S4210205812,2,0.746,https://openalex.org/W4308527141;https://openalex.org/W4313327571
https://openalex.org/A5101904182,https://openalex.org/S2485537415,7,0.6896,https://openalex.org/W2906498146;https://openalex.org/W3037722013;https://openalex.org/W4205377807;https://openalex.org/W4292387469;https://openalex.org/W4400488009;https://openalex.org/W2785373760;https://openalex.org/W3092527850
https://openalex.org/A5101904182,https://openalex.org/S101949793,3,0.7775,https://openalex.org/W3213237073;https://openalex.org/W2947330499;https://openalex.org/W4281657272
https://openalex.org/A5058813180,https://openalex.org/S2485537415,7,0.6896,https://openalex.org/W2906498146;https://openalex.org/W3037722013;https://openalex.org/W4205377807;https://openalex.org/W4292387469;https://openalex.org/W4400488009;https://openalex.org/W2785373760;https://openalex.org/W3092527850
https://openalex.org/A5058813180,https://openalex.org/S101949793,3,0.7775,https://openalex.org/W3213237073;https://openalex.org/W2947330499;https://openalex.org/W4281657272
https://openalex.org/A5052467896,https://openalex.org/S2729999759,10,0.7341,https://openalex.org/W2963737810;https://openalex.org/W4401208924;https://openalex.org/W2963139548;https://openalex.org/W1940741243;https://openalex.org/W2745986546;https://openalex.org/W2826525850;https://openalex.org/W2955326314;https://openalex.org/W1908676432;https://openalex.org/W2919000501;https://openalex.org/W4385859479
https://openalex.org/A5070901131,https://openalex.org/S4210172076,2,0.7727,https://openalex.org/W4367624810;https://openalex.org/W3179013378
https://openalex.org/A5070901131,https://openalex.org/S4210205812,2,0.6474,https://openalex.org/W4319317753;https://openalex.org/W4220839346
https://openalex.org/A5070901131,https://openalex.org/S4210192031,2,0.6763,https://openalex.org/W4320917617;https://openalex.org/W4308438926
https://openalex.org/A5100404176,https://openalex.org/S4210205812,2,0.6221,https://openalex.org/W4385758684;https://openalex.org/W4307941484
https://openalex.org/A5100404176,https://openalex.org/S2485537415,3,0.5773,https://openalex.org/W3176563191;https://openalex.org/W2967818120;https://openalex.org/W3008286565
https://openalex.org/A5063587446,https://openalex.org/S2485537415,5,0.6508,https://openalex.org/W2785637175;https://openalex.org/W3197078573;https://openalex.org/W2952793289;https://openalex.org/W3021857098;https://openalex.org/W2795584780
https://openalex.org/A5063587446,https://openalex.org/S2898612692,2,0.703,https://openalex.org/W4392302654;https://openalex.org/W4385498246
https://openalex.org/A5027131130,https://openalex.org/S4210205812,3,0.8059,https://openalex.org/W4362608848;https://openalex.org/W3175278125;https://openalex.org/W3210440504
https://openalex.org/A5027131130,https://openalex.org/S2485537415,6,0.6578,https://openalex.org/W4316022120;https://openalex.org/W3194015442;https://openalex.org/W3159463234;https://openalex.org/W4402435320;https://openalex.org/W4394586017;https://openalex.org/W4404627963
https://openalex.org/A5100744043,https://openalex.org/S195231649,3,0.7876,https://openalex.org/W3048073936;https://openalex.org/W2554403121;https://openalex.org/W2951073010
https://openalex.org/A5100744043,https://openalex.org/S2737955091,2,0.645,https://openalex.org/W4401372460;https://openalex.org/W4386692289
https://openalex.org/A5100744043,https://openalex.org/S207319443,2,0.7805,https://openalex.org/W2893237591;https://openalex.org/W2792771958
https://openalex.org/A5100744043,https://openalex.org/S2485537415,2,0.6585,https://openalex.org/W2962213288;https://openalex.org/W2564050097
https://openalex.org/A5074238659,https://openalex.org/S4210178049,3,0.8401,https://openalex.org/W3095609162;https://openalex.org/W3163920200;https://openalex.org/W4205704613
https://openalex.org/A5074238659,https://openalex.org/S2485537415,7,0.6517,https://openalex.org/W3211161246;https://openalex.org/W4380053186;https://openalex.org/W4401906091;https://openalex.org/W4403278121;https://openalex.org/W4385819841;https://openalex.org/W4405305206;https://openalex.org/W4385938193
https://openalex.org/A5100330576,https://openalex.org/S4210205812,2,0.6511,https://openalex.org/W3217299933;https://openalex.org/W4400445742
https://openalex.org/A5100330576,https://openalex.org/S149016011,4,0.8202,https://openalex.org/W4380995532;https://openalex.org/W3208346495;https://openalex.org/W4403390309;https://openalex.org/W4388262459
https://openalex.org/A5103216531,https://openalex.org/S4210205812,2,0.585,https://openalex.org/W4297988752;https://openalex.org/W4313897883
https://openalex.org/A5103216531,https://openalex.org/S2485537415,5,0.6367,https://openalex.org/W2955139424;https://openalex.org/W2807998075;https://openalex.org/W2964536243;https://openalex.org/W2974016341;https://openalex.org/W4399039110
https://openalex.org/A5103216531,https://openalex.org/S101949793,2,0.721,https://openalex.org/W4377041683;https://openalex.org/W4317399185
https://openalex.org/A5037104196,https://openalex.org/S196734849,4,0.8382,https://openalex.org/W2964023233;https://openalex.org/W2955147924;https://openalex.org/W4280516283;https://openalex.org/W4392041340
https://openalex.org/A5037104196,https://openalex.org/S178776955,4,0.8763,https://openalex.org/W3112394437;https://openalex.org/W2973075481;https://openalex.org/W4393161705;https://openalex.org/W4394817436
https://openalex.org/A5020994673,https://openalex.org/S2485537415,8,0.6973,https://openalex.org/W2954521024;https://openalex.org/W2951444698;https://openalex.org/W4388740378;https://openalex.org/W3205522894;https://openalex.org/W4323022342;https://openalex.org/W3091546203;https://openalex.org/W3074656709;https://openalex.org/W4403826735
https://openalex.org/A5100764464,https://openalex.org/S195231649,4,0.7776,https://openalex.org/W3048073936;https://openalex.org/W2554403121;https://openalex.org/W3012976401;https://openalex.org/W2951073010
https://openalex.org/A5100764464,https://openalex.org/S207319443,2,0.7805,https://openalex.org/W2893237591;https://openalex.org/W2792771958
https://openalex.org/A5100764464,https://openalex.org/S2485537415,2,0.6585,https://openalex.org/W2962213288;https://openalex.org/W2564050097
https://openalex.org/A5072292929,https://openalex.org/S101949793,6,0.8221,https://openalex.org/W4224981445;https://openalex.org/W2901247895;https://openalex.org/W4306399422;https://openalex.org/W2911358668;https://openalex.org/W3041068321;https://openalex.org/W4283382211
https://openalex.org/A5072292929,https://openalex.org/S3569471,2,0.907,https://openalex.org/W2746703120;https://openalex.org/W2969430848
https://openalex.org/A5018312503,https://openalex.org/S2485537415,4,0.6809,https://openalex.org/W4384080273;https://openalex.org/W4385976039;https://openalex.org/W2999613663;https://openalex.org/W4388642342
https://openalex.org/A5018312503,https://openalex.org/S101949793,3,0.6706,https://openalex.org/W4224233852;https://openalex.org/W3216833217;https://openalex.org/W4402682102
https://openalex.org/A5020760761,https://openalex.org/S137468011,8,0.6859,https://openalex.org/W2893193648;https://openalex.org/W2894307887;https://openalex.org/W2752329648;https://openalex.org/W4311801366;https://openalex.org/W2751492612;https://openalex.org/W2892965944;https://openalex.org/W2893451095;https://openalex.org/W3198006514
https://openalex.org/A5004094853,https://openalex.org/S2737955091,10,0.7925,https://openalex.org/W4317040541;https://openalex.org/W4381542508;https://openalex.org/W2964551072;https://openalex.org/W4384521853;https://openalex.org/W3033637419;https://openalex.org/W4387578673;https://openalex.org/W2899434936;https://openalex.org/W2990580840;https://openalex.org/W3083683925;https://openalex.org/W3013997935
https://openalex.org/A5038566332,https://openalex.org/S2485537415,2,0.8311,https://openalex.org/W2914373263;https://openalex.org/W3094581989
https://openalex.org/A5038566332,https://openalex.org/S4210177785,4,0.8112,https://openalex.org/W4293578078;https://openalex.org/W4313547826;https://openalex.org/W2901946084;https://openalex.org/W4394900443
https://openalex.org/A5038566332,https://openalex.org/S196734849,3,0.7845,https://openalex.org/W4365447539;https://openalex.org/W4309668563;https://openalex.org/W4391885684
https://openalex.org/A5086127398,https://openalex.org/S4210205812,2,0.8227,https://openalex.org/W4362558246;https://openalex.org/W4327958857
https://openalex.org/A5086127398,https://openalex.org/S2485537415,8,0.7321,https://openalex.org/W4399039431;https://openalex.org/W4399767365;https://openalex.org/W4403863482;https://openalex.org/W4394862833;https://openalex.org/W4213072767;https://openalex.org/W4297094638;https://openalex.org/W4396214746;https://openalex.org/W4394627339
https://openalex.org/A5017532046,https://openalex.org/S4210205812,2,0.8227,https://openalex.org/W4362558246;https://openalex.org/W4327958857
https://openalex.org/A5017532046,https://openalex.org/S2485537415,8,0.7321,https://openalex.org/W4399039431;https://openalex.org/W4399767365;https://openalex.org/W4403863482;https://openalex.org/W4394862833;https://openalex.org/W4213072767;https://openalex.org/W4297094638;https://openalex.org/W4396214746;https://openalex.org/W4394627339
https://openalex.org/A5023802054,https://openalex.org/S2729999759,7,0.7042,https://openalex.org/W3159959439;https://openalex.org/W1539746312;https://openalex.org/W2928406799;https://openalex.org/W3191640844;https://openalex.org/W2963779892;https://openalex.org/W3211758383;https://openalex.org/W2415021352
https://openalex.org/A5023802054,https://openalex.org/S155526855,2,0.6131,https://openalex.org/W2979899153;https://openalex.org/W2755791930
https://openalex.org/A5079704928,https://openalex.org/S4210192031,3,0.7762,https://openalex.org/W4297359831;https://openalex.org/W3182872503;https://openalex.org/W3161796636
https://openalex.org/A5079704928,https://openalex.org/S2485537415,3,0.7449,https://openalex.org/W3203216484;https://openalex.org/W4214936483;https://openalex.org/W3112072862
https://openalex.org/A5079704928,https://openalex.org/S2764413287,2,0.7806,https://openalex.org/W4313855207;https://openalex.org/W4385259378
https://openalex.org/A5071220716,https://openalex.org/S2485537415,3,0.8116,https://openalex.org/W3201449892;https://openalex.org/W4381884092;https://openalex.org/W3188594074
https://openalex.org/A5071220716,https://openalex.org/S4210178049,5,0.7043,https://openalex.org/W3169973903;https://openalex.org/W3139815689;https://openalex.org/W3201752972;https://openalex.org/W4307367874;https://openalex.org/W2977837788
https://openalex.org/A5038830874,https://openalex.org/S196734849,2,0.8005,https://openalex.org/W3102053113;https://openalex.org/W2739588406
https://openalex.org/A5038830874,https://openalex.org/S178776955,8,0.7577,https://openalex.org/W2893774004;https://openalex.org/W2890412128;https://openalex.org/W2247926630;https://openalex.org/W2780677803;https://openalex.org/W1784659513;https://openalex.org/W1997779689;https://openalex.org/W2950107380;https://openalex.org/W3014177843
https://openalex.org/A5051158911,https://openalex.org/S2485537415,6,0.6755,https://openalex.org/W4323338633;https://openalex.org/W4401633921;https://openalex.org/W4402474319;https://openalex.org/W4388240319;https://openalex.org/W4387092483;https://openalex.org/W4394897057
https://openalex.org/A5051158911,https://openalex.org/S4210205812,2,0.7306,https://openalex.org/W4280508117;https://openalex.org/W4306362235
https://openalex.org/A5077398703,https://openalex.org/S4210205812,3,0.6456,https://openalex.org/W4319315936;https://openalex.org/W4361205259;https://openalex.org/W4282599641
https://openalex.org/A5077398703,https://openalex.org/S4210178049,5,0.62,https://openalex.org/W3134310283;https://openalex.org/W4378234117;https://openalex.org/W3169992079;https://openalex.org/W4365514833;https://openalex.org/W4394854260
https://openalex.org/A5075796989,https://openalex.org/S4210205812,2,0.6298,https://openalex.org/W3046500025;https://openalex.org/W4387638421
https://openalex.org/A5075796989,https://openalex.org/S2485537415,3,0.6895,https://openalex.org/W4402345346;https://openalex.org/W4226294265;https://openalex.org/W4392567319
https://openalex.org/A5089033830,https://openalex.org/S2898612692,2,0.738,https://openalex.org/W4402417249;https://openalex.org/W4210444321
https://openalex.org/A5089033830,https://openalex.org/S196734849,2,0.7794,https://openalex.org/W2598344500;https://openalex.org/W4386980335
https://openalex.org/A5089033830,https://openalex.org/S52395412,2,0.8315,https://openalex.org/W3191125769;https://openalex.org/W2801350946
https://openalex.org/A5088478996,https://openalex.org/S4210206423,6,0.8626,https://openalex.org/W4391145932;https://openalex.org/W4387265244;https://openalex.org/W4387873795;https://openalex.org/W4389923272;https://openalex.org/W4324141208;https://openalex.org/W4387265282
https://openalex.org/A5088478996,https://openalex.org/S4210205812,4,0.8301,https://openalex.org/W3083389769;https://openalex.org/W3080812861;https://openalex.org/W3095424117;https://openalex.org/W3127404465
https://openalex.org/A5002227806,https://openalex.org/S4210172076,3,0.7264,https://openalex.org/W4376137927;https://openalex.org/W4365509371;https://openalex.org/W4366211171
https://openalex.org/A5002227806,https://openalex.org/S2485537415,3,0.6275,https://openalex.org/W4388240319;https://openalex.org/W4394897057;https://openalex.org/W4293370708
https://openalex.org/A5100347335,https://openalex.org/S2485537415,2,0.8945,https://openalex.org/W3096229121;https://openalex.org/W3082306581
https://openalex.org/A5100347335,https://openalex.org/S4210205812,2,0.7642,https://openalex.org/W3083456615;https://openalex.org/W3033094340
https://openalex.org/A5100347335,https://openalex.org/S4210192031,5,0.7462,https://openalex.org/W4206944674;https://openalex.org/W3150346602;https://openalex.org/W3211212082;https://openalex.org/W3080479876;https://openalex.org/W3135014068
https://openalex.org/A5101903739,https://openalex.org/S4210192031,8,0.8386,https://openalex.org/W4214680607;https://openalex.org/W4200560608;https://openalex.org/W4229455296;https://openalex.org/W4220782845;https://openalex.org/W4220841746;https://openalex.org/W4223424642;https://openalex.org/W4224233121;https://openalex.org/W4386220601
https://openalex.org/A5030607091,https://openalex.org/S2485537415,6,0.6536,https://openalex.org/W3196543311;https://openalex.org/W4401687235;https://openalex.org/W4391992303;https://openalex.org/W4320713038;https://openalex.org/W4366722841;https://openalex.org/W4400275422
https://openalex.org/A5030607091,https://openalex.org/S4210192031,3,0.7799,https://openalex.org/W4378084995;https://openalex.org/W4380090475;https://openalex.org/W4402494085
https://openalex.org/A5112365916,https://openalex.org/S2485537415,4,0.6297,https://openalex.org/W2950637875;https://openalex.org/W3042758601;https://openalex.org/W3120721003;https://openalex.org/W2902551236
https://openalex.org/A5112365916,https://openalex.org/S101949793,2,0.5489,https://openalex.org/W4404820972;https://openalex.org/W2956437189
https://openalex.org/A5112365916,https://openalex.org/S4210219776,2,0.7812,https://openalex.org/W2617625325;https://openalex.org/W2800866107
https://openalex.org/A5039611523,https://openalex.org/S202381698,2,0.8911,https://openalex.org/W4287509839;https://openalex.org/W4225271273
https://openalex.org/A5039611523,https://openalex.org/S2485537415,4,0.6475,https://openalex.org/W4362514639;https://openalex.org/W3020589325;https://openalex.org/W2804841412;https://openalex.org/W4312565960
https://openalex.org/A5039611523,https://openalex.org/S196734849,2,0.8688,https://openalex.org/W4381190358;https://openalex.org/W4387950318
https://openalex.org/A5025798843,https://openalex.org/S2485537415,3,0.7298,https://openalex.org/W4226094293;https://openalex.org/W3191607794;https://openalex.org/W3188622144
https://openalex.org/A5025798843,https://openalex.org/S4210205812,5,0.7476,https://openalex.org/W4393409810;https://openalex.org/W4362632884;https://openalex.org/W4392548537;https://openalex.org/W4353070492;https://openalex.org/W4386417949
https://openalex.org/A5072192995,https://openalex.org/S4210205812,3,0.7084,https://openalex.org/W4313515819;https://openalex.org/W4307303103;https://openalex.org/W4393142413
https://openalex.org/A5072192995,https://openalex.org/S4210219776,3,0.6855,https://openalex.org/W4390048648;https://openalex.org/W4387639021;https://openalex.org/W4309210809
https://openalex.org/A5036982271,https://openalex.org/S4210192031,2,0.9033,https://openalex.org/W4389043891;https://openalex.org/W2945798006
https://openalex.org/A5042224699,https://openalex.org/S2485537415,3,0.697,https://openalex.org/W2897702399;https://openalex.org/W4313591551;https://openalex.org/W4226520154
https://openalex.org/A5042224699,https://openalex.org/S4210205812,7,0.7169,https://openalex.org/W2969186915;https://openalex.org/W4200104137;https://openalex.org/W3046952038;https://openalex.org/W3084162558;https://openalex.org/W3034106423;https://openalex.org/W3015884803;https://openalex.org/W3210937978
https://openalex.org/A5086909487,https://openalex.org/S4210216316,9,0.8269,https://openalex.org/W4289767071;https://openalex.org/W4289767191;https://openalex.org/W4386211643;https://openalex.org/W4237194859;https://openalex.org/W4232416044;https://openalex.org/W4289767033;https://openalex.org/W3199295391;https://openalex.org/W3201430061;https://openalex.org/W4386211478
https://openalex.org/A5008600046,https://openalex.org/S2738286576,10,0.7666,https://openalex.org/W2605742832;https://openalex.org/W2584449619;https://openalex.org/W2563004430;https://openalex.org/W2953945417;https://openalex.org/W2800993111;https://openalex.org/W2596312875;https://openalex.org/W4386300979;https://openalex.org/W2916824055;https://openalex.org/W2917408344;https://openalex.org/W4285318264
https://openalex.org/A5047489766,https://openalex.org/S2737955091,9,0.7725,https://openalex.org/W4364361380;https://openalex.org/W4387458479;https://openalex.org/W4390547629;https://openalex.org/W3164313670;https://openalex.org/W3094948551;https://openalex.org/W3020873385;https://openalex.org/W4381542508;https://openalex.org/W4384521853;https://openalex.org/W4387578673
https://openalex.org/A5041541232,https://openalex.org/S2485537415,4,0.6707,https://openalex.org/W3011517489;https://openalex.org/W4205437501;https://openalex.org/W4205910703;https://openalex.org/W3011249019
https://openalex.org/A5041541232,https://openalex.org/S4210205812,2,0.6836,https://openalex.org/W4307751734;https://openalex.org/W4387903956
https://openalex.org/A5077500785,https://openalex.org/S2764413287,3,0.8324,https://openalex.org/W3200955720;https://openalex.org/W4292415246;https://openalex.org/W4281622356
https://openalex.org/A5077500785,https://openalex.org/S2485537415,4,0.7281,https://openalex.org/W2899451370;https://openalex.org/W3194118641;https://openalex.org/W3204421630;https://openalex.org/W3093850140
https://openalex.org/A5032971510,https://openalex.org/S52395412,5,0.7353,https://openalex.org/W3044552154;https://openalex.org/W3108030349;https://openalex.org/W3014589900;https://openalex.org/W2955219525;https://openalex.org/W4399305008
https://openalex.org/A5068994330,https://openalex.org/S2485537415,8,0.7016,https://openalex.org/W2745850770;https://openalex.org/W2897982132;https://openalex.org/W3183771288;https://openalex.org/W4390357852;https://openalex.org/W4285104833;https://openalex.org/W2792441346;https://openalex.org/W2513138008;https://openalex.org/W4293812274
https://openalex.org/A5016337773,https://openalex.org/S2485537415,8,0.7016,https://openalex.org/W2745850770;https://openalex.org/W2897982132;https://openalex.org/W3183771288;https://openalex.org/W4390357852;https://openalex.org/W4285104833;https://openalex.org/W2792441346;https://openalex.org/W2513138008;https://openalex.org/W4293812274
https://openalex.org/A5056892202,https://openalex.org/S2485537415,5,0.7116,https://openalex.org/W2874411262;https://openalex.org/W2892952105;https://openalex.org/W4285138359;https://openalex.org/W4399206229;https://openalex.org/W3125997628
https://openalex.org/A5056892202,https://openalex.org/S190680769,3,0.6955,https://openalex.org/W3044170320;https://openalex.org/W4398184193;https://openalex.org/W2917640812
https://openalex.org/A5021827481,https://openalex.org/S2485537415,7,0.7465,https://openalex.org/W2909082165;https://openalex.org/W3013098034;https://openalex.org/W3034124771;https://openalex.org/W3014001067;https://openalex.org/W3097756421;https://openalex.org/W2966396619;https://openalex.org/W3046082810
https://openalex.org/A5028149208,https://openalex.org/S2485537415,4,0.815,https://openalex.org/W3016921356;https://openalex.org/W4292387297;https://openalex.org/W3155222352;https://openalex.org/W3121224937
https://openalex.org/A5028149208,https://openalex.org/S196734849,2,0.8719,https://openalex.org/W4285731199;https://openalex.org/W4296083357
https://openalex.org/A5012051592,https://openalex.org/S4210192031,4,0.7662,https://openalex.org/W4297359831;https://openalex.org/W4283010558;https://openalex.org/W4224310989;https://openalex.org/W3161796636
https://openalex.org/A5012051592,https://openalex.org/S2764413287,2,0.7806,https://openalex.org/W4313855207;https://openalex.org/W4385259378
https://openalex.org/A5100327595,https://openalex.org/S4210205812,4,0.6992,https://openalex.org/W3002072934;https://openalex.org/W4402987846;https://openalex.org/W2740205663;https://openalex.org/W4310043880
https://openalex.org/A5100327595,https://openalex.org/S2485537415,4,0.7505,https://openalex.org/W2903314293;https://openalex.org/W2917001081;https://openalex.org/W3110453189;https://openalex.org/W3119424111
https://openalex.org/A5100460917,https://openalex.org/S4210205812,2,0.7507,https://openalex.org/W3002072934;https://openalex.org/W2740205663
https://openalex.org/A5100460917,https://openalex.org/S190680769,2,0.5855,https://openalex.org/W2899297256;https://openalex.org/W3037168997
https://openalex.org/A5063432011,https://openalex.org/S2485537415,2,0.5762,https://openalex.org/W2913898221;https://openalex.org/W3136777491
https://openalex.org/A5063432011,https://openalex.org/S190680769,2,0.5555,https://openalex.org/W4377136725;https://openalex.org/W3034317390
https://openalex.org/A5063432011,https://openalex.org/S4210205812,3,0.6123,https://openalex.org/W2990351863;https://openalex.org/W2957029894;https://openalex.org/W4387377832
https://openalex.org/A5072469505,https://openalex.org/S4210192031,3,0.7184,https://openalex.org/W4283721511;https://openalex.org/W3209420330;https://openalex.org/W3196202912
https://openalex.org/A5072469505,https://openalex.org/S101949793,2,0.8198,https://openalex.org/W4212966226;https://openalex.org/W4281756816
https://openalex.org/A5100716216,https://openalex.org/S2485537415,3,0.765,https://openalex.org/W2985244827;https://openalex.org/W2981780513;https://openalex.org/W2990288623
https://openalex.org/A5100716216,https://openalex.org/S4210205812,4,0.6988,https://openalex.org/W2986729576;https://openalex.org/W3128071650;https://openalex.org/W2972632927;https://openalex.org/W3009120769
https://openalex.org/A5041175834,https://openalex.org/S4210195431,4,0.7507,https://openalex.org/W3033057983;https://openalex.org/W4400098873;https://openalex.org/W4385381606;https://openalex.org/W2942349565
https://openalex.org/A5041175834,https://openalex.org/S196734849,3,0.806,https://openalex.org/W4323359744;https://openalex.org/W4221077687;https://openalex.org/W3197873762
https://openalex.org/A5041175834,https://openalex.org/S64187185,2,0.6807,https://openalex.org/W3145725122;https://openalex.org/W4220754931
https://openalex.org/A5100361616,https://openalex.org/S2485537415,2,0.7533,https://openalex.org/W3135449691;https://openalex.org/W2971279492
https://openalex.org/A5100361616,https://openalex.org/S4210205812,4,0.6759,https://openalex.org/W4399624201;https://openalex.org/W4403598596;https://openalex.org/W4405322084;https://openalex.org/W4405945031
https://openalex.org/A5004634056,https://openalex.org/S2485537415,9,0.825,https://openalex.org/W2944572808;https://openalex.org/W2982534380;https://openalex.org/W3036824415;https://openalex.org/W3080987395;https://openalex.org/W2981496336;https://openalex.org/W3042497295;https://openalex.org/W2982289639;https://openalex.org/W2999829964;https://openalex.org/W3045636645
https://openalex.org/A5024869142,https://openalex.org/S4210219776,2,0.6943,https://openalex.org/W3198946509;https://openalex.org/W4281827180
https://openalex.org/A5024869142,https://openalex.org/S2485537415,4,0.7114,https://openalex.org/W3048090083;https://openalex.org/W3011580887;https://openalex.org/W3000521887;https://openalex.org/W2967818120
https://openalex.org/A5050956301,https://openalex.org/S196734849,3,0.799,https://openalex.org/W4390946240;https://openalex.org/W4392169359;https://openalex.org/W4323980646
https://openalex.org/A5050956301,https://openalex.org/S4210205812,2,0.593,https://openalex.org/W4361007812;https://openalex.org/W3047189009
https://openalex.org/A5050956301,https://openalex.org/S2898612692,2,0.7994,https://openalex.org/W4388335935;https://openalex.org/W4390604464
https://openalex.org/A5050956301,https://openalex.org/S2485537415,2,0.6449,https://openalex.org/W4400645337;https://openalex.org/W4394896906
https://openalex.org/A5002555209,https://openalex.org/S2485537415,6,0.6536,https://openalex.org/W3196543311;https://openalex.org/W4401687235;https://openalex.org/W4391992303;https://openalex.org/W4320713038;https://openalex.org/W4366722841;https://openalex.org/W4400275422
https://openalex.org/A5002555209,https://openalex.org/S4210192031,2,0.9181,https://openalex.org/W4380090475;https://openalex.org/W4402494085
https://openalex.org/A5047918826,https://openalex.org/S2485537415,3,0.6639,https://openalex.org/W4402124178;https://openalex.org/W3189035319;https://openalex.org/W4391164239
https://openalex.org/A5047918826,https://openalex.org/S4210205812,2,0.693,https://openalex.org/W3213069918;https://openalex.org/W2946660022
https://openalex.org/A5047918826,https://openalex.org/S190680769,2,0.6137,https://openalex.org/W3034317390;https://openalex.org/W4395010367
https://openalex.org/A5014937762,https://openalex.org/S2485537415,6,0.7726,https://openalex.org/W2789609995;https://openalex.org/W2782645050;https://openalex.org/W3089183458;https://openalex.org/W2801577455;https://openalex.org/W2799273965;https://openalex.org/W2775643027
https://openalex.org/A5014937762,https://openalex.org/S4210192031,2,0.7902,https://openalex.org/W4294839683;https://openalex.org/W4283830762
https://openalex.org/A5100333738,https://openalex.org/S2485537415,3,0.7525,https://openalex.org/W2950637875;https://openalex.org/W2986732100;https://openalex.org/W3120721003
https://openalex.org/A5100333738,https://openalex.org/S101949793,2,0.4911,https://openalex.org/W4313889552;https://openalex.org/W4402077544
https://openalex.org/A5100333738,https://openalex.org/S43295729,2,0.7012,https://openalex.org/W4306399550;https://openalex.org/W4400724406
https://openalex.org/A5056801542,https://openalex.org/S107516304,4,0.7283,https://openalex.org/W2939631812;https://openalex.org/W2912435773;https://openalex.org/W4296378036;https://openalex.org/W2947817682
https://openalex.org/A5056801542,https://openalex.org/S2764650051,4,0.7522,https://openalex.org/W3014604514;https://openalex.org/W4313154943;https://openalex.org/W4391452166;https://openalex.org/W3085082762
https://openalex.org/A5069555022,https://openalex.org/S178776955,8,0.7692,https://openalex.org/W2997285242;https://openalex.org/W4388945724;https://openalex.org/W4387185108;https://openalex.org/W3097589053;https://openalex.org/W4394961770;https://openalex.org/W4385497312;https://openalex.org/W4366486265;https://openalex.org/W4396662713
https://openalex.org/A5003897769,https://openalex.org/S4210192031,7,0.8287,https://openalex.org/W3015671042;https://openalex.org/W3123208891;https://openalex.org/W3211628713;https://openalex.org/W4313287682;https://openalex.org/W3190612593;https://openalex.org/W3014321912;https://openalex.org/W4310478570
https://openalex.org/A5072406974,https://openalex.org/S2485537415,2,0.6977,https://openalex.org/W3093915958;https://openalex.org/W3113228036
https://openalex.org/A5072406974,https://openalex.org/S4210192031,5,0.6811,https://openalex.org/W4389921099;https://openalex.org/W4402749543;https://openalex.org/W4400079260;https://openalex.org/W4400884431;https://openalex.org/W4382787607
https://openalex.org/A5030503109,https://openalex.org/S139930977,2,0.8256,https://openalex.org/W4399445636;https://openalex.org/W2963959272
https://openalex.org/A5030503109,https://openalex.org/S2729999759,5,0.6973,https://openalex.org/W1800542977;https://openalex.org/W2919611234;https://openalex.org/W2916601778;https://openalex.org/W4381571632;https://openalex.org/W2765715516
https://openalex.org/A5030503109,https://openalex.org/S155526855,2,0.7378,https://openalex.org/W3141413083;https://openalex.org/W2228837859
https://openalex.org/A5046171235,https://openalex.org/S2764650051,4,0.7439,https://openalex.org/W4210661901;https://openalex.org/W4391910237;https://openalex.org/W4403600390;https://openalex.org/W3212899834
https://openalex.org/A5046171235,https://openalex.org/S196734849,4,0.7273,https://openalex.org/W4389899904;https://openalex.org/W4311585066;https://openalex.org/W4404643973;https://openalex.org/W4403240524
https://openalex.org/A5069376593,https://openalex.org/S2485537415,4,0.7019,https://openalex.org/W4205699222;https://openalex.org/W3103436470;https://openalex.org/W3164361226;https://openalex.org/W4285133160
https://openalex.org/A5069376593,https://openalex.org/S4210192031,2,0.809,https://openalex.org/W4362591590;https://openalex.org/W4323314898
https://openalex.org/A5020078675,https://openalex.org/S4210206423,2,0.8183,https://openalex.org/W4386368669;https://openalex.org/W4396803873
https://openalex.org/A5020078675,https://openalex.org/S4210192031,6,0.8613,https://openalex.org/W3211628713;https://openalex.org/W4313287682;https://openalex.org/W3190612593;https://openalex.org/W4390821117;https://openalex.org/W4403296578;https://openalex.org/W4310478570
https://openalex.org/A5030200514,https://openalex.org/S4210192031,5,0.7707,https://openalex.org/W4289518990;https://openalex.org/W3021979179;https://openalex.org/W4224948165;https://openalex.org/W3145224579;https://openalex.org/W3173914353
https://openalex.org/A5030200514,https://openalex.org/S2485537415,2,0.8413,https://openalex.org/W3009100509;https://openalex.org/W2969417151
https://openalex.org/A5030200514,https://openalex.org/S4210205812,2,0.7711,https://openalex.org/W3018515494;https://openalex.org/W3202630717
https://openalex.org/A5068927261,https://openalex.org/S4511983,9,0.753,https://openalex.org/W2770385327;https://openalex.org/W2285928817;https://openalex.org/W2890802415;https://openalex.org/W2576200800;https://openalex.org/W2964198674;https://openalex.org/W3000641394;https://openalex.org/W2302755143;https://openalex.org/W3183238114;https://openalex.org/W2891124349
https://openalex.org/A5043546864,https://openalex.org/S2485537415,3,0.8271,https://openalex.org/W3014376458;https://openalex.org/W2979306606;https://openalex.org/W2793414864
https://openalex.org/A5043546864,https://openalex.org/S190680769,2,0.8275,https://openalex.org/W3085406059;https://openalex.org/W2980446084
https://openalex.org/A5043546864,https://openalex.org/S207319443,2,0.917,https://openalex.org/W3091830674;https://openalex.org/W3093126388
https://openalex.org/A5043546864,https://openalex.org/S4210192031,2,0.7316,https://openalex.org/W3191427521;https://openalex.org/W4224299188
https://openalex.org/A5060898444,https://openalex.org/S4511983,9,0.8135,https://openalex.org/W3137565960;https://openalex.org/W2884893917;https://openalex.org/W2783371987;https://openalex.org/W2217656535;https://openalex.org/W2297757679;https://openalex.org/W2783385322;https://openalex.org/W2575390451;https://openalex.org/W655583875;https://openalex.org/W2578658214
https://openalex.org/A5102729253,https://openalex.org/S4210219776,3,0.7925,https://openalex.org/W2617625325;https://openalex.org/W2800866107;https://openalex.org/W3003373716
https://openalex.org/A5102729253,https://openalex.org/S2485537415,4,0.7853,https://openalex.org/W3014961314;https://openalex.org/W2904078227;https://openalex.org/W2902551236;https://openalex.org/W3015172951
https://openalex.org/A5081003438,https://openalex.org/S196734849,6,0.8047,https://openalex.org/W2401520370;https://openalex.org/W2885650974;https://openalex.org/W4399795252;https://openalex.org/W4390945377;https://openalex.org/W3082933974;https://openalex.org/W4378173476
https://openalex.org/A5001689290,https://openalex.org/S2764413287,2,0.8579,https://openalex.org/W3200955720;https://openalex.org/W4281622356
https://openalex.org/A5001689290,https://openalex.org/S2485537415,6,0.6985,https://openalex.org/W3155899199;https://openalex.org/W4385288643;https://openalex.org/W2899451370;https://openalex.org/W3194118641;https://openalex.org/W3093850140;https://openalex.org/W3183646120
https://openalex.org/A5025236262,https://openalex.org/S2737955091,2,0.6352,https://openalex.org/W4390906246;https://openalex.org/W4400352977
https://openalex.org/A5025236262,https://openalex.org/S2485537415,3,0.617,https://openalex.org/W4297094728;https://openalex.org/W4387129502;https://openalex.org/W4292825932
https://openalex.org/A5025236262,https://openalex.org/S4210238752,2,0.7477,https://openalex.org/W3198721561;https://openalex.org/W4323360796
https://openalex.org/A5031113286,https://openalex.org/S2485537415,3,0.8665,https://openalex.org/W4206385874;https://openalex.org/W4213364920;https://openalex.org/W4379534373
https://openalex.org/A5031113286,https://openalex.org/S4210192031,2,0.8369,https://openalex.org/W3165636443;https://openalex.org/W3212179065
https://openalex.org/A5031113286,https://openalex.org/S4210206423,2,0.8393,https://openalex.org/W4392125619;https://openalex.org/W4390236313
https://openalex.org/A5079264025,https://openalex.org/S4210192031,3,0.7762,https://openalex.org/W4297359831;https://openalex.org/W3182872503;https://openalex.org/W3161796636
https://openalex.org/A5079264025,https://openalex.org/S2485537415,2,0.6899,https://openalex.org/W3203216484;https://openalex.org/W3112072862
https://openalex.org/A5079264025,https://openalex.org/S2764413287,2,0.7806,https://openalex.org/W4313855207;https://openalex.org/W4385259378
https://openalex.org/A5019566409,https://openalex.org/S202381698,4,0.7846,https://openalex.org/W4302762921;https://openalex.org/W4327684330;https://openalex.org/W3194385280;https://openalex.org/W4307934592
https://openalex.org/A5059302775,https://openalex.org/S2764955546,4,0.7233,https://openalex.org/W4220707319;https://openalex.org/W4292622500;https://openalex.org/W4385258260;https://openalex.org/W4399120824
https://openalex.org/A5059302775,https://openalex.org/S195231649,2,0.6591,https://openalex.org/W3178380536;https://openalex.org/W3155603560
https://openalex.org/A5059302775,https://openalex.org/S4210192031,2,0.7822,https://openalex.org/W4403172187;https://openalex.org/W4396918906
https://openalex.org/A5087976149,https://openalex.org/S4210205812,6,0.6937,https://openalex.org/W3024552337;https://openalex.org/W3179231948;https://openalex.org/W3019334562;https://openalex.org/W3165798215;https://openalex.org/W4280576278;https://openalex.org/W4290704670
https://openalex.org/A5087976149,https://openalex.org/S207319443,2,0.6511,https://openalex.org/W2885291112;https://openalex.org/W3008488987
https://openalex.org/A5100333729,https://openalex.org/S2729999759,5,0.7522,https://openalex.org/W2728982475;https://openalex.org/W2963372751;https://openalex.org/W2559842427;https://openalex.org/W4383220086;https://openalex.org/W3004074269
https://openalex.org/A5100333729,https://openalex.org/S139930977,3,0.7587,https://openalex.org/W4404908682;https://openalex.org/W2605078375;https://openalex.org/W2905950556
https://openalex.org/A5043246042,https://openalex.org/S2485537415,7,0.6761,https://openalex.org/W3139885963;https://openalex.org/W3190520168;https://openalex.org/W4213283716;https://openalex.org/W3197806518;https://openalex.org/W4396941418;https://openalex.org/W3155035060;https://openalex.org/W3155460737
https://openalex.org/A5100740838,https://openalex.org/S4210192031,4,0.8415,https://openalex.org/W4200281614;https://openalex.org/W4306392384;https://openalex.org/W4280575541;https://openalex.org/W4378808318
https://openalex.org/A5100740838,https://openalex.org/S195231649,3,0.8643,https://openalex.org/W3157138286;https://openalex.org/W3196905380;https://openalex.org/W2987889561
https://openalex.org/A5037111537,https://openalex.org/S190680769,2,0.8259,https://openalex.org/W4386636688;https://openalex.org/W4396661154
https://openalex.org/A5037111537,https://openalex.org/S2764413287,2,0.8113,https://openalex.org/W4400939497;https://openalex.org/W4381618600
https://openalex.org/A5037111537,https://openalex.org/S2898612692,2,0.8591,https://openalex.org/W4391848942;https://openalex.org/W4396768492
https://openalex.org/A5037111537,https://openalex.org/S196734849,2,0.8019,https://openalex.org/W4399516591;https://openalex.org/W4361273809
https://openalex.org/A5032563975,https://openalex.org/S4210219776,2,0.8131,https://openalex.org/W2993471286;https://openalex.org/W2844713602
https://openalex.org/A5032563975,https://openalex.org/S2485537415,4,0.6895,https://openalex.org/W4226084339;https://openalex.org/W3013276295;https://openalex.org/W4392543668;https://openalex.org/W4205924007
https://openalex.org/A5023438344,https://openalex.org/S4210177785,4,0.8256,https://openalex.org/W2912250273;https://openalex.org/W2738769391;https://openalex.org/W1961419296;https://openalex.org/W2793249006
https://openalex.org/A5023438344,https://openalex.org/S4210205812,2,0.7693,https://openalex.org/W4386099091;https://openalex.org/W3094697236
https://openalex.org/A5065073668,https://openalex.org/S4511983,9,0.753,https://openalex.org/W2770385327;https://openalex.org/W2285928817;https://openalex.org/W2890802415;https://openalex.org/W2576200800;https://openalex.org/W2964198674;https://openalex.org/W3000641394;https://openalex.org/W2302755143;https://openalex.org/W3183238114;https://openalex.org/W2891124349
https://openalex.org/A5076935774,https://openalex.org/S4210192031,2,0.7054,https://openalex.org/W4366590504;https://openalex.org/W4385948500
https://openalex.org/A5076935774,https://openalex.org/S2485537415,4,0.6098,https://openalex.org/W3160931074;https://openalex.org/W4391164131;https://openalex.org/W2976361422;https://openalex.org/W2910600015
https://openalex.org/A5067133778,https://openalex.org/S2485537415,6,0.7547,https://openalex.org/W4285302878;https://openalex.org/W4285222754;https://openalex.org/W4285817834;https://openalex.org/W3194963579;https://openalex.org/W3094651830;https://openalex.org/W4317795281
https://openalex.org/A5067133778,https://openalex.org/S52395412,2,0.8215,https://openalex.org/W2951364005;https://openalex.org/W3163233738
https://openalex.org/A5100452997,https://openalex.org/S2485537415,3,0.6817,https://openalex.org/W4400679778;https://openalex.org/W4285130930;https://openalex.org/W4364302293
https://openalex.org/A5100452997,https://openalex.org/S4210192031,2,0.5412,https://openalex.org/W4308333450;https://openalex.org/W4362698575
https://openalex.org/A5015564248,https://openalex.org/S4210192031,8,0.83,https://openalex.org/W4390986415;https://openalex.org/W4309090701;https://openalex.org/W4296241628;https://openalex.org/W4386638827;https://openalex.org/W4309312347;https://openalex.org/W4307265273;https://openalex.org/W4377041917;https://openalex.org/W4312127319
https://openalex.org/A5046258353,https://openalex.org/S2485537415,5,0.6614,https://openalex.org/W4400877695;https://openalex.org/W3155222352;https://openalex.org/W3121224937;https://openalex.org/W4393170744;https://openalex.org/W4382447796
https://openalex.org/A5083953277,https://openalex.org/S127898559,4,0.737,https://openalex.org/W1932103198;https://openalex.org/W3157648457;https://openalex.org/W4225624945;https://openalex.org/W2962786672
https://openalex.org/A5083953277,https://openalex.org/S4210192031,2,0.7552,https://openalex.org/W3214155909;https://openalex.org/W3208518480
https://openalex.org/A5083953277,https://openalex.org/S997959834,3,0.7559,https://openalex.org/W2944944934;https://openalex.org/W4205518779;https://openalex.org/W2231848437
https://openalex.org/A5036943629,https://openalex.org/S202381698,2,0.7688,https://openalex.org/W2789946045;https://openalex.org/W2904072913
https://openalex.org/A5036943629,https://openalex.org/S2485537415,3,0.8274,https://openalex.org/W3004373197;https://openalex.org/W2942173686;https://openalex.org/W3108867199
https://openalex.org/A5036943629,https://openalex.org/S34838331,2,0.8559,https://openalex.org/W4362586115;https://openalex.org/W4376274519
https://openalex.org/A5036446253,https://openalex.org/S4210205812,5,0.7637,https://openalex.org/W3204514824;https://openalex.org/W2991396862;https://openalex.org/W4318206869;https://openalex.org/W4313828967;https://openalex.org/W4317436846
https://openalex.org/A5036446253,https://openalex.org/S149016011,4,0.7635,https://openalex.org/W3213996614;https://openalex.org/W3216949461;https://openalex.org/W3209509025;https://openalex.org/W2891144776
https://openalex.org/A5111222692,https://openalex.org/S2729999759,5,0.7515,https://openalex.org/W2779681640;https://openalex.org/W4310854123;https://openalex.org/W2344508595;https://openalex.org/W3031177401;https://openalex.org/W3038817008
https://openalex.org/A5111222692,https://openalex.org/S155526855,3,0.6677,https://openalex.org/W4378193263;https://openalex.org/W2598515261;https://openalex.org/W2295688218
https://openalex.org/A5053900871,https://openalex.org/S43295729,3,0.863,https://openalex.org/W4386251271;https://openalex.org/W4388408041;https://openalex.org/W4399682041
https://openalex.org/A5053900871,https://openalex.org/S101949793,2,0.7582,https://openalex.org/W2588222224;https://openalex.org/W2610359437
https://openalex.org/A5053900871,https://openalex.org/S2485537415,3,0.8266,https://openalex.org/W3038106166;https://openalex.org/W3115285440;https://openalex.org/W2958702578
https://openalex.org/A5101463922,https://openalex.org/S190629608,2,0.5601,https://openalex.org/W3214910743;https://openalex.org/W3193522076
https://openalex.org/A5101463922,https://openalex.org/S2485537415,4,0.6142,https://openalex.org/W3008118770;https://openalex.org/W2901663594;https://openalex.org/W3125378889;https://openalex.org/W2963965172
https://openalex.org/A5101463922,https://openalex.org/S195231649,2,0.5766,https://openalex.org/W4283450937;https://openalex.org/W4284898181
https://openalex.org/A5073134755,https://openalex.org/S2485537415,5,0.7045,https://openalex.org/W2970741249;https://openalex.org/W2984865357;https://openalex.org/W2972730416;https://openalex.org/W2970381480;https://openalex.org/W2970422898
https://openalex.org/A5073134755,https://openalex.org/S4210205812,2,0.6554,https://openalex.org/W4386030172;https://openalex.org/W2972450601
https://openalex.org/A5063459912,https://openalex.org/S4210216316,6,0.6981,https://openalex.org/W3199761854;https://openalex.org/W4289766531;https://openalex.org/W2974599917;https://openalex.org/W3199662701;https://openalex.org/W4386211115;https://openalex.org/W4245378880
https://openalex.org/A5063459912,https://openalex.org/S139930977,2,0.7328,https://openalex.org/W4224923707;https://openalex.org/W3111168006
https://openalex.org/A5101943648,https://openalex.org/S4511983,9,0.8143,https://openalex.org/W2884893917;https://openalex.org/W2783371987;https://openalex.org/W2217656535;https://openalex.org/W2297757679;https://openalex.org/W2783385322;https://openalex.org/W2575390451;https://openalex.org/W655583875;https://openalex.org/W2299731084;https://openalex.org/W2578658214
https://openalex.org/A5044244385,https://openalex.org/S4210197006,2,0.7846,https://openalex.org/W3006781240;https://openalex.org/W3113989068
https://openalex.org/A5044244385,https://openalex.org/S4210213891,5,0.7162,https://openalex.org/W2910575305;https://openalex.org/W2905506148;https://openalex.org/W4220855240;https://openalex.org/W2925920795;https://openalex.org/W2967673271
https://openalex.org/A5044015235,https://openalex.org/S2485537415,4,0.705,https://openalex.org/W3090154305;https://openalex.org/W3035269559;https://openalex.org/W3193740800;https://openalex.org/W3198331626
https://openalex.org/A5044015235,https://openalex.org/S4210205812,3,0.7234,https://openalex.org/W3124821295;https://openalex.org/W3159506165;https://openalex.org/W4225697732
https://openalex.org/A5072946826,https://openalex.org/S4210177785,5,0.7927,https://openalex.org/W2900654702;https://openalex.org/W2753870844;https://openalex.org/W3086460552;https://openalex.org/W3092985612;https://openalex.org/W4404421156
https://openalex.org/A5041757523,https://openalex.org/S2485537415,5,0.6586,https://openalex.org/W3171302872;https://openalex.org/W4385287507;https://openalex.org/W3217119495;https://openalex.org/W4392173886;https://openalex.org/W4392667218
https://openalex.org/A5100610130,https://openalex.org/S2764650051,4,0.794,https://openalex.org/W2578385481;https://openalex.org/W2592665192;https://openalex.org/W2910420059;https://openalex.org/W3127166591
https://openalex.org/A5100610130,https://openalex.org/S196734849,2,0.6051,https://openalex.org/W4313251323;https://openalex.org/W4396694063
https://openalex.org/A5051178997,https://openalex.org/S2485537415,3,0.7118,https://openalex.org/W2784168210;https://openalex.org/W2500334081;https://openalex.org/W2414393820
https://openalex.org/A5051178997,https://openalex.org/S107516304,3,0.7642,https://openalex.org/W3212055541;https://openalex.org/W3081791105;https://openalex.org/W4388035001
https://openalex.org/A5100394046,https://openalex.org/S4210205812,2,0.7507,https://openalex.org/W3002072934;https://openalex.org/W2740205663
https://openalex.org/A5100394046,https://openalex.org/S2729999759,3,0.701,https://openalex.org/W2548036585;https://openalex.org/W3157245170;https://openalex.org/W4386488909
https://openalex.org/A5100394046,https://openalex.org/S2485537415,3,0.7185,https://openalex.org/W2903314293;https://openalex.org/W2917001081;https://openalex.org/W3110453189
https://openalex.org/A5039508726,https://openalex.org/S4210205812,2,0.8578,https://openalex.org/W4200566850;https://openalex.org/W4220897912
https://openalex.org/A5039508726,https://openalex.org/S4210228075,2,0.6663,https://openalex.org/W4388660912;https://openalex.org/W2980326204
https://openalex.org/A5108139013,https://openalex.org/S2485537415,8,0.7845,https://openalex.org/W4323338633;https://openalex.org/W4385288643;https://openalex.org/W4226523368;https://openalex.org/W4386275771;https://openalex.org/W3035533770;https://openalex.org/W4386432304;https://openalex.org/W3048536933;https://openalex.org/W2991479668
https://openalex.org/A5031054535,https://openalex.org/S2485537415,5,0.7105,https://openalex.org/W4323338633;https://openalex.org/W4385288643;https://openalex.org/W4226523368;https://openalex.org/W4386432304;https://openalex.org/W4285273143
https://openalex.org/A5031054535,https://openalex.org/S4210206423,2,0.694,https://openalex.org/W4388331693;https://openalex.org/W4382134261
https://openalex.org/A5067039459,https://openalex.org/S4210192031,6,0.8173,https://openalex.org/W4293162690;https://openalex.org/W4303856673;https://openalex.org/W4323312983;https://openalex.org/W4309786545;https://openalex.org/W4229376346;https://openalex.org/W4304806451
https://openalex.org/A5078484420,https://openalex.org/S4210205812,3,0.8565,https://openalex.org/W3083389769;https://openalex.org/W3095424117;https://openalex.org/W3127404465
https://openalex.org/A5078484420,https://openalex.org/S4210206423,3,0.8546,https://openalex.org/W4387265244;https://openalex.org/W4386099549;https://openalex.org/W4387873795
https://openalex.org/A5100393880,https://openalex.org/S2485537415,4,0.6534,https://openalex.org/W2528570538;https://openalex.org/W4403181863;https://openalex.org/W3082944873;https://openalex.org/W4392399527
https://openalex.org/A5027367677,https://openalex.org/S2485537415,7,0.6779,https://openalex.org/W2968699891;https://openalex.org/W2967532333;https://openalex.org/W3008441132;https://openalex.org/W2910165910;https://openalex.org/W2960586030;https://openalex.org/W2979615786;https://openalex.org/W2989706969
https://openalex.org/A5055227045,https://openalex.org/S2485537415,6,0.8445,https://openalex.org/W3096229121;https://openalex.org/W3016683387;https://openalex.org/W3033057870;https://openalex.org/W3082306581;https://openalex.org/W3023596779;https://openalex.org/W3026649003
https://openalex.org/A5055227045,https://openalex.org/S196734849,2,0.7613,https://openalex.org/W4381190182;https://openalex.org/W4399208718
https://openalex.org/A5078003862,https://openalex.org/S4210195431,3,0.7703,https://openalex.org/W3211201308;https://openalex.org/W4404259974;https://openalex.org/W3075432525
https://openalex.org/A5026473778,https://openalex.org/S2485537415,6,0.6967,https://openalex.org/W2924610876;https://openalex.org/W4386275771;https://openalex.org/W4389633789;https://openalex.org/W4397026385;https://openalex.org/W3131836387;https://openalex.org/W2895940773
https://openalex.org/A5087329042,https://openalex.org/S2485537415,5,0.7344,https://openalex.org/W2988544408;https://openalex.org/W2969214718;https://openalex.org/W3011402415;https://openalex.org/W2886334544;https://openalex.org/W2967920509
https://openalex.org/A5087329042,https://openalex.org/S101949793,2,0.872,https://openalex.org/W2441673353;https://openalex.org/W2553084692
https://openalex.org/A5060630586,https://openalex.org/S2485537415,5,0.8044,https://openalex.org/W3002006595;https://openalex.org/W3019510337;https://openalex.org/W2980477689;https://openalex.org/W3001441057;https://openalex.org/W2996398454
https://openalex.org/A5060630586,https://openalex.org/S101949793,3,0.7943,https://openalex.org/W2793314072;https://openalex.org/W2884678912;https://openalex.org/W3092756264
https://openalex.org/A5063015203,https://openalex.org/S4210177785,8,0.8138,https://openalex.org/W3149029499;https://openalex.org/W4376875647;https://openalex.org/W2606888570;https://openalex.org/W4403262530;https://openalex.org/W4394823076;https://openalex.org/W3091885231;https://openalex.org/W3048100079;https://openalex.org/W3092985612
https://openalex.org/A5021055773,https://openalex.org/S2729999759,6,0.7338,https://openalex.org/W2302963717;https://openalex.org/W4406237254;https://openalex.org/W2114590102;https://openalex.org/W4385859649;https://openalex.org/W4390075256;https://openalex.org/W3128754101
https://openalex.org/A5021055773,https://openalex.org/S155526855,2,1.0,https://openalex.org/W4383533118;https://openalex.org/W4381432831
https://openalex.org/A5005190949,https://openalex.org/S2485537415,7,0.7553,https://openalex.org/W4403447496;https://openalex.org/W4387247611;https://openalex.org/W4391697020;https://openalex.org/W4312922690;https://openalex.org/W4306309387;https://openalex.org/W4390738506;https://openalex.org/W3006860488
https://openalex.org/A5101706871,https://openalex.org/S43295729,3,0.7625,https://openalex.org/W4303980686;https://openalex.org/W4385603047;https://openalex.org/W4229371957
https://openalex.org/A5101706871,https://openalex.org/S3569471,2,0.8192,https://openalex.org/W2351740472;https://openalex.org/W4400302386
https://openalex.org/A5015201875,https://openalex.org/S4210192031,5,0.726,https://openalex.org/W4283825665;https://openalex.org/W4311111663;https://openalex.org/W4210744365;https://openalex.org/W3202596486;https://openalex.org/W4281673962
https://openalex.org/A5015201875,https://openalex.org/S2485537415,3,0.6317,https://openalex.org/W4400229077;https://openalex.org/W4400679572;https://openalex.org/W3197363096
https://openalex.org/A5102886212,https://openalex.org/S2729999759,7,0.7559,https://openalex.org/W2302963717;https://openalex.org/W2888296173;https://openalex.org/W4226059645;https://openalex.org/W4313459318;https://openalex.org/W4398757454;https://openalex.org/W4394647506;https://openalex.org/W2919611234
https://openalex.org/A5100378893,https://openalex.org/S101949793,4,0.6954,https://openalex.org/W3015674079;https://openalex.org/W2743826023;https://openalex.org/W2605919849;https://openalex.org/W2753418768
https://openalex.org/A5100378893,https://openalex.org/S2485537415,3,0.6966,https://openalex.org/W2890719396;https://openalex.org/W2972305133;https://openalex.org/W2897313695
https://openalex.org/A5056251028,https://openalex.org/S43295729,2,0.8752,https://openalex.org/W2945641879;https://openalex.org/W2950731991
https://openalex.org/A5056251028,https://openalex.org/S2485537415,2,0.722,https://openalex.org/W3082467335;https://openalex.org/W4382468183
https://openalex.org/A5056251028,https://openalex.org/S4210192031,3,0.8275,https://openalex.org/W3208021954;https://openalex.org/W3093463563;https://openalex.org/W3200802697
https://openalex.org/A5084703478,https://openalex.org/S107516304,2,0.8131,https://openalex.org/W4404513319;https://openalex.org/W4395675278
https://openalex.org/A5084703478,https://openalex.org/S2898612692,2,0.821,https://openalex.org/W4404723553;https://openalex.org/W4394859574
https://openalex.org/A5084703478,https://openalex.org/S2485537415,2,0.6085,https://openalex.org/W4393066138;https://openalex.org/W2914111352
https://openalex.org/A5051597671,https://openalex.org/S52395412,3,0.7777,https://openalex.org/W4210493972;https://openalex.org/W4385647457;https://openalex.org/W4403113340
https://openalex.org/A5051597671,https://openalex.org/S19032547,3,0.7504,https://openalex.org/W3042805419;https://openalex.org/W4220988961;https://openalex.org/W3087252502
https://openalex.org/A5101801149,https://openalex.org/S2485537415,3,0.6904,https://openalex.org/W3113434025;https://openalex.org/W3170720946;https://openalex.org/W3016415057
https://openalex.org/A5101801149,https://openalex.org/S202381698,2,0.8353,https://openalex.org/W3043660832;https://openalex.org/W4297258920
https://openalex.org/A5056445813,https://openalex.org/S2485537415,3,0.7144,https://openalex.org/W4392007333;https://openalex.org/W4386088239;https://openalex.org/W4403095871
https://openalex.org/A5000506517,https://openalex.org/S2485537415,2,0.761,https://openalex.org/W4312792162;https://openalex.org/W4386825098
https://openalex.org/A5000506517,https://openalex.org/S4210192031,3,0.7315,https://openalex.org/W4404669524;https://openalex.org/W3043999936;https://openalex.org/W3033034218
https://openalex.org/A5004131475,https://openalex.org/S2485537415,2,0.6087,https://openalex.org/W4394773586;https://openalex.org/W4393170744
https://openalex.org/A5004131475,https://openalex.org/S4210192031,4,0.639,https://openalex.org/W4224264214;https://openalex.org/W4366283377;https://openalex.org/W4281766122;https://openalex.org/W4377091082
https://openalex.org/A5009400840,https://openalex.org/S2485537415,4,0.7363,https://openalex.org/W4394676691;https://openalex.org/W4391984060;https://openalex.org/W3114543730;https://openalex.org/W3002474999
https://openalex.org/A5009400840,https://openalex.org/S4210178049,3,0.6773,https://openalex.org/W4311376210;https://openalex.org/W4386292370;https://openalex.org/W4389954868
https://openalex.org/A5055864641,https://openalex.org/S4210219776,7,0.7514,https://openalex.org/W4389131500;https://openalex.org/W4280571180;https://openalex.org/W2902508773;https://openalex.org/W2970294104;https://openalex.org/W4212930502;https://openalex.org/W4283517429;https://openalex.org/W4280528097
https://openalex.org/A5085432173,https://openalex.org/S3035462843,2,0.6555,https://openalex.org/W2744012164;https://openalex.org/W2789171032
https://openalex.org/A5085432173,https://openalex.org/S2485537415,3,0.6702,https://openalex.org/W2922490081;https://openalex.org/W4403722529;https://openalex.org/W3083459786
https://openalex.org/A5085432173,https://openalex.org/S196734849,2,0.7176,https://openalex.org/W4403996454;https://openalex.org/W2560386667
https://openalex.org/A5068803942,https://openalex.org/S2485537415,4,0.7145,https://openalex.org/W4392151785;https://openalex.org/W4388207226;https://openalex.org/W4401452685;https://openalex.org/W4405754382
https://openalex.org/A5068803942,https://openalex.org/S196734849,2,0.5954,https://openalex.org/W4395667411;https://openalex.org/W4404207215
https://openalex.org/A5073627176,https://openalex.org/S2485537415,3,0.7003,https://openalex.org/W4396982300;https://openalex.org/W4384519460;https://openalex.org/W4403446803
https://openalex.org/A5073627176,https://openalex.org/S34838331,3,0.681,https://openalex.org/W4212804285;https://openalex.org/W4382812356;https://openalex.org/W4321253219
https://openalex.org/A5050004899,https://openalex.org/S107516304,4,0.7131,https://openalex.org/W3041935397;https://openalex.org/W2939631812;https://openalex.org/W4296378036;https://openalex.org/W2947817682
https://openalex.org/A5050004899,https://openalex.org/S2485537415,2,0.5978,https://openalex.org/W2904685147;https://openalex.org/W2969482165
https://openalex.org/A5050630882,https://openalex.org/S2485537415,6,0.6704,https://openalex.org/W4396680754;https://openalex.org/W2948059343;https://openalex.org/W2916786737;https://openalex.org/W2954315015;https://openalex.org/W4387682162;https://openalex.org/W3092215047
https://openalex.org/A5050630882,https://openalex.org/S43295729,2,0.6366,https://openalex.org/W4214590841;https://openalex.org/W4381166207
https://openalex.org/A5100398353,https://openalex.org/S43295729,4,0.7455,https://openalex.org/W3206814941;https://openalex.org/W4405781694;https://openalex.org/W4392699364;https://openalex.org/W4404040489
https://openalex.org/A5017078676,https://openalex.org/S101949793,3,0.8046,https://openalex.org/W2567290379;https://openalex.org/W3040832679;https://openalex.org/W2116041897
https://openalex.org/A5017078676,https://openalex.org/S195231649,3,0.8643,https://openalex.org/W3157138286;https://openalex.org/W3196905380;https://openalex.org/W2987889561
https://openalex.org/A5100419643,https://openalex.org/S2485537415,5,0.7071,https://openalex.org/W3106756765;https://openalex.org/W3096072226;https://openalex.org/W3034997295;https://openalex.org/W2998984271;https://openalex.org/W2979137222
https://openalex.org/A5100419643,https://openalex.org/S2764955546,3,0.7478,https://openalex.org/W4312158063;https://openalex.org/W4293066358;https://openalex.org/W4294946194
https://openalex.org/A5044103045,https://openalex.org/S2485537415,5,0.7071,https://openalex.org/W3106756765;https://openalex.org/W3096072226;https://openalex.org/W3034997295;https://openalex.org/W2998984271;https://openalex.org/W2979137222
https://openalex.org/A5044103045,https://openalex.org/S2764955546,3,0.7478,https://openalex.org/W4312158063;https://openalex.org/W4293066358;https://openalex.org/W4294946194
https://openalex.org/A5081644845,https://openalex.org/S202381698,2,0.7544,https://openalex.org/W310056822;https://openalex.org/W2884755930
https://openalex.org/A5081644845,https://openalex.org/S2485537415,5,0.685,https://openalex.org/W3005999566;https://openalex.org/W2883115548;https://openalex.org/W3129123111;https://openalex.org/W2955986943;https://openalex.org/W2901663594
https://openalex.org/A5088517824,https://openalex.org/S2729999759,6,0.683,https://openalex.org/W2973080442;https://openalex.org/W3093421262;https://openalex.org/W4290994975;https://openalex.org/W4381803920;https://openalex.org/W2344508595;https://openalex.org/W3156509887
https://openalex.org/A5088517824,https://openalex.org/S155526855,2,0.7694,https://openalex.org/W2598515261;https://openalex.org/W3013966413
https://openalex.org/A5086193689,https://openalex.org/S4210205812,2,0.8093,https://openalex.org/W3175278125;https://openalex.org/W3210440504
https://openalex.org/A5086193689,https://openalex.org/S2485537415,5,0.6845,https://openalex.org/W4316022120;https://openalex.org/W3194015442;https://openalex.org/W3159463234;https://openalex.org/W4402435320;https://openalex.org/W4394586017
https://openalex.org/A5100696824,https://openalex.org/S2485537415,2,0.8101,https://openalex.org/W2807933273;https://openalex.org/W2593217248
https://openalex.org/A5059538784,https://openalex.org/S202381698,2,0.8911,https://openalex.org/W4287509839;https://openalex.org/W4225271273
https://openalex.org/A5059538784,https://openalex.org/S2485537415,2,0.9121,https://openalex.org/W4362514639;https://openalex.org/W4312565960
https://openalex.org/A5059538784,https://openalex.org/S196734849,3,0.8522,https://openalex.org/W4400401916;https://openalex.org/W4381190358;https://openalex.org/W4387950318
https://openalex.org/A5100385138,https://openalex.org/S4210192031,3,0.8982,https://openalex.org/W4391822640;https://openalex.org/W4394581391;https://openalex.org/W4399046940
https://openalex.org/A5100385138,https://openalex.org/S202381698,2,0.7605,https://openalex.org/W2884150790;https://openalex.org/W3102464805
https://openalex.org/A5100385138,https://openalex.org/S2485537415,2,0.702,https://openalex.org/W2889792925;https://openalex.org/W2897402719
https://openalex.org/A5068039203,https://openalex.org/S2485537415,3,0.7003,https://openalex.org/W4396982300;https://openalex.org/W4384519460;https://openalex.org/W4403446803
https://openalex.org/A5068039203,https://openalex.org/S34838331,3,0.681,https://openalex.org/W4212804285;https://openalex.org/W4382812356;https://openalex.org/W4321253219
https://openalex.org/A5077832834,https://openalex.org/S2485537415,6,0.6602,https://openalex.org/W3134640979;https://openalex.org/W3111969164;https://openalex.org/W4313175264;https://openalex.org/W4399344971;https://openalex.org/W3120965060;https://openalex.org/W3127024293
https://openalex.org/A5003799782,https://openalex.org/S2485537415,4,0.7328,https://openalex.org/W4205806143;https://openalex.org/W2802898945;https://openalex.org/W2947485030;https://openalex.org/W3093966064
https://openalex.org/A5003799782,https://openalex.org/S4511983,2,0.785,https://openalex.org/W2576704056;https://openalex.org/W2592132130
https://openalex.org/A5022836666,https://openalex.org/S2595095599,2,0.7495,https://openalex.org/W2996443676;https://openalex.org/W4300818856
https://openalex.org/A5022836666,https://openalex.org/S202381698,5,0.7358,https://openalex.org/W2895001844;https://openalex.org/W2517464449;https://openalex.org/W2883344759;https://openalex.org/W2471648397;https://openalex.org/W3085184538
https://openalex.org/A5016345745,https://openalex.org/S2485537415,2,0.6332,https://openalex.org/W2797089620;https://openalex.org/W4404563177
https://openalex.org/A5016345745,https://openalex.org/S4210205812,2,0.8721,https://openalex.org/W3185712843;https://openalex.org/W3185562385
https://openalex.org/A5016345745,https://openalex.org/S4210213891,2,0.6899,https://openalex.org/W4280623296;https://openalex.org/W3135647274
https://openalex.org/A5088522517,https://openalex.org/S4511983,8,0.7421,https://openalex.org/W2770385327;https://openalex.org/W2285928817;https://openalex.org/W2890802415;https://openalex.org/W2576200800;https://openalex.org/W2964198674;https://openalex.org/W3000641394;https://openalex.org/W3183238114;https://openalex.org/W2891124349
https://openalex.org/A5070522496,https://openalex.org/S190629608,2,0.744,https://openalex.org/W2944025081;https://openalex.org/W4394962065
https://openalex.org/A5070522496,https://openalex.org/S2485537415,2,0.7292,https://openalex.org/W4402436494;https://openalex.org/W3136777491
https://openalex.org/A5086718724,https://openalex.org/S101949793,7,0.7391,https://openalex.org/W4288053831;https://openalex.org/W2939399986;https://openalex.org/W4205341374;https://openalex.org/W3196962087;https://openalex.org/W4211050207;https://openalex.org/W4211260356;https://openalex.org/W3132667007
https://openalex.org/A5000760919,https://openalex.org/S4210192031,4,0.7604,https://openalex.org/W4289518990;https://openalex.org/W3021979179;https://openalex.org/W4224948165;https://openalex.org/W3145224579
https://openalex.org/A5000760919,https://openalex.org/S2485537415,2,0.8413,https://openalex.org/W3009100509;https://openalex.org/W2969417151
https://openalex.org/A5000760919,https://openalex.org/S4210205812,2,0.7711,https://openalex.org/W3018515494;https://openalex.org/W3202630717
https://openalex.org/A5035659737,https://openalex.org/S190629608,7,0.7352,https://openalex.org/W3014848791;https://openalex.org/W3155251157;https://openalex.org/W4224306477;https://openalex.org/W3102399563;https://openalex.org/W4296638813;https://openalex.org/W4225256524;https://openalex.org/W3015791334
https://openalex.org/A5065389686,https://openalex.org/S4511983,8,0.7488,https://openalex.org/W2602608313;https://openalex.org/W2342212198;https://openalex.org/W358923722;https://openalex.org/W2895863872;https://openalex.org/W2737373984;https://openalex.org/W3043587427;https://openalex.org/W2615393870;https://openalex.org/W2989821223
https://openalex.org/A5110307562,https://openalex.org/S4511983,8,0.8601,https://openalex.org/W2342212198;https://openalex.org/W3138590856;https://openalex.org/W358923722;https://openalex.org/W2895863872;https://openalex.org/W2737373984;https://openalex.org/W2615393870;https://openalex.org/W2593473355;https://openalex.org/W2989821223
https://openalex.org/A5070839197,https://openalex.org/S2738286576,6,0.7461,https://openalex.org/W2586762602;https://openalex.org/W2912844939;https://openalex.org/W2778787772;https://openalex.org/W2781541156;https://openalex.org/W4285318515;https://openalex.org/W2954788896
https://openalex.org/A5080116611,https://openalex.org/S107516304,4,0.7769,https://openalex.org/W2927032858;https://openalex.org/W2992706359;https://openalex.org/W2926258680;https://openalex.org/W4284698419
https://openalex.org/A5080116611,https://openalex.org/S4210195431,2,0.6378,https://openalex.org/W4393335480;https://openalex.org/W4282932819
https://openalex.org/A5080116611,https://openalex.org/S2764650051,2,0.7335,https://openalex.org/W2891377710;https://openalex.org/W3094834348
https://openalex.org/A5036808970,https://openalex.org/S2485537415,5,0.7775,https://openalex.org/W4296079469;https://openalex.org/W4210242534;https://openalex.org/W4360995349;https://openalex.org/W4400524829;https://openalex.org/W4390659221
https://openalex.org/A5036808970,https://openalex.org/S4210219776,2,0.7862,https://openalex.org/W4401889742;https://openalex.org/W4404756614
https://openalex.org/A5107205316,https://openalex.org/S2485537415,3,0.6239,https://openalex.org/W4210804765;https://openalex.org/W4387010460;https://openalex.org/W4386903110
https://openalex.org/A5107205316,https://openalex.org/S195231649,2,0.606,https://openalex.org/W4394766905;https://openalex.org/W4394912258
https://openalex.org/A5107205316,https://openalex.org/S202381698,2,0.8377,https://openalex.org/W3049565363;https://openalex.org/W4399907508
https://openalex.org/A5030951014,https://openalex.org/S107516304,3,0.7125,https://openalex.org/W2906694199;https://openalex.org/W3150295779;https://openalex.org/W2884820193
https://openalex.org/A5030951014,https://openalex.org/S2764650051,2,0.7234,https://openalex.org/W3095642204;https://openalex.org/W3109225475
https://openalex.org/A5079830710,https://openalex.org/S64187185,2,0.8266,https://openalex.org/W4313197653;https://openalex.org/W4313596643
https://openalex.org/A5079830710,https://openalex.org/S178776955,6,0.7546,https://openalex.org/W4300773178;https://openalex.org/W4309837619;https://openalex.org/W2953467609;https://openalex.org/W4389146929;https://openalex.org/W4313589600;https://openalex.org/W3112727026
https://openalex.org/A5038483169,https://openalex.org/S178776955,5,0.7996,https://openalex.org/W2461912595;https://openalex.org/W2970661949;https://openalex.org/W2797755165;https://openalex.org/W2954166952;https://openalex.org/W4385700150
https://openalex.org/A5038483169,https://openalex.org/S2485537415,3,0.792,https://openalex.org/W2899411601;https://openalex.org/W3057364895;https://openalex.org/W2970087902
https://openalex.org/A5018549351,https://openalex.org/S2485537415,7,0.6287,https://openalex.org/W3126165211;https://openalex.org/W4386608905;https://openalex.org/W3177283294;https://openalex.org/W4388666591;https://openalex.org/W4383219984;https://openalex.org/W4388450982;https://openalex.org/W4388240286
https://openalex.org/A5077316017,https://openalex.org/S202381698,5,0.7837,https://openalex.org/W2898181981;https://openalex.org/W4362521891;https://openalex.org/W2802704833;https://openalex.org/W2800101573;https://openalex.org/W4405092228
https://openalex.org/A5063747030,https://openalex.org/S2485537415,2,0.5678,https://openalex.org/W3176558250;https://openalex.org/W4391164281
https://openalex.org/A5063747030,https://openalex.org/S4210178049,2,0.6956,https://openalex.org/W4224305765;https://openalex.org/W4393312517
https://openalex.org/A5074611837,https://openalex.org/S178776955,5,0.7996,https://openalex.org/W2461912595;https://openalex.org/W2970661949;https://openalex.org/W2797755165;https://openalex.org/W2954166952;https://openalex.org/W4385700150
https://openalex.org/A5074611837,https://openalex.org/S2485537415,3,0.792,https://openalex.org/W2899411601;https://openalex.org/W3057364895;https://openalex.org/W2970087902
https://openalex.org/A5062211930,https://openalex.org/S2485537415,2,0.6158,https://openalex.org/W2540642777;https://openalex.org/W3120443952
https://openalex.org/A5053001881,https://openalex.org/S2485537415,6,0.8,https://openalex.org/W2945604238;https://openalex.org/W3127992692;https://openalex.org/W4312297640;https://openalex.org/W2909168904;https://openalex.org/W3106949767;https://openalex.org/W2956079228
https://openalex.org/A5018880253,https://openalex.org/S190629608,2,0.7941,https://openalex.org/W2751766815;https://openalex.org/W2905816463
https://openalex.org/A5018880253,https://openalex.org/S4210173132,2,0.7911,https://openalex.org/W3133932862;https://openalex.org/W4390467714
https://openalex.org/A5018880253,https://openalex.org/S4210192031,2,0.8484,https://openalex.org/W3205528911;https://openalex.org/W4405722549
https://openalex.org/A5067907286,https://openalex.org/S2485537415,2,0.8451,https://openalex.org/W4312834201;https://openalex.org/W4213003514
https://openalex.org/A5067907286,https://openalex.org/S4210192031,3,0.8125,https://openalex.org/W3200802697;https://openalex.org/W4223501034;https://openalex.org/W4308547918
https://openalex.org/A5083081872,https://openalex.org/S64187185,2,0.7079,https://openalex.org/W4404486407;https://openalex.org/W4387397186
https://openalex.org/A5083081872,https://openalex.org/S52395412,2,0.8858,https://openalex.org/W4393094733;https://openalex.org/W4376274483
https://openalex.org/A5039672587,https://openalex.org/S3569471,2,0.7901,https://openalex.org/W2797321382;https://openalex.org/W2799984735
https://openalex.org/A5039672587,https://openalex.org/S2485537415,2,0.5786,https://openalex.org/W3042758601;https://openalex.org/W3210590238
https://openalex.org/A5039672587,https://openalex.org/S101949793,2,0.7272,https://openalex.org/W3214060465;https://openalex.org/W2956437189
https://openalex.org/A5079320233,https://openalex.org/S4210172076,2,0.8981,https://openalex.org/W3217179860;https://openalex.org/W3207635813
https://openalex.org/A5079320233,https://openalex.org/S4210177785,4,0.8563,https://openalex.org/W2780025726;https://openalex.org/W2906465680;https://openalex.org/W3200021407;https://openalex.org/W3138572870
https://openalex.org/A5032396975,https://openalex.org/S2485537415,7,0.7861,https://openalex.org/W2985583348;https://openalex.org/W3000358377;https://openalex.org/W3014186522;https://openalex.org/W3046996261;https://openalex.org/W3001122366;https://openalex.org/W3020816427;https://openalex.org/W3004054259
https://openalex.org/A5078096723,https://openalex.org/S195231649,2,0.737,https://openalex.org/W4396232167;https://openalex.org/W4291464279
https://openalex.org/A5078096723,https://openalex.org/S2485537415,3,0.7235,https://openalex.org/W3198414418;https://openalex.org/W3083607226;https://openalex.org/W4387717466
https://openalex.org/A5068089141,https://openalex.org/S4210192031,7,0.8435,https://openalex.org/W4214680607;https://openalex.org/W4200560608;https://openalex.org/W4229455296;https://openalex.org/W4220782845;https://openalex.org/W4220841746;https://openalex.org/W4223424642;https://openalex.org/W4224233121
https://openalex.org/A5076058129,https://openalex.org/S19032547,2,0.6868,https://openalex.org/W4221154868;https://openalex.org/W2995108930
https://openalex.org/A5076058129,https://openalex.org/S17147534,2,0.6571,https://openalex.org/W3046382668;https://openalex.org/W3044764387
https://openalex.org/A5076058129,https://openalex.org/S107516304,3,0.6879,https://openalex.org/W2939903565;https://openalex.org/W2729275743;https://openalex.org/W3112548514
https://openalex.org/A5016267473,https://openalex.org/S2485537415,2,0.4981,https://openalex.org/W4206597864;https://openalex.org/W4391341739
https://openalex.org/A5016267473,https://openalex.org/S196734849,3,0.7996,https://openalex.org/W4311115259;https://openalex.org/W4399208718;https://openalex.org/W4404519547
https://openalex.org/A5020623714,https://openalex.org/S4210192031,4,0.7229,https://openalex.org/W3189506083;https://openalex.org/W4205715817;https://openalex.org/W3173419446;https://openalex.org/W4395003230
https://openalex.org/A5033363790,https://openalex.org/S2485537415,4,0.7422,https://openalex.org/W2946266973;https://openalex.org/W3210303240;https://openalex.org/W2955121492;https://openalex.org/W2964157387
https://openalex.org/A5033363790,https://openalex.org/S4210192031,3,0.7808,https://openalex.org/W4304589259;https://openalex.org/W4281624169;https://openalex.org/W4286433513
https://openalex.org/A5024679224,https://openalex.org/S196734849,4,0.711,https://openalex.org/W2783640763;https://openalex.org/W4225754783;https://openalex.org/W3157183136;https://openalex.org/W4307814148
https://openalex.org/A5100432644,https://openalex.org/S43295729,7,0.8465,https://openalex.org/W4308970693;https://openalex.org/W4224929134;https://openalex.org/W4311104691;https://openalex.org/W4382468330;https://openalex.org/W3185900221;https://openalex.org/W4390269138;https://openalex.org/W4402051652
https://openalex.org/A5045314717,https://openalex.org/S3569471,5,0.8144,https://openalex.org/W2919496255;https://openalex.org/W3006704608;https://openalex.org/W2582619900;https://openalex.org/W2969664780;https://openalex.org/W3000437286
https://openalex.org/A5045314717,https://openalex.org/S101949793,2,0.8117,https://openalex.org/W4381337386;https://openalex.org/W4287219444
https://openalex.org/A5062078743,https://openalex.org/S207319443,3,0.7371,https://openalex.org/W3112285745;https://openalex.org/W3021750196;https://openalex.org/W3127771035
https://openalex.org/A5062078743,https://openalex.org/S2485537415,2,0.8524,https://openalex.org/W2984865357;https://openalex.org/W2972730416
https://openalex.org/A5062078743,https://openalex.org/S4210205812,2,0.7958,https://openalex.org/W4401322334;https://openalex.org/W4386030172
https://openalex.org/A5012529291,https://openalex.org/S196734849,2,0.7633,https://openalex.org/W4395043564;https://openalex.org/W4388764461
https://openalex.org/A5012529291,https://openalex.org/S4210178049,2,0.7031,https://openalex.org/W3202756368;https://openalex.org/W4398778780
https://openalex.org/A5012996842,https://openalex.org/S2764650051,3,0.7519,https://openalex.org/W4210661901;https://openalex.org/W4403600390;https://openalex.org/W3212899834
https://openalex.org/A5012996842,https://openalex.org/S196734849,4,0.7273,https://openalex.org/W4389899904;https://openalex.org/W4311585066;https://openalex.org/W4404643973;https://openalex.org/W4403240524
https://openalex.org/A5003347359,https://openalex.org/S2485537415,2,0.7291,https://openalex.org/W2906300927;https://openalex.org/W2890132903
https://openalex.org/A5080447053,https://openalex.org/S101949793,2,0.872,https://openalex.org/W2441673353;https://openalex.org/W2553084692
https://openalex.org/A5080447053,https://openalex.org/S3569471,4,0.7499,https://openalex.org/W4379260068;https://openalex.org/W4206304878;https://openalex.org/W4293082518;https://openalex.org/W2999833270
https://openalex.org/A5102805077,https://openalex.org/S2485537415,3,0.8651,https://openalex.org/W2945895672;https://openalex.org/W2891693435;https://openalex.org/W3021540940
https://openalex.org/A5102805077,https://openalex.org/S30889260,2,0.8549,https://openalex.org/W2912480564;https://openalex.org/W2798005473
https://openalex.org/A5102805077,https://openalex.org/S3569471,3,0.7969,https://openalex.org/W2886884142;https://openalex.org/W3008431251;https://openalex.org/W4311694668
https://openalex.org/A5101523487,https://openalex.org/S107516304,4,0.8156,https://openalex.org/W3212098427;https://openalex.org/W2938409691;https://openalex.org/W3042110234;https://openalex.org/W4385196942
https://openalex.org/A5076565994,https://openalex.org/S195231649,2,0.6209,https://openalex.org/W4283273228;https://openalex.org/W4317738119
https://openalex.org/A5076565994,https://openalex.org/S4210205812,3,0.6905,https://openalex.org/W3208054832;https://openalex.org/W3205795361;https://openalex.org/W4362467163
https://openalex.org/A5090600716,https://openalex.org/S2485537415,2,0.8123,https://openalex.org/W3161255900;https://openalex.org/W2954539699
https://openalex.org/A5090600716,https://openalex.org/S125501549,2,0.7167,https://openalex.org/W4403134937;https://openalex.org/W4221082585
https://openalex.org/A5090600716,https://openalex.org/S83215360,3,0.7508,https://openalex.org/W3134670936;https://openalex.org/W2802162151;https://openalex.org/W3012523934
https://openalex.org/A5074561505,https://openalex.org/S202381698,8,0.6838,https://openalex.org/W4221013672;https://openalex.org/W3113217532;https://openalex.org/W4323294158;https://openalex.org/W4224215744;https://openalex.org/W3191084366;https://openalex.org/W3181129857;https://openalex.org/W4390534539;https://openalex.org/W3089769400
https://openalex.org/A5100726749,https://openalex.org/S2485537415,3,0.7828,https://openalex.org/W3011580887;https://openalex.org/W3000521887;https://openalex.org/W2967818120
https://openalex.org/A5100726749,https://openalex.org/S43295729,3,0.8288,https://openalex.org/W4401510266;https://openalex.org/W4394693211;https://openalex.org/W4289527429
https://openalex.org/A5084452161,https://openalex.org/S4511983,8,0.7174,https://openalex.org/W3011098327;https://openalex.org/W2756316673;https://openalex.org/W4392950152;https://openalex.org/W2756011149;https://openalex.org/W3186505255;https://openalex.org/W2754022918;https://openalex.org/W2754557139;https://openalex.org/W2755848404
https://openalex.org/A5066370772,https://openalex.org/S195231649,2,0.6657,https://openalex.org/W3116286104;https://openalex.org/W2979369196
https://openalex.org/A5066370772,https://openalex.org/S2485537415,2,0.6964,https://openalex.org/W3024677631;https://openalex.org/W2998314426
https://openalex.org/A5016269837,https://openalex.org/S2737955091,5,0.8072,https://openalex.org/W3200552577;https://openalex.org/W2964551072;https://openalex.org/W3033637419;https://openalex.org/W2118023920;https://openalex.org/W2899434936
https://openalex.org/A5079061237,https://openalex.org/S2729999759,7,0.7192,https://openalex.org/W2912924812;https://openalex.org/W3045462440;https://openalex.org/W3157758108;https://openalex.org/W2302963717;https://openalex.org/W2463261572;https://openalex.org/W4317897789;https://openalex.org/W3128754101
https://openalex.org/A5100764224,https://openalex.org/S2485537415,3,0.6702,https://openalex.org/W2915062141;https://openalex.org/W3036113109;https://openalex.org/W2956233373
https://openalex.org/A5100764224,https://openalex.org/S101949793,2,0.6507,https://openalex.org/W4309312086;https://openalex.org/W4400197970
https://openalex.org/A5063280455,https://openalex.org/S64187185,2,0.8127,https://openalex.org/W4297020691;https://openalex.org/W4400076719
https://openalex.org/A5063280455,https://openalex.org/S178776955,4,0.8133,https://openalex.org/W4210699640;https://openalex.org/W4379086687;https://openalex.org/W2923894441;https://openalex.org/W4401143988
https://openalex.org/A5100455768,https://openalex.org/S202381698,2,0.7672,https://openalex.org/W2796547658;https://openalex.org/W2195681463
https://openalex.org/A5100455768,https://openalex.org/S2764650051,2,0.7529,https://openalex.org/W3118996476;https://openalex.org/W2552714763
https://openalex.org/A5089742876,https://openalex.org/S2485537415,3,0.6514,https://openalex.org/W3176795340;https://openalex.org/W3019327776;https://openalex.org/W3201276182
https://openalex.org/A5089742876,https://openalex.org/S2764955546,3,0.6126,https://openalex.org/W2183047366;https://openalex.org/W2343619528;https://openalex.org/W2630766512
https://openalex.org/A5009412723,https://openalex.org/S2485537415,4,0.7145,https://openalex.org/W4392151785;https://openalex.org/W4388207226;https://openalex.org/W4401452685;https://openalex.org/W4405754382
https://openalex.org/A5009412723,https://openalex.org/S196734849,2,0.5954,https://openalex.org/W4395667411;https://openalex.org/W4404207215
https://openalex.org/A5102768837,https://openalex.org/S4210205812,4,0.8607,https://openalex.org/W3083389769;https://openalex.org/W3095424117;https://openalex.org/W3127404465;https://openalex.org/W3134398094
https://openalex.org/A5102768837,https://openalex.org/S4210206423,2,0.9068,https://openalex.org/W4387265244;https://openalex.org/W4387873795
https://openalex.org/A5071778708,https://openalex.org/S2764955546,4,0.6498,https://openalex.org/W3127988644;https://openalex.org/W4360798295;https://openalex.org/W4388327965;https://openalex.org/W4402519214
https://openalex.org/A5045728872,https://openalex.org/S2485537415,4,0.7892,https://openalex.org/W3090154305;https://openalex.org/W4394897028;https://openalex.org/W2960680116;https://openalex.org/W3198331626
https://openalex.org/A5045728872,https://openalex.org/S4210205812,2,0.6981,https://openalex.org/W3124821295;https://openalex.org/W4225697732
https://openalex.org/A5100424064,https://openalex.org/S4210206423,2,0.7181,https://openalex.org/W4297348022;https://openalex.org/W4283378684
https://openalex.org/A5100424064,https://openalex.org/S2485537415,3,0.7299,https://openalex.org/W2944894513;https://openalex.org/W3024002852;https://openalex.org/W3005428498
https://openalex.org/A5100424064,https://openalex.org/S4210192031,2,0.6546,https://openalex.org/W4311185754;https://openalex.org/W4316466974
https://openalex.org/A5081206139,https://openalex.org/S2485537415,3,0.6724,https://openalex.org/W4400275440;https://openalex.org/W3095650403;https://openalex.org/W4399995119
https://openalex.org/A5031227420,https://openalex.org/S4210192031,3,0.8032,https://openalex.org/W4327951439;https://openalex.org/W4213138287;https://openalex.org/W4294845555
https://openalex.org/A5031227420,https://openalex.org/S101949793,3,0.8126,https://openalex.org/W4387874466;https://openalex.org/W3137956598;https://openalex.org/W2998096733
https://openalex.org/A5067818846,https://openalex.org/S4210192031,3,0.8032,https://openalex.org/W4327951439;https://openalex.org/W4213138287;https://openalex.org/W4294845555
https://openalex.org/A5067818846,https://openalex.org/S101949793,2,0.8282,https://openalex.org/W4387874466;https://openalex.org/W3137956598
https://openalex.org/A5055052519,https://openalex.org/S2485537415,4,0.7381,https://openalex.org/W4386608905;https://openalex.org/W4388854585;https://openalex.org/W4383219984;https://openalex.org/W3082944873
https://openalex.org/A5037015884,https://openalex.org/S4210178049,2,0.6027,https://openalex.org/W4214909912;https://openalex.org/W4284679524
https://openalex.org/A5076917278,https://openalex.org/S52395412,2,0.8223,https://openalex.org/W4400128031;https://openalex.org/W3156000544
https://openalex.org/A5076917278,https://openalex.org/S2485537415,3,0.6801,https://openalex.org/W4226154421;https://openalex.org/W2910490538;https://openalex.org/W4385325666
https://openalex.org/A5056280508,https://openalex.org/S2485537415,6,0.7555,https://openalex.org/W3013632036;https://openalex.org/W2946361138;https://openalex.org/W2898240053;https://openalex.org/W3005880646;https://openalex.org/W2919054863;https://openalex.org/W3011794532
https://openalex.org/A5100783142,https://openalex.org/S2485537415,3,0.7121,https://openalex.org/W3009874600;https://openalex.org/W3089124799;https://openalex.org/W3015172951
https://openalex.org/A5100783142,https://openalex.org/S4210205812,2,0.7907,https://openalex.org/W4213163635;https://openalex.org/W4297347595
https://openalex.org/A5045887475,https://openalex.org/S101949793,2,0.8571,https://openalex.org/W4212777620;https://openalex.org/W4399300265
https://openalex.org/A5045887475,https://openalex.org/S2485537415,3,0.8464,https://openalex.org/W4387350788;https://openalex.org/W2921412127;https://openalex.org/W4399343350
https://openalex.org/A5045887475,https://openalex.org/S4210213891,2,0.9239,https://openalex.org/W4399304025;https://openalex.org/W4400975272
https://openalex.org/A5011390669,https://openalex.org/S101949793,2,0.8571,https://openalex.org/W4212777620;https://openalex.org/W4399300265
https://openalex.org/A5011390669,https://openalex.org/S2485537415,3,0.8464,https://openalex.org/W4387350788;https://openalex.org/W2921412127;https://openalex.org/W4399343350
https://openalex.org/A5011390669,https://openalex.org/S4210213891,2,0.9239,https://openalex.org/W4399304025;https://openalex.org/W4400975272
https://openalex.org/A5059152392,https://openalex.org/S2485537415,3,0.6094,https://openalex.org/W2916395217;https://openalex.org/W2858816864;https://openalex.org/W3028841137
https://openalex.org/A5065141057,https://openalex.org/S2485537415,3,0.6342,https://openalex.org/W3044093562;https://openalex.org/W2998745260;https://openalex.org/W4387247694
https://openalex.org/A5065141057,https://openalex.org/S101949793,2,0.9128,https://openalex.org/W4396720847;https://openalex.org/W4389919691
https://openalex.org/A5025157025,https://openalex.org/S2485537415,5,0.7302,https://openalex.org/W3194951196;https://openalex.org/W2933939325;https://openalex.org/W3123552645;https://openalex.org/W3124178290;https://openalex.org/W4285268260
https://openalex.org/A5100380474,https://openalex.org/S2485537415,2,0.5776,https://openalex.org/W3007212573;https://openalex.org/W4404056803
https://openalex.org/A5022092645,https://openalex.org/S4210192031,3,0.6086,https://openalex.org/W4303856621;https://openalex.org/W4404482210;https://openalex.org/W4387617233
https://openalex.org/A5022092645,https://openalex.org/S4210172076,2,0.7761,https://openalex.org/W4313415067;https://openalex.org/W4365509371
https://openalex.org/A5100383751,https://openalex.org/S2485537415,5,0.7982,https://openalex.org/W2736851647;https://openalex.org/W2941114614;https://openalex.org/W2884378621;https://openalex.org/W2613225548;https://openalex.org/W2901604509
https://openalex.org/A5075825791,https://openalex.org/S2729999759,7,0.7354,https://openalex.org/W2548036585;https://openalex.org/W4387271845;https://openalex.org/W3157245170;https://openalex.org/W2180093461;https://openalex.org/W3038197524;https://openalex.org/W4385689081;https://openalex.org/W2911333598
https://openalex.org/A5025288570,https://openalex.org/S101949793,4,0.6954,https://openalex.org/W3015674079;https://openalex.org/W2743826023;https://openalex.org/W2605919849;https://openalex.org/W2753418768
https://openalex.org/A5025288570,https://openalex.org/S2485537415,3,0.6966,https://openalex.org/W2890719396;https://openalex.org/W2972305133;https://openalex.org/W2897313695
https://openalex.org/A5101798450,https://openalex.org/S4210192031,5,0.8395,https://openalex.org/W4224288469;https://openalex.org/W4303856673;https://openalex.org/W4323312983;https://openalex.org/W4309786545;https://openalex.org/W4304806451
https://openalex.org/A5100427150,https://openalex.org/S178776955,6,0.7761,https://openalex.org/W2966821175;https://openalex.org/W2997285242;https://openalex.org/W2997799117;https://openalex.org/W4282833547;https://openalex.org/W4385497312;https://openalex.org/W4366486265
https://openalex.org/A5089077811,https://openalex.org/S101949793,2,0.5908,https://openalex.org/W4388221731;https://openalex.org/W4322772057
https://openalex.org/A5089077811,https://openalex.org/S4210192031,3,0.6715,https://openalex.org/W4366283377;https://openalex.org/W4294838949;https://openalex.org/W4377091082
https://openalex.org/A5043997609,https://openalex.org/S196734849,3,0.7475,https://openalex.org/W4389899904;https://openalex.org/W4311585066;https://openalex.org/W4403240524
https://openalex.org/A5043997609,https://openalex.org/S2764650051,3,0.7296,https://openalex.org/W4391910237;https://openalex.org/W4403600390;https://openalex.org/W3212899834
https://openalex.org/A5023155010,https://openalex.org/S4210205812,5,0.681,https://openalex.org/W2991245758;https://openalex.org/W3209651244;https://openalex.org/W3098641405;https://openalex.org/W4385360143;https://openalex.org/W4400947555
https://openalex.org/A5083023211,https://openalex.org/S101949793,3,0.779,https://openalex.org/W4391027668;https://openalex.org/W4402765377;https://openalex.org/W4319316358
https://openalex.org/A5003483157,https://openalex.org/S2485537415,3,0.5741,https://openalex.org/W3009902384;https://openalex.org/W3146831368;https://openalex.org/W3028976406
https://openalex.org/A5003483157,https://openalex.org/S4210219776,2,0.7749,https://openalex.org/W4323314906;https://openalex.org/W4386032032
https://openalex.org/A5100665304,https://openalex.org/S2485537415,6,0.8226,https://openalex.org/W2794841009;https://openalex.org/W2902191103;https://openalex.org/W2769414579;https://openalex.org/W2917365454;https://openalex.org/W2903059019;https://openalex.org/W3035402549
https://openalex.org/A5066217549,https://openalex.org/S2485537415,7,0.7625,https://openalex.org/W4382201918;https://openalex.org/W4403094482;https://openalex.org/W2604262106;https://openalex.org/W4300553212;https://openalex.org/W4392908601;https://openalex.org/W4386883109;https://openalex.org/W3133549907
https://openalex.org/A5087092240,https://openalex.org/S2485537415,2,0.6581,https://openalex.org/W4386261835;https://openalex.org/W4391696981
https://openalex.org/A5087092240,https://openalex.org/S196734849,2,0.6326,https://openalex.org/W4404902220;https://openalex.org/W4402203184
https://openalex.org/A5087092240,https://openalex.org/S4210205812,2,0.7271,https://openalex.org/W4293527323;https://openalex.org/W4297347660
https://openalex.org/A5006993319,https://openalex.org/S2485537415,2,0.817,https://openalex.org/W3000211599;https://openalex.org/W3121557814
https://openalex.org/A5006993319,https://openalex.org/S4210206423,4,0.7405,https://openalex.org/W4384131469;https://openalex.org/W4402126864;https://openalex.org/W4379471574;https://openalex.org/W4397001521
https://openalex.org/A5014562556,https://openalex.org/S2485537415,5,0.6859,https://openalex.org/W4386275534;https://openalex.org/W3128592100;https://openalex.org/W4401878813;https://openalex.org/W4401878928;https://openalex.org/W4390423720
https://openalex.org/A5013565641,https://openalex.org/S101949793,4,0.7179,https://openalex.org/W3036519495;https://openalex.org/W4283324326;https://openalex.org/W4213023492;https://openalex.org/W4214720525
https://openalex.org/A5063095022,https://openalex.org/S2485537415,2,0.6525,https://openalex.org/W4385256174;https://openalex.org/W4400488247
https://openalex.org/A5063095022,https://openalex.org/S4210205812,2,0.595,https://openalex.org/W4382133229;https://openalex.org/W3207487028
https://openalex.org/A5104082565,https://openalex.org/S2485537415,7,0.746,https://openalex.org/W2982243238;https://openalex.org/W3114858549;https://openalex.org/W3000358377;https://openalex.org/W3014186522;https://openalex.org/W3001122366;https://openalex.org/W3020816427;https://openalex.org/W3004054259
https://openalex.org/A5101693248,https://openalex.org/S190629608,4,0.8057,https://openalex.org/W2908959496;https://openalex.org/W2905816463;https://openalex.org/W2582017947;https://openalex.org/W2940772039
https://openalex.org/A5101693248,https://openalex.org/S4210173132,2,0.8399,https://openalex.org/W3194046117;https://openalex.org/W2916894366
https://openalex.org/A5100340936,https://openalex.org/S2485537415,3,0.8124,https://openalex.org/W3090472607;https://openalex.org/W3020297671;https://openalex.org/W2999862233
https://openalex.org/A5065837975,https://openalex.org/S2764955546,2,0.6048,https://openalex.org/W3048952401;https://openalex.org/W3203204473
https://openalex.org/A5076387261,https://openalex.org/S2485537415,4,0.7864,https://openalex.org/W3013177325;https://openalex.org/W4382999039;https://openalex.org/W3164681733;https://openalex.org/W2951207323
https://openalex.org/A5076387261,https://openalex.org/S4210205812,2,0.7667,https://openalex.org/W4295814332;https://openalex.org/W4310184971
https://openalex.org/A5022577339,https://openalex.org/S4210192031,5,0.8078,https://openalex.org/W4303856974;https://openalex.org/W4390736735;https://openalex.org/W4404669420;https://openalex.org/W4392856795;https://openalex.org/W4389782398
https://openalex.org/A5100371984,https://openalex.org/S107516304,3,0.7773,https://openalex.org/W2991755410;https://openalex.org/W4283580090;https://openalex.org/W4225545910
https://openalex.org/A5030475312,https://openalex.org/S2485537415,2,0.7726,https://openalex.org/W3007059209;https://openalex.org/W4400975218
https://openalex.org/A5030475312,https://openalex.org/S4210205812,4,0.8109,https://openalex.org/W3088417354;https://openalex.org/W4200515686;https://openalex.org/W3035714152;https://openalex.org/W3035505965
https://openalex.org/A5100375342,https://openalex.org/S43295729,2,0.8012,https://openalex.org/W4224929134;https://openalex.org/W4311104691
https://openalex.org/A5100375342,https://openalex.org/S4210219776,3,0.8471,https://openalex.org/W3136840154;https://openalex.org/W3022839720;https://openalex.org/W3132811364
https://openalex.org/A5004378974,https://openalex.org/S34838331,2,0.8103,https://openalex.org/W3033400291;https://openalex.org/W3110288483
https://openalex.org/A5004378974,https://openalex.org/S4210219776,4,0.825,https://openalex.org/W3136840154;https://openalex.org/W2949038726;https://openalex.org/W3022839720;https://openalex.org/W3132811364
https://openalex.org/A5025536472,https://openalex.org/S4210192031,3,0.8032,https://openalex.org/W4327951439;https://openalex.org/W4213138287;https://openalex.org/W4294845555
https://openalex.org/A5025536472,https://openalex.org/S101949793,2,0.8282,https://openalex.org/W4387874466;https://openalex.org/W3137956598
https://openalex.org/A5030992865,https://openalex.org/S2485537415,4,0.7138,https://openalex.org/W3045100301;https://openalex.org/W2942925444;https://openalex.org/W3000431166;https://openalex.org/W2967645217
https://openalex.org/A5100418543,https://openalex.org/S2485537415,3,0.8146,https://openalex.org/W3135959923;https://openalex.org/W3150538710;https://openalex.org/W3046650424
https://openalex.org/A5100418543,https://openalex.org/S196734849,2,0.8742,https://openalex.org/W4294739313;https://openalex.org/W4392818002
https://openalex.org/A5068409386,https://openalex.org/S2737955091,7,0.8337,https://openalex.org/W3033637419;https://openalex.org/W2899434936;https://openalex.org/W2892312135;https://openalex.org/W2990580840;https://openalex.org/W4387458479;https://openalex.org/W2919984788;https://openalex.org/W3013997935
https://openalex.org/A5012474682,https://openalex.org/S196734849,3,0.8227,https://openalex.org/W4390946240;https://openalex.org/W4392169359;https://openalex.org/W4393391677
https://openalex.org/A5012474682,https://openalex.org/S2898612692,2,0.7994,https://openalex.org/W4388335935;https://openalex.org/W4390604464
https://openalex.org/A5012474682,https://openalex.org/S2485537415,2,0.6449,https://openalex.org/W4400645337;https://openalex.org/W4394896906
https://openalex.org/A5003378750,https://openalex.org/S43295729,5,0.8823,https://openalex.org/W4323317490;https://openalex.org/W4328125298;https://openalex.org/W4400648610;https://openalex.org/W4381149367;https://openalex.org/W4376954599
https://openalex.org/A5024145352,https://openalex.org/S202381698,2,0.8911,https://openalex.org/W4287509839;https://openalex.org/W4225271273
https://openalex.org/A5024145352,https://openalex.org/S2485537415,2,0.9121,https://openalex.org/W4362514639;https://openalex.org/W4312565960
https://openalex.org/A5024145352,https://openalex.org/S196734849,2,0.8688,https://openalex.org/W4381190358;https://openalex.org/W4387950318
https://openalex.org/A5062125413,https://openalex.org/S2485537415,7,0.6331,https://openalex.org/W3126165211;https://openalex.org/W3177283294;https://openalex.org/W4388666591;https://openalex.org/W4383219984;https://openalex.org/W4388450982;https://openalex.org/W4392979978;https://openalex.org/W4388240286
https://openalex.org/A5043802942,https://openalex.org/S196734849,3,0.6947,https://openalex.org/W4389899904;https://openalex.org/W4311585066;https://openalex.org/W4404643973
https://openalex.org/A5043802942,https://openalex.org/S2764650051,3,0.7296,https://openalex.org/W4391910237;https://openalex.org/W4403600390;https://openalex.org/W3212899834
https://openalex.org/A5080738591,https://openalex.org/S2485537415,3,0.6501,https://openalex.org/W2913856343;https://openalex.org/W2625101390;https://openalex.org/W2982220281
https://openalex.org/A5080738591,https://openalex.org/S4210205812,2,0.6506,https://openalex.org/W4313360792;https://openalex.org/W2905193210
https://openalex.org/A5088907463,https://openalex.org/S4210192031,3,0.8032,https://openalex.org/W4327951439;https://openalex.org/W4213138287;https://openalex.org/W4294845555
https://openalex.org/A5088907463,https://openalex.org/S101949793,3,0.8126,https://openalex.org/W4387874466;https://openalex.org/W3137956598;https://openalex.org/W2998096733
https://openalex.org/A5049305761,https://openalex.org/S4210177785,4,0.8226,https://openalex.org/W4283208270;https://openalex.org/W4295533116;https://openalex.org/W4281479916;https://openalex.org/W4205699867
https://openalex.org/A5100610161,https://openalex.org/S4210205812,4,0.805,https://openalex.org/W4394735157;https://openalex.org/W2609049767;https://openalex.org/W2809844035;https://openalex.org/W4385758895
https://openalex.org/A5100646875,https://openalex.org/S101949793,3,0.7097,https://openalex.org/W16027483;https://openalex.org/W2513289169;https://openalex.org/W2530262042
https://openalex.org/A5101975931,https://openalex.org/S2485537415,5,0.7423,https://openalex.org/W3012185272;https://openalex.org/W2997461624;https://openalex.org/W2943381814;https://openalex.org/W3004008529;https://openalex.org/W3137974897
https://openalex.org/A5040108974,https://openalex.org/S2485537415,6,0.6684,https://openalex.org/W2954521024;https://openalex.org/W2951444698;https://openalex.org/W4403094388;https://openalex.org/W4323022342;https://openalex.org/W3074656709;https://openalex.org/W4403826735
https://openalex.org/A5084532237,https://openalex.org/S2764955546,5,0.7726,https://openalex.org/W3110065779;https://openalex.org/W3187657973;https://openalex.org/W3129207397;https://openalex.org/W4385782632;https://openalex.org/W2910520856
https://openalex.org/A5067010720,https://openalex.org/S43295729,2,0.7842,https://openalex.org/W4283722877;https://openalex.org/W4288721502
https://openalex.org/A5067010720,https://openalex.org/S3569471,2,0.9219,https://openalex.org/W2902766694;https://openalex.org/W2729011941
https://openalex.org/A5067010720,https://openalex.org/S101949793,2,0.7074,https://openalex.org/W2915256504;https://openalex.org/W4213023492
https://openalex.org/A5069796663,https://openalex.org/S4210205812,3,0.7776,https://openalex.org/W4400237468;https://openalex.org/W4385955292;https://openalex.org/W4387458935
https://openalex.org/A5069796663,https://openalex.org/S101949793,2,0.7137,https://openalex.org/W4323314822;https://openalex.org/W4386030067
https://openalex.org/A5084122016,https://openalex.org/S2485537415,3,0.6614,https://openalex.org/W3215128276;https://openalex.org/W2922257461;https://openalex.org/W4404035321
https://openalex.org/A5004618406,https://openalex.org/S4210192031,4,0.7488,https://openalex.org/W4205715817;https://openalex.org/W4291511123;https://openalex.org/W3173419446;https://openalex.org/W3196000014
https://openalex.org/A5100381999,https://openalex.org/S2485537415,2,0.5196,https://openalex.org/W4384159673;https://openalex.org/W4313051069
https://openalex.org/A5022886563,https://openalex.org/S2485537415,3,0.8502,https://openalex.org/W3046209987;https://openalex.org/W3160224692;https://openalex.org/W4312767508
https://openalex.org/A5022886563,https://openalex.org/S4210219776,4,0.7563,https://openalex.org/W3009744918;https://openalex.org/W3197359969;https://openalex.org/W4220745871;https://openalex.org/W3025667181
https://openalex.org/A5101875516,https://openalex.org/S2485537415,2,0.5645,https://openalex.org/W2958743743;https://openalex.org/W4402124292
https://openalex.org/A5101875516,https://openalex.org/S4210205812,5,0.7844,https://openalex.org/W4385812469;https://openalex.org/W4385708919;https://openalex.org/W4321598830;https://openalex.org/W4385368330;https://openalex.org/W4384825266
https://openalex.org/A5007495802,https://openalex.org/S2485537415,4,0.8075,https://openalex.org/W2941859556;https://openalex.org/W2977498438;https://openalex.org/W3037880707;https://openalex.org/W4403936868
https://openalex.org/A5007495802,https://openalex.org/S101949793,2,0.7482,https://openalex.org/W4405078558;https://openalex.org/W4400941781
https://openalex.org/A5087562798,https://openalex.org/S2485537415,2,0.7514,https://openalex.org/W3211291333;https://openalex.org/W2996230582
https://openalex.org/A5087562798,https://openalex.org/S4210205812,4,0.7552,https://openalex.org/W3217501817;https://openalex.org/W4307942369;https://openalex.org/W4304606812;https://openalex.org/W4386420700
https://openalex.org/A5006053030,https://openalex.org/S139930977,4,0.7788,https://openalex.org/W3175616061;https://openalex.org/W2998846663;https://openalex.org/W4390718224;https://openalex.org/W4402786744
https://openalex.org/A5006053030,https://openalex.org/S190629608,2,0.7303,https://openalex.org/W2726628504;https://openalex.org/W4281637840
https://openalex.org/A5100677785,https://openalex.org/S101949793,3,0.678,https://openalex.org/W4308970678;https://openalex.org/W4283721430;https://openalex.org/W4401994363
https://openalex.org/A5100677785,https://openalex.org/S4210205812,2,0.6179,https://openalex.org/W3208442103;https://openalex.org/W3200062715
https://openalex.org/A5100677785,https://openalex.org/S2485537415,2,0.6607,https://openalex.org/W4403826795;https://openalex.org/W4404035358
https://openalex.org/A5000270870,https://openalex.org/S4210228075,3,0.7958,https://openalex.org/W4366088885;https://openalex.org/W4388420354;https://openalex.org/W4395038223
https://openalex.org/A5000270870,https://openalex.org/S4210205812,2,0.7965,https://openalex.org/W4214605521;https://openalex.org/W4384202240
https://openalex.org/A5012445708,https://openalex.org/S3569471,3,0.7883,https://openalex.org/W4404874526;https://openalex.org/W2532156812;https://openalex.org/W4321788371
https://openalex.org/A5012445708,https://openalex.org/S43295729,3,0.8107,https://openalex.org/W4293660975;https://openalex.org/W4405444814;https://openalex.org/W4308866386
https://openalex.org/A5039641671,https://openalex.org/S2485537415,2,0.8211,https://openalex.org/W4366966631;https://openalex.org/W4226406356
https://openalex.org/A5039641671,https://openalex.org/S4210205812,4,0.6941,https://openalex.org/W3121570478;https://openalex.org/W3121690838;https://openalex.org/W3097295680;https://openalex.org/W3111699195
https://openalex.org/A5051286582,https://openalex.org/S4210205812,4,0.738,https://openalex.org/W2954505781;https://openalex.org/W4223648795;https://openalex.org/W4229014348;https://openalex.org/W2791352079
https://openalex.org/A5051286582,https://openalex.org/S2485537415,3,0.7244,https://openalex.org/W3187056701;https://openalex.org/W3015280435;https://openalex.org/W3164949737
https://openalex.org/A5011460884,https://openalex.org/S178776955,6,0.7625,https://openalex.org/W2893774004;https://openalex.org/W2890412128;https://openalex.org/W2780677803;https://openalex.org/W1784659513;https://openalex.org/W2950107380;https://openalex.org/W3014177843
https://openalex.org/A5083002246,https://openalex.org/S196734849,2,0.8005,https://openalex.org/W3102053113;https://openalex.org/W2739588406
https://openalex.org/A5083002246,https://openalex.org/S178776955,5,0.7672,https://openalex.org/W2893774004;https://openalex.org/W2247926630;https://openalex.org/W2780677803;https://openalex.org/W1784659513;https://openalex.org/W1997779689
https://openalex.org/A5053635416,https://openalex.org/S2485537415,5,0.6996,https://openalex.org/W2906498146;https://openalex.org/W3037722013;https://openalex.org/W4205377807;https://openalex.org/W4292387469;https://openalex.org/W2785373760
https://openalex.org/A5053635416,https://openalex.org/S101949793,2,0.7252,https://openalex.org/W3213237073;https://openalex.org/W2947330499
https://openalex.org/A5067151609,https://openalex.org/S2485537415,5,0.6951,https://openalex.org/W4396667547;https://openalex.org/W2960193895;https://openalex.org/W2973184394;https://openalex.org/W4312397225;https://openalex.org/W4387146075
https://openalex.org/A5031401755,https://openalex.org/S202381698,2,0.7602,https://openalex.org/W2229721480;https://openalex.org/W2789244308
https://openalex.org/A5031401755,https://openalex.org/S4210195431,4,0.7633,https://openalex.org/W3164012388;https://openalex.org/W4309474164;https://openalex.org/W2969075152;https://openalex.org/W4281681378
https://openalex.org/A5100406711,https://openalex.org/S107516304,2,0.7639,https://openalex.org/W2927032858;https://openalex.org/W2992706359
https://openalex.org/A5100406711,https://openalex.org/S2764650051,2,0.7528,https://openalex.org/W2891377710;https://openalex.org/W4392413980
https://openalex.org/A5100406711,https://openalex.org/S101949793,2,0.872,https://openalex.org/W2441673353;https://openalex.org/W2553084692
https://openalex.org/A5016512818,https://openalex.org/S4210195431,3,0.7591,https://openalex.org/W4402713323;https://openalex.org/W4285042490;https://openalex.org/W4405321560
https://openalex.org/A5016512818,https://openalex.org/S64187185,2,0.7657,https://openalex.org/W4298001211;https://openalex.org/W4404584849
https://openalex.org/A5016512818,https://openalex.org/S196734849,2,0.6582,https://openalex.org/W4382797771;https://openalex.org/W4372336638
https://openalex.org/A5030539003,https://openalex.org/S52395412,2,0.7569,https://openalex.org/W2949944067;https://openalex.org/W2896113901
https://openalex.org/A5030539003,https://openalex.org/S2764650051,2,0.7476,https://openalex.org/W2995452567;https://openalex.org/W3118996476
https://openalex.org/A5045335911,https://openalex.org/S2485537415,3,0.6631,https://openalex.org/W3114543730;https://openalex.org/W3002474999;https://openalex.org/W3094615924
https://openalex.org/A5045335911,https://openalex.org/S4210205812,2,0.7942,https://openalex.org/W3199146084;https://openalex.org/W3017305345
https://openalex.org/A5009282836,https://openalex.org/S2485537415,5,0.711,https://openalex.org/W4211119275;https://openalex.org/W3208020934;https://openalex.org/W4405778521;https://openalex.org/W3194638122;https://openalex.org/W4401070068
https://openalex.org/A5009282836,https://openalex.org/S101949793,2,0.8312,https://openalex.org/W4280605685;https://openalex.org/W4286434120
https://openalex.org/A5018675704,https://openalex.org/S4210178049,2,0.6027,https://openalex.org/W4214909912;https://openalex.org/W4284679524
https://openalex.org/A5020515597,https://openalex.org/S2485537415,5,0.8085,https://openalex.org/W4323338633;https://openalex.org/W4385288643;https://openalex.org/W4226523368;https://openalex.org/W3035533770;https://openalex.org/W4386432304
https://openalex.org/A5020515597,https://openalex.org/S4210206423,2,0.7286,https://openalex.org/W4366282737;https://openalex.org/W4388331693
https://openalex.org/A5047444184,https://openalex.org/S2485537415,3,0.8239,https://openalex.org/W2954992643;https://openalex.org/W2944891925;https://openalex.org/W2893903145
https://openalex.org/A5047444184,https://openalex.org/S178776955,2,0.7144,https://openalex.org/W4387580655;https://openalex.org/W4392104205
https://openalex.org/A5100425112,https://openalex.org/S4210205812,3,0.782,https://openalex.org/W2991396862;https://openalex.org/W4318206869;https://openalex.org/W2986572042
https://openalex.org/A5100425112,https://openalex.org/S149016011,3,0.865,https://openalex.org/W2331450203;https://openalex.org/W2223210089;https://openalex.org/W2891144776
https://openalex.org/A5034657358,https://openalex.org/S4210213891,3,0.7521,https://openalex.org/W2724976418;https://openalex.org/W4308718476;https://openalex.org/W4317608889
https://openalex.org/A5063710079,https://openalex.org/S4210205812,4,0.7201,https://openalex.org/W3046878418;https://openalex.org/W3106580412;https://openalex.org/W4361006021;https://openalex.org/W3200966317
https://openalex.org/A5027415596,https://openalex.org/S4210192031,4,0.8342,https://openalex.org/W4281673226;https://openalex.org/W4319595422;https://openalex.org/W4289941892;https://openalex.org/W3208021954
https://openalex.org/A5015205527,https://openalex.org/S4210172076,2,0.7392,https://openalex.org/W4225302882;https://openalex.org/W4388761612
https://openalex.org/A5015205527,https://openalex.org/S2485537415,3,0.6443,https://openalex.org/W4403295175;https://openalex.org/W3158737092;https://openalex.org/W4285252238
https://openalex.org/A5059650940,https://openalex.org/S2485537415,7,0.6775,https://openalex.org/W4221140561;https://openalex.org/W4206094564;https://openalex.org/W4399526679;https://openalex.org/W3156627357;https://openalex.org/W2997308257;https://openalex.org/W3124604025;https://openalex.org/W2919466488
https://openalex.org/A5053217291,https://openalex.org/S139930977,2,0.7009,https://openalex.org/W2770960740;https://openalex.org/W4221163663
https://openalex.org/A5053217291,https://openalex.org/S155526855,3,0.7821,https://openalex.org/W2997833324;https://openalex.org/W3194727116;https://openalex.org/W2955770773
https://openalex.org/A5053217291,https://openalex.org/S2729999759,2,0.7013,https://openalex.org/W1911647372;https://openalex.org/W3028259633
https://openalex.org/A5088139460,https://openalex.org/S101949793,2,0.683,https://openalex.org/W4207017358;https://openalex.org/W4212960252
https://openalex.org/A5088139460,https://openalex.org/S2485537415,2,0.6811,https://openalex.org/W3126165211;https://openalex.org/W3093963740
https://openalex.org/A5088139460,https://openalex.org/S4210172076,2,0.9178,https://openalex.org/W4361006741;https://openalex.org/W4368367207
https://openalex.org/A5039205130,https://openalex.org/S4210219776,2,0.5917,https://openalex.org/W4399082280;https://openalex.org/W4401922179
https://openalex.org/A5050006711,https://openalex.org/S4210192031,2,0.6935,https://openalex.org/W4297478335;https://openalex.org/W3213403031
https://openalex.org/A5050006711,https://openalex.org/S2485537415,2,0.6816,https://openalex.org/W4389890987;https://openalex.org/W4391341739
https://openalex.org/A5050006711,https://openalex.org/S196734849,2,0.8056,https://openalex.org/W4311115259;https://openalex.org/W4404519547
https://openalex.org/A5026370198,https://openalex.org/S2485537415,3,0.6426,https://openalex.org/W4385287507;https://openalex.org/W4295886337;https://openalex.org/W4400877473
https://openalex.org/A5026370198,https://openalex.org/S4210205812,2,0.5808,https://openalex.org/W3208516011;https://openalex.org/W4391959090
https://openalex.org/A5090096123,https://openalex.org/S196734849,2,0.8201,https://openalex.org/W4220668404;https://openalex.org/W4280569454
https://openalex.org/A5090096123,https://openalex.org/S4210177785,2,0.8754,https://openalex.org/W2991981025;https://openalex.org/W3017072419
https://openalex.org/A5090096123,https://openalex.org/S4210172076,3,0.8475,https://openalex.org/W4280592693;https://openalex.org/W4381805988;https://openalex.org/W4396773893
https://openalex.org/A5031318875,https://openalex.org/S3035462843,2,0.6681,https://openalex.org/W4288535745;https://openalex.org/W4405592778
https://openalex.org/A5031318875,https://openalex.org/S190680769,2,0.6511,https://openalex.org/W2552310110;https://openalex.org/W2795646914
https://openalex.org/A5053691175,https://openalex.org/S2485537415,2,0.8459,https://openalex.org/W4287890107;https://openalex.org/W3093928396
https://openalex.org/A5053691175,https://openalex.org/S196734849,2,0.6768,https://openalex.org/W4385874472;https://openalex.org/W4392891260
https://openalex.org/A5015029502,https://openalex.org/S4210177785,7,0.8307,https://openalex.org/W2921675148;https://openalex.org/W3149029499;https://openalex.org/W2181216859;https://openalex.org/W2346670995;https://openalex.org/W2346924903;https://openalex.org/W3008782862;https://openalex.org/W2906465680
https://openalex.org/A5061961859,https://openalex.org/S4210195431,2,0.7758,https://openalex.org/W4286717608;https://openalex.org/W4401847921
https://openalex.org/A5061961859,https://openalex.org/S4210177785,2,0.7984,https://openalex.org/W4313529762;https://openalex.org/W2955987583
https://openalex.org/A5061961859,https://openalex.org/S196734849,2,0.7194,https://openalex.org/W4399795252;https://openalex.org/W4387451435
https://openalex.org/A5032091007,https://openalex.org/S2485537415,5,0.686,https://openalex.org/W2896374468;https://openalex.org/W2913957986;https://openalex.org/W3017952061;https://openalex.org/W2998825278;https://openalex.org/W3097996540
https://openalex.org/A5039005612,https://openalex.org/S196734849,4,0.7558,https://openalex.org/W4294243546;https://openalex.org/W4223513451;https://openalex.org/W4390637980;https://openalex.org/W3204562155
https://openalex.org/A5039005612,https://openalex.org/S202381698,2,0.7582,https://openalex.org/W4327684330;https://openalex.org/W4307934592
https://openalex.org/A5028277225,https://openalex.org/S4210195431,4,0.7507,https://openalex.org/W4385381606;https://openalex.org/W2942349565;https://openalex.org/W3033057983;https://openalex.org/W4400098873
https://openalex.org/A5028277225,https://openalex.org/S196734849,2,0.8546,https://openalex.org/W4221077687;https://openalex.org/W4323359744
https://openalex.org/A5014176390,https://openalex.org/S2485537415,2,0.8316,https://openalex.org/W4210804765;https://openalex.org/W4387010460
https://openalex.org/A5014176390,https://openalex.org/S195231649,2,0.606,https://openalex.org/W4394766905;https://openalex.org/W4394912258
https://openalex.org/A5014176390,https://openalex.org/S202381698,2,0.8377,https://openalex.org/W3049565363;https://openalex.org/W4399907508
https://openalex.org/A5026089310,https://openalex.org/S2485537415,4,0.7791,https://openalex.org/W2965774554;https://openalex.org/W2911338114;https://openalex.org/W2942156930;https://openalex.org/W3177727271
https://openalex.org/A5070056269,https://openalex.org/S2485537415,3,0.7828,https://openalex.org/W3106990839;https://openalex.org/W4401795660;https://openalex.org/W3111235183
https://openalex.org/A5070056269,https://openalex.org/S4210192031,2,0.8499,https://openalex.org/W4323046632;https://openalex.org/W4224300142
https://openalex.org/A5049120533,https://openalex.org/S178776955,2,0.712,https://openalex.org/W2968779771;https://openalex.org/W4293242744
https://openalex.org/A5049120533,https://openalex.org/S64187185,4,0.7103,https://openalex.org/W2572320999;https://openalex.org/W2991647740;https://openalex.org/W4310238875;https://openalex.org/W4394845623
https://openalex.org/A5072923302,https://openalex.org/S2485537415,5,0.6796,https://openalex.org/W2785637175;https://openalex.org/W3083667980;https://openalex.org/W2969031145;https://openalex.org/W4390872228;https://openalex.org/W2944269451
https://openalex.org/A5086955492,https://openalex.org/S2485537415,3,0.6724,https://openalex.org/W4400275440;https://openalex.org/W3095650403;https://openalex.org/W4399995119
https://openalex.org/A5025979359,https://openalex.org/S2485537415,3,0.6211,https://openalex.org/W2929674466;https://openalex.org/W4390204227;https://openalex.org/W4385257416
https://openalex.org/A5025979359,https://openalex.org/S196734849,3,0.7284,https://openalex.org/W4399513151;https://openalex.org/W4323925896;https://openalex.org/W4389282086
https://openalex.org/A5004983635,https://openalex.org/S190629608,2,0.6823,https://openalex.org/W4308722965;https://openalex.org/W4294983363
https://openalex.org/A5000028489,https://openalex.org/S2485537415,6,0.6497,https://openalex.org/W4394676691;https://openalex.org/W4401210375;https://openalex.org/W4392309213;https://openalex.org/W4391984060;https://openalex.org/W4394966870;https://openalex.org/W4386320374
https://openalex.org/A5068408717,https://openalex.org/S2485537415,5,0.7485,https://openalex.org/W4323345796;https://openalex.org/W4312311432;https://openalex.org/W3039026167;https://openalex.org/W3194963579;https://openalex.org/W4383113550
https://openalex.org/A5036919699,https://openalex.org/S2738286576,5,0.76,https://openalex.org/W3154646022;https://openalex.org/W4285066776;https://openalex.org/W3160102493;https://openalex.org/W4285318314;https://openalex.org/W4313476456
https://openalex.org/A5033317672,https://openalex.org/S196734849,2,0.8249,https://openalex.org/W4388568175;https://openalex.org/W4384663580
https://openalex.org/A5033317672,https://openalex.org/S2485537415,2,0.8011,https://openalex.org/W4391305567;https://openalex.org/W4382766972
https://openalex.org/A5056748708,https://openalex.org/S196734849,2,0.7136,https://openalex.org/W4399213099;https://openalex.org/W3111842226
https://openalex.org/A5109598022,https://openalex.org/S2485537415,3,0.7156,https://openalex.org/W4386322023;https://openalex.org/W4291653569;https://openalex.org/W4387682284
https://openalex.org/A5109598022,https://openalex.org/S4210178049,2,0.5871,https://openalex.org/W4311376210;https://openalex.org/W4386292370
https://openalex.org/A5109598022,https://openalex.org/S4210205812,2,0.559,https://openalex.org/W4220949780;https://openalex.org/W4293685926
https://openalex.org/A5101475086,https://openalex.org/S2485537415,5,0.6693,https://openalex.org/W4389352572;https://openalex.org/W3115308400;https://openalex.org/W3037653875;https://openalex.org/W3019173729;https://openalex.org/W2949281559
https://openalex.org/A5108256864,https://openalex.org/S198098182,3,0.7259,https://openalex.org/W2969772430;https://openalex.org/W2561032898;https://openalex.org/W2194599327
https://openalex.org/A5108256864,https://openalex.org/S2485537415,2,0.8608,https://openalex.org/W2771433797;https://openalex.org/W2803313430
https://openalex.org/A5108256864,https://openalex.org/S4210205812,2,0.7773,https://openalex.org/W2594214907;https://openalex.org/W2942039993
https://openalex.org/A5100446064,https://openalex.org/S4210219776,2,0.5583,https://openalex.org/W2769659878;https://openalex.org/W4206414472
https://openalex.org/A5100446064,https://openalex.org/S4210205812,3,0.7382,https://openalex.org/W3213069918;https://openalex.org/W4321107846;https://openalex.org/W4392657779
https://openalex.org/A5061573149,https://openalex.org/S2485537415,2,0.7353,https://openalex.org/W3040989605;https://openalex.org/W3197363096
https://openalex.org/A5061573149,https://openalex.org/S4210192031,3,0.7345,https://openalex.org/W3208021954;https://openalex.org/W3202596486;https://openalex.org/W4223501034
https://openalex.org/A5018121324,https://openalex.org/S2485537415,3,0.8502,https://openalex.org/W3046209987;https://openalex.org/W3160224692;https://openalex.org/W4312767508
https://openalex.org/A5018121324,https://openalex.org/S4210219776,4,0.7563,https://openalex.org/W3009744918;https://openalex.org/W3197359969;https://openalex.org/W4220745871;https://openalex.org/W3025667181
https://openalex.org/A5000266116,https://openalex.org/S2738286576,3,0.9257,https://openalex.org/W2599231764;https://openalex.org/W4300351410;https://openalex.org/W2764275262
https://openalex.org/A5070664655,https://openalex.org/S190629608,2,0.7014,https://openalex.org/W4313414285;https://openalex.org/W3081572649
https://openalex.org/A5070664655,https://openalex.org/S4210219776,3,0.6668,https://openalex.org/W3188189197;https://openalex.org/W4395010748;https://openalex.org/W3186210598
https://openalex.org/A5014613113,https://openalex.org/S155526855,2,0.8057,https://openalex.org/W2810095012;https://openalex.org/W3094540663
https://openalex.org/A5014613113,https://openalex.org/S2729999759,4,0.722,https://openalex.org/W2883158411;https://openalex.org/W4313459318;https://openalex.org/W3003689215;https://openalex.org/W4317897852
https://openalex.org/A5026237130,https://openalex.org/S2485537415,7,0.6508,https://openalex.org/W2992482380;https://openalex.org/W2967271816;https://openalex.org/W2992360057;https://openalex.org/W4399767746;https://openalex.org/W2980483218;https://openalex.org/W2946571662;https://openalex.org/W4391807537
https://openalex.org/A5055414768,https://openalex.org/S2485537415,3,0.656,https://openalex.org/W2944225717;https://openalex.org/W4402978511;https://openalex.org/W3176524799
https://openalex.org/A5055414768,https://openalex.org/S4210205812,2,0.6194,https://openalex.org/W4224250202;https://openalex.org/W4387847682
https://openalex.org/A5083460237,https://openalex.org/S2485537415,2,0.6507,https://openalex.org/W4285276702;https://openalex.org/W4225921062
https://openalex.org/A5083460237,https://openalex.org/S4210178049,5,0.6544,https://openalex.org/W4391401716;https://openalex.org/W3134310283;https://openalex.org/W4210777624;https://openalex.org/W4292197005;https://openalex.org/W4365514833
https://openalex.org/A5060832996,https://openalex.org/S17147534,3,0.7804,https://openalex.org/W3211382224;https://openalex.org/W3100221118;https://openalex.org/W4285817165
https://openalex.org/A5060832996,https://openalex.org/S107516304,2,0.7289,https://openalex.org/W3183248296;https://openalex.org/W3184795814
https://openalex.org/A5037362113,https://openalex.org/S2485537415,2,0.7739,https://openalex.org/W4210733793;https://openalex.org/W3183821682
https://openalex.org/A5037362113,https://openalex.org/S17147534,2,0.8428,https://openalex.org/W4389377916;https://openalex.org/W4389332664
https://openalex.org/A5020945377,https://openalex.org/S155526855,7,0.7271,https://openalex.org/W2772851365;https://openalex.org/W2774310971;https://openalex.org/W3094446004;https://openalex.org/W2772633987;https://openalex.org/W2807512445;https://openalex.org/W2228837859;https://openalex.org/W2923435069
https://openalex.org/A5043402158,https://openalex.org/S4210205812,4,0.7038,https://openalex.org/W4324095039;https://openalex.org/W4388945635;https://openalex.org/W4402050461;https://openalex.org/W4391231773
https://openalex.org/A5043402158,https://openalex.org/S2485537415,2,0.662,https://openalex.org/W2930842027;https://openalex.org/W2981869801
https://openalex.org/A5044037409,https://openalex.org/S2485537415,3,0.7003,https://openalex.org/W4396982300;https://openalex.org/W4384519460;https://openalex.org/W4403446803
https://openalex.org/A5044037409,https://openalex.org/S34838331,3,0.681,https://openalex.org/W4212804285;https://openalex.org/W4382812356;https://openalex.org/W4321253219
https://openalex.org/A5089250428,https://openalex.org/S4210205812,2,0.728,https://openalex.org/W3014672866;https://openalex.org/W3117131503
https://openalex.org/A5089250428,https://openalex.org/S139930977,2,0.8738,https://openalex.org/W2883439102;https://openalex.org/W3124809951
https://openalex.org/A5061931124,https://openalex.org/S2729999759,2,0.6744,https://openalex.org/W4400678030;https://openalex.org/W4352976750
https://openalex.org/A5061931124,https://openalex.org/S4511983,4,0.7484,https://openalex.org/W4404513659;https://openalex.org/W4377138310;https://openalex.org/W4404514186;https://openalex.org/W4392950582
https://openalex.org/A5049462948,https://openalex.org/S2485537415,3,0.7207,https://openalex.org/W2754682283;https://openalex.org/W2906825488;https://openalex.org/W2762919260
https://openalex.org/A5049462948,https://openalex.org/S4210205812,4,0.8008,https://openalex.org/W4391263166;https://openalex.org/W4392361869;https://openalex.org/W4391576080;https://openalex.org/W4389098633
https://openalex.org/A5032098636,https://openalex.org/S2485537415,4,0.7316,https://openalex.org/W4402810042;https://openalex.org/W2897702399;https://openalex.org/W4313591551;https://openalex.org/W4226520154
https://openalex.org/A5032098636,https://openalex.org/S4210205812,3,0.747,https://openalex.org/W4200104137;https://openalex.org/W3034106423;https://openalex.org/W3015884803
https://openalex.org/A5069454823,https://openalex.org/S207319443,2,0.7734,https://openalex.org/W2900251950;https://openalex.org/W2900145950
https://openalex.org/A5069454823,https://openalex.org/S2485537415,4,0.6986,https://openalex.org/W3116299125;https://openalex.org/W3211726140;https://openalex.org/W4226000052;https://openalex.org/W4389233021
https://openalex.org/A5004606411,https://openalex.org/S2485537415,4,0.785,https://openalex.org/W2789609995;https://openalex.org/W2782645050;https://openalex.org/W2801577455;https://openalex.org/W3011177673
https://openalex.org/A5004606411,https://openalex.org/S4210192031,3,0.8907,https://openalex.org/W4294839683;https://openalex.org/W4403451655;https://openalex.org/W4404190038
https://openalex.org/A5072522485,https://openalex.org/S2485537415,5,0.7394,https://openalex.org/W2982611265;https://openalex.org/W2884829521;https://openalex.org/W3137381776;https://openalex.org/W2920823352;https://openalex.org/W2895821236
https://openalex.org/A5102717976,https://openalex.org/S4210192031,2,0.7832,https://openalex.org/W4400942305;https://openalex.org/W4220668471
https://openalex.org/A5102717976,https://openalex.org/S4210205812,3,0.6791,https://openalex.org/W4367051427;https://openalex.org/W4289110438;https://openalex.org/W4392384894
https://openalex.org/A5102717976,https://openalex.org/S2485537415,2,0.8703,https://openalex.org/W2799273965;https://openalex.org/W2775643027
https://openalex.org/A5100716518,https://openalex.org/S43295729,3,0.8679,https://openalex.org/W3196365599;https://openalex.org/W4220804907;https://openalex.org/W4296569531
https://openalex.org/A5102872175,https://openalex.org/S2485537415,2,0.7249,https://openalex.org/W2883067374;https://openalex.org/W2904610895
https://openalex.org/A5102872175,https://openalex.org/S101949793,3,0.79,https://openalex.org/W2808746698;https://openalex.org/W2345508459;https://openalex.org/W2795713352
https://openalex.org/A5102872175,https://openalex.org/S4210205812,2,0.8153,https://openalex.org/W4291743747;https://openalex.org/W2806135565
https://openalex.org/A5101911538,https://openalex.org/S2485537415,2,0.7249,https://openalex.org/W2883067374;https://openalex.org/W2904610895
https://openalex.org/A5101911538,https://openalex.org/S101949793,3,0.79,https://openalex.org/W2808746698;https://openalex.org/W2345508459;https://openalex.org/W2795713352
https://openalex.org/A5101911538,https://openalex.org/S4210205812,2,0.8153,https://openalex.org/W4291743747;https://openalex.org/W2806135565
https://openalex.org/A5100673639,https://openalex.org/S4210205812,3,0.6589,https://openalex.org/W3132983351;https://openalex.org/W3119175962;https://openalex.org/W3186566946
https://openalex.org/A5100673639,https://openalex.org/S2485537415,3,0.7208,https://openalex.org/W4312522936;https://openalex.org/W3037496935;https://openalex.org/W3028827502
https://openalex.org/A5006790052,https://openalex.org/S101949793,7,0.7972,https://openalex.org/W3023853940;https://openalex.org/W3138455070;https://openalex.org/W4224981445;https://openalex.org/W2901247895;https://openalex.org/W3041068321;https://openalex.org/W4283382211;https://openalex.org/W2805828916
https://openalex.org/A5076360374,https://openalex.org/S3569471,2,0.8297,https://openalex.org/W2765736136;https://openalex.org/W2582902923
https://openalex.org/A5076360374,https://openalex.org/S30889260,2,0.8358,https://openalex.org/W2791078494;https://openalex.org/W2224035261
https://openalex.org/A5076360374,https://openalex.org/S101949793,2,0.7562,https://openalex.org/W4205946691;https://openalex.org/W2975875071
https://openalex.org/A5040725629,https://openalex.org/S3569471,5,0.788,https://openalex.org/W2613028879;https://openalex.org/W2525531079;https://openalex.org/W2910298724;https://openalex.org/W3026632199;https://openalex.org/W2990086896
https://openalex.org/A5017619842,https://openalex.org/S196734849,3,0.7935,https://openalex.org/W4386031170;https://openalex.org/W4399859641;https://openalex.org/W4309565037
https://openalex.org/A5017619842,https://openalex.org/S4210178049,3,0.7177,https://openalex.org/W3002554434;https://openalex.org/W3211318061;https://openalex.org/W4281629868
https://openalex.org/A5025413673,https://openalex.org/S4210216316,7,0.8564,https://openalex.org/W4289767071;https://openalex.org/W4386211643;https://openalex.org/W4232416044;https://openalex.org/W3199295391;https://openalex.org/W3201430061;https://openalex.org/W4386211478;https://openalex.org/W4386213131
https://openalex.org/A5078354590,https://openalex.org/S4210216316,4,0.8456,https://openalex.org/W4386211097;https://openalex.org/W4386211795;https://openalex.org/W4386211500;https://openalex.org/W4386211700
https://openalex.org/A5066326238,https://openalex.org/S139930977,4,0.7466,https://openalex.org/W4211252815;https://openalex.org/W3127903075;https://openalex.org/W4367301899;https://openalex.org/W4308299712
https://openalex.org/A5066326238,https://openalex.org/S2485537415,2,0.7344,https://openalex.org/W2906705760;https://openalex.org/W2942688450
https://openalex.org/A5005346248,https://openalex.org/S2485537415,4,0.7142,https://openalex.org/W3163832451;https://openalex.org/W2942231644;https://openalex.org/W2791521493;https://openalex.org/W3117614253
https://openalex.org/A5000311801,https://openalex.org/S196734849,2,0.6648,https://openalex.org/W4402062555;https://openalex.org/W4225597912
https://openalex.org/A5010253402,https://openalex.org/S2764650051,2,0.7234,https://openalex.org/W3095642204;https://openalex.org/W3109225475
https://openalex.org/A5010253402,https://openalex.org/S107516304,2,0.8431,https://openalex.org/W2939903565;https://openalex.org/W2993436875
https://openalex.org/A5100726106,https://openalex.org/S2485537415,4,0.7269,https://openalex.org/W2960193895;https://openalex.org/W2973184394;https://openalex.org/W4312397225;https://openalex.org/W4387146075
https://openalex.org/A5081161599,https://openalex.org/S2485537415,3,0.646,https://openalex.org/W2966559104;https://openalex.org/W4401415327;https://openalex.org/W2979783877
https://openalex.org/A5037383891,https://openalex.org/S4210177785,3,0.8243,https://openalex.org/W2900654702;https://openalex.org/W4205413228;https://openalex.org/W2753870844
https://openalex.org/A5037383891,https://openalex.org/S52395412,2,0.8124,https://openalex.org/W4328049322;https://openalex.org/W4281730407
https://openalex.org/A5100324853,https://openalex.org/S178776955,3,0.8384,https://openalex.org/W3200289607;https://openalex.org/W4380355087;https://openalex.org/W4310239129
https://openalex.org/A5046733238,https://openalex.org/S64187185,2,0.8127,https://openalex.org/W4297020691;https://openalex.org/W4400076719
https://openalex.org/A5046733238,https://openalex.org/S178776955,3,0.8049,https://openalex.org/W4210699640;https://openalex.org/W2923894441;https://openalex.org/W4401143988
https://openalex.org/A5024306150,https://openalex.org/S178776955,3,0.8656,https://openalex.org/W4382296039;https://openalex.org/W3179731822;https://openalex.org/W4391954318
https://openalex.org/A5032100324,https://openalex.org/S196734849,3,0.8171,https://openalex.org/W2256527444;https://openalex.org/W3137968285;https://openalex.org/W2761550419
https://openalex.org/A5032100324,https://openalex.org/S178776955,2,0.7792,https://openalex.org/W2582417415;https://openalex.org/W4311910667
https://openalex.org/A5088904761,https://openalex.org/S4210192031,4,0.8539,https://openalex.org/W3123208891;https://openalex.org/W3211628713;https://openalex.org/W3190612593;https://openalex.org/W4310478570
https://openalex.org/A5109797436,https://openalex.org/S2485537415,6,0.7587,https://openalex.org/W3032087714;https://openalex.org/W3043958695;https://openalex.org/W4382341312;https://openalex.org/W3168420408;https://openalex.org/W2904391139;https://openalex.org/W2894776118
https://openalex.org/A5043322097,https://openalex.org/S2764955546,3,0.6788,https://openalex.org/W3211971560;https://openalex.org/W2914238300;https://openalex.org/W4318677156
https://openalex.org/A5043322097,https://openalex.org/S2485537415,3,0.6532,https://openalex.org/W3172526549;https://openalex.org/W4226069095;https://openalex.org/W4322703887
https://openalex.org/A5086794713,https://openalex.org/S2485537415,3,0.8334,https://openalex.org/W3194951196;https://openalex.org/W3123552645;https://openalex.org/W4285268260
https://openalex.org/A5054982958,https://openalex.org/S2485537415,2,0.5678,https://openalex.org/W3176558250;https://openalex.org/W4391164281
https://openalex.org/A5067210108,https://openalex.org/S2485537415,3,0.8239,https://openalex.org/W2954992643;https://openalex.org/W2944891925;https://openalex.org/W2893903145
https://openalex.org/A5067210108,https://openalex.org/S4210205812,2,0.8211,https://openalex.org/W4224991115;https://openalex.org/W4382403396
https://openalex.org/A5008946746,https://openalex.org/S2485537415,5,0.8085,https://openalex.org/W4323338633;https://openalex.org/W4385288643;https://openalex.org/W4226523368;https://openalex.org/W3035533770;https://openalex.org/W4386432304
https://openalex.org/A5044730658,https://openalex.org/S2485537415,3,0.785,https://openalex.org/W4323338633;https://openalex.org/W4385288643;https://openalex.org/W4386432304
https://openalex.org/A5044730658,https://openalex.org/S4210206423,3,0.7504,https://openalex.org/W4366282737;https://openalex.org/W4388331693;https://openalex.org/W4382134261
https://openalex.org/A5100376902,https://openalex.org/S52395412,3,0.8615,https://openalex.org/W4213164367;https://openalex.org/W4315928876;https://openalex.org/W3137675974
https://openalex.org/A5100376902,https://openalex.org/S2485537415,2,0.8315,https://openalex.org/W2915853139;https://openalex.org/W4226464749
https://openalex.org/A5087177935,https://openalex.org/S2485537415,5,0.8284,https://openalex.org/W3019913914;https://openalex.org/W3157030441;https://openalex.org/W2968893289;https://openalex.org/W4319303001;https://openalex.org/W2903517898
https://openalex.org/A5000640263,https://openalex.org/S2485537415,3,0.8472,https://openalex.org/W2909550475;https://openalex.org/W2909745252;https://openalex.org/W2767312243
https://openalex.org/A5000640263,https://openalex.org/S4210205812,3,0.6163,https://openalex.org/W3196263109;https://openalex.org/W4313894097;https://openalex.org/W3135016699
https://openalex.org/A5031161187,https://openalex.org/S2485537415,5,0.7355,https://openalex.org/W2773246426;https://openalex.org/W2951055820;https://openalex.org/W4323797436;https://openalex.org/W3008545278;https://openalex.org/W3002701914
https://openalex.org/A5062716310,https://openalex.org/S2485537415,3,0.6681,https://openalex.org/W4391855109;https://openalex.org/W3130362871;https://openalex.org/W4386266758
https://openalex.org/A5055666615,https://openalex.org/S2485537415,2,0.834,https://openalex.org/W4385288643;https://openalex.org/W4386432304
https://openalex.org/A5055666615,https://openalex.org/S4210206423,2,0.8287,https://openalex.org/W4366282737;https://openalex.org/W4382134261
https://openalex.org/A5069504905,https://openalex.org/S52395412,3,0.8115,https://openalex.org/W3152620848;https://openalex.org/W3191125769;https://openalex.org/W2801350946
https://openalex.org/A5081801388,https://openalex.org/S2729999759,4,0.7579,https://openalex.org/W3196696529;https://openalex.org/W1800542977;https://openalex.org/W2964910501;https://openalex.org/W4385859649
https://openalex.org/A5060537711,https://openalex.org/S2485537415,2,0.5907,https://openalex.org/W3012244339;https://openalex.org/W3028325023
https://openalex.org/A5084945522,https://openalex.org/S2485537415,2,0.8103,https://openalex.org/W3175492893;https://openalex.org/W2907973054
https://openalex.org/A5084945522,https://openalex.org/S4210205812,2,0.701,https://openalex.org/W3186170310;https://openalex.org/W4386601739
https://openalex.org/A5000042272,https://openalex.org/S2485537415,3,0.6725,https://openalex.org/W3039858014;https://openalex.org/W4318586178;https://openalex.org/W4405934115
https://openalex.org/A5074263397,https://openalex.org/S202381698,6,0.7436,https://openalex.org/W2536130102;https://openalex.org/W2565188366;https://openalex.org/W2496721172;https://openalex.org/W766922509;https://openalex.org/W4389058918;https://openalex.org/W4395676868
https://openalex.org/A5027267621,https://openalex.org/S2485537415,3,0.7628,https://openalex.org/W3119466383;https://openalex.org/W3205610845;https://openalex.org/W2951925285
https://openalex.org/A5027267621,https://openalex.org/S4210205812,2,0.8695,https://openalex.org/W4367626326;https://openalex.org/W4317617484
https://openalex.org/A5101881656,https://openalex.org/S107516304,4,0.8281,https://openalex.org/W3041935397;https://openalex.org/W2939631812;https://openalex.org/W3110815301;https://openalex.org/W2912435773
https://openalex.org/A5079987089,https://openalex.org/S178776955,2,0.8241,https://openalex.org/W2792677840;https://openalex.org/W4224212763
https://openalex.org/A5079987089,https://openalex.org/S196734849,4,0.7574,https://openalex.org/W3123104785;https://openalex.org/W4200332035;https://openalex.org/W2936103618;https://openalex.org/W3128196800
https://openalex.org/A5100403969,https://openalex.org/S2485537415,3,0.7215,https://openalex.org/W3096252612;https://openalex.org/W2936331919;https://openalex.org/W3213870678
https://openalex.org/A5045970551,https://openalex.org/S2485537415,2,0.892,https://openalex.org/W4312574105;https://openalex.org/W4320713000
https://openalex.org/A5029568096,https://openalex.org/S155526855,5,0.7936,https://openalex.org/W2899168892;https://openalex.org/W2423636506;https://openalex.org/W2906360040;https://openalex.org/W3133919387;https://openalex.org/W2424671613
https://openalex.org/A5011155311,https://openalex.org/S2485537415,2,0.6245,https://openalex.org/W2922032333;https://openalex.org/W4382468183
https://openalex.org/A5011155311,https://openalex.org/S4210192031,2,0.711,https://openalex.org/W4210744365;https://openalex.org/W4321375188
https://openalex.org/A5030323127,https://openalex.org/S4210178049,3,0.6213,https://openalex.org/W4285793625;https://openalex.org/W4392123654;https://openalex.org/W4388458466
https://openalex.org/A5078274543,https://openalex.org/S196734849,2,0.834,https://openalex.org/W4283378513;https://openalex.org/W4383534594
https://openalex.org/A5038037619,https://openalex.org/S2485537415,3,0.7937,https://openalex.org/W2171577765;https://openalex.org/W3003487666;https://openalex.org/W4390120085
https://openalex.org/A5038037619,https://openalex.org/S4210214273,2,0.6935,https://openalex.org/W4229077093;https://openalex.org/W4310050171
https://openalex.org/A5046694463,https://openalex.org/S2485537415,3,0.906,https://openalex.org/W3120655260;https://openalex.org/W4225921062;https://openalex.org/W4387092410
https://openalex.org/A5046694463,https://openalex.org/S4210178049,2,0.6853,https://openalex.org/W4206333944;https://openalex.org/W4281768282
https://openalex.org/A5028489416,https://openalex.org/S2764650051,4,0.7439,https://openalex.org/W4210661901;https://openalex.org/W4391910237;https://openalex.org/W4403600390;https://openalex.org/W3212899834
https://openalex.org/A5066949209,https://openalex.org/S52395412,3,0.8025,https://openalex.org/W4328049322;https://openalex.org/W3164925589;https://openalex.org/W4291250580
https://openalex.org/A5093193297,https://openalex.org/S196734849,2,0.8126,https://openalex.org/W4390946240;https://openalex.org/W4392169359
https://openalex.org/A5093193297,https://openalex.org/S2898612692,2,0.7994,https://openalex.org/W4388335935;https://openalex.org/W4390604464
https://openalex.org/A5093193297,https://openalex.org/S2485537415,2,0.6449,https://openalex.org/W4400645337;https://openalex.org/W4394896906
https://openalex.org/A5072277281,https://openalex.org/S196734849,2,0.8126,https://openalex.org/W4390946240;https://openalex.org/W4392169359
https://openalex.org/A5072277281,https://openalex.org/S2898612692,2,0.7994,https://openalex.org/W4388335935;https://openalex.org/W4390604464
https://openalex.org/A5072277281,https://openalex.org/S2485537415,2,0.6449,https://openalex.org/W4400645337;https://openalex.org/W4394896906
https://openalex.org/A5008311480,https://openalex.org/S2485537415,3,0.7639,https://openalex.org/W3202790311;https://openalex.org/W3021898574;https://openalex.org/W4328030910
https://openalex.org/A5011581435,https://openalex.org/S2485537415,2,0.7097,https://openalex.org/W2999108204;https://openalex.org/W2942163674
https://openalex.org/A5011581435,https://openalex.org/S4210205812,2,0.6905,https://openalex.org/W2997069303;https://openalex.org/W3029023946
https://openalex.org/A5068165294,https://openalex.org/S4210192031,2,0.6117,https://openalex.org/W4303856621;https://openalex.org/W4296004246
https://openalex.org/A5068165294,https://openalex.org/S2485537415,2,0.6345,https://openalex.org/W4382138536;https://openalex.org/W4293370708
https://openalex.org/A5100659849,https://openalex.org/S2485537415,6,0.7577,https://openalex.org/W2794841009;https://openalex.org/W2997820086;https://openalex.org/W2902191103;https://openalex.org/W2769414579;https://openalex.org/W2917365454;https://openalex.org/W2903059019
https://openalex.org/A5040908419,https://openalex.org/S4210205812,2,0.6108,https://openalex.org/W4224215031;https://openalex.org/W4361293727
https://openalex.org/A5040908419,https://openalex.org/S2485537415,2,0.899,https://openalex.org/W4226492624;https://openalex.org/W4402742409
https://openalex.org/A5025789067,https://openalex.org/S2485537415,4,0.7039,https://openalex.org/W4386124574;https://openalex.org/W4399452793;https://openalex.org/W3124832753;https://openalex.org/W4377224392
https://openalex.org/A5019400360,https://openalex.org/S4210172076,2,0.841,https://openalex.org/W4311960212;https://openalex.org/W4402749956
https://openalex.org/A5087758128,https://openalex.org/S4210172076,2,0.841,https://openalex.org/W4311960212;https://openalex.org/W4402749956
https://openalex.org/A5080650089,https://openalex.org/S2485537415,2,0.7136,https://openalex.org/W4399849747;https://openalex.org/W4386175605
https://openalex.org/A5080650089,https://openalex.org/S2737955091,3,0.7574,https://openalex.org/W3094203466;https://openalex.org/W4226134572;https://openalex.org/W3185972086
https://openalex.org/A5045469910,https://openalex.org/S4210205812,2,0.7544,https://openalex.org/W3152807617;https://openalex.org/W3181630015
https://openalex.org/A5045469910,https://openalex.org/S2485537415,3,0.7014,https://openalex.org/W3191170324;https://openalex.org/W3189177807;https://openalex.org/W4388936632
https://openalex.org/A5032362514,https://openalex.org/S2485537415,2,0.6023,https://openalex.org/W4211262673;https://openalex.org/W3204201789
https://openalex.org/A5032362514,https://openalex.org/S4210205812,2,0.6424,https://openalex.org/W4310716501;https://openalex.org/W4361284201
https://openalex.org/A5032362514,https://openalex.org/S101949793,2,0.5955,https://openalex.org/W4282574771;https://openalex.org/W4399495291
https://openalex.org/A5084148795,https://openalex.org/S4210192031,5,0.8351,https://openalex.org/W4214680607;https://openalex.org/W4200560608;https://openalex.org/W4229455296;https://openalex.org/W4220782845;https://openalex.org/W4220841746
https://openalex.org/A5100421963,https://openalex.org/S107516304,2,0.7659,https://openalex.org/W3150295779;https://openalex.org/W4284698419
https://openalex.org/A5049264093,https://openalex.org/S2485537415,6,0.6694,https://openalex.org/W2915265549;https://openalex.org/W2908636724;https://openalex.org/W2949230802;https://openalex.org/W4312271894;https://openalex.org/W4404914658;https://openalex.org/W4392207960
https://openalex.org/A5010863688,https://openalex.org/S2485537415,3,0.8389,https://openalex.org/W4386261835;https://openalex.org/W4323891929;https://openalex.org/W4387831813
https://openalex.org/A5010863688,https://openalex.org/S4210205812,2,0.7305,https://openalex.org/W4293685926;https://openalex.org/W4283323570
https://openalex.org/A5054102595,https://openalex.org/S4210177785,6,0.8457,https://openalex.org/W2921675148;https://openalex.org/W4206999655;https://openalex.org/W3149029499;https://openalex.org/W4283730429;https://openalex.org/W4394823076;https://openalex.org/W4283709215
https://openalex.org/A5052648906,https://openalex.org/S2485537415,4,0.6824,https://openalex.org/W4386275534;https://openalex.org/W3128592100;https://openalex.org/W4401878813;https://openalex.org/W4390423720
https://openalex.org/A5025895244,https://openalex.org/S2485537415,3,0.6764,https://openalex.org/W3001420715;https://openalex.org/W3036096940;https://openalex.org/W4387385704
https://openalex.org/A5025895244,https://openalex.org/S202381698,2,0.6009,https://openalex.org/W2224819999;https://openalex.org/W4400760981
https://openalex.org/A5000919145,https://openalex.org/S3035462843,2,0.7715,https://openalex.org/W2795749052;https://openalex.org/W3177008941
https://openalex.org/A5000919145,https://openalex.org/S2485537415,2,0.7806,https://openalex.org/W2797854610;https://openalex.org/W3110066417
https://openalex.org/A5082377531,https://openalex.org/S4210205812,2,0.6765,https://openalex.org/W2905957879;https://openalex.org/W3191629213
https://openalex.org/A5082377531,https://openalex.org/S20211220,2,0.8411,https://openalex.org/W3048150231;https://openalex.org/W3173907323
https://openalex.org/A5047672519,https://openalex.org/S207319443,3,0.6468,https://openalex.org/W3006908005;https://openalex.org/W3080314537;https://openalex.org/W3142030132
https://openalex.org/A5047672519,https://openalex.org/S2485537415,2,0.6217,https://openalex.org/W3113044294;https://openalex.org/W4206979650
https://openalex.org/A5063153446,https://openalex.org/S4210219776,2,0.6484,https://openalex.org/W2904800169;https://openalex.org/W3013567919
https://openalex.org/A5061568038,https://openalex.org/S2485537415,5,0.6483,https://openalex.org/W2990129687;https://openalex.org/W3000284755;https://openalex.org/W3007581057;https://openalex.org/W2997273301;https://openalex.org/W3047428196
https://openalex.org/A5100457322,https://openalex.org/S101949793,4,0.8402,https://openalex.org/W3198226370;https://openalex.org/W2753754860;https://openalex.org/W2922728516;https://openalex.org/W4213012813
https://openalex.org/A5100457322,https://openalex.org/S43295729,2,0.8885,https://openalex.org/W3095734770;https://openalex.org/W4392510184
https://openalex.org/A5067147989,https://openalex.org/S2764650051,2,0.7616,https://openalex.org/W2981443541;https://openalex.org/W3021671533
https://openalex.org/A5022672030,https://openalex.org/S4210205812,3,0.7357,https://openalex.org/W4394579450;https://openalex.org/W2913637861;https://openalex.org/W4384807907
https://openalex.org/A5006282634,https://openalex.org/S2485537415,5,0.8013,https://openalex.org/W3134954698;https://openalex.org/W2972256350;https://openalex.org/W4205699222;https://openalex.org/W3020340069;https://openalex.org/W3005448316
https://openalex.org/A5100434107,https://openalex.org/S195231649,2,0.8571,https://openalex.org/W2966205082;https://openalex.org/W3193930850
https://openalex.org/A5100434107,https://openalex.org/S2485537415,2,0.841,https://openalex.org/W2933683828;https://openalex.org/W2960057190
https://openalex.org/A5100434107,https://openalex.org/S101949793,2,0.8018,https://openalex.org/W2567290379;https://openalex.org/W2116041897
https://openalex.org/A5002452488,https://openalex.org/S4511983,5,0.6587,https://openalex.org/W2602608313;https://openalex.org/W2576704056;https://openalex.org/W3116900984;https://openalex.org/W3043587427;https://openalex.org/W4397289964
https://openalex.org/A5061176835,https://openalex.org/S34838331,3,0.8424,https://openalex.org/W3117559565;https://openalex.org/W4200099073;https://openalex.org/W4303645051
https://openalex.org/A5055261337,https://openalex.org/S2485537415,5,0.6495,https://openalex.org/W3013984202;https://openalex.org/W4312532246;https://openalex.org/W3161857679;https://openalex.org/W4400111494;https://openalex.org/W2971252977
https://openalex.org/A5020799762,https://openalex.org/S52395412,2,0.8541,https://openalex.org/W2309484081;https://openalex.org/W2141767483
https://openalex.org/A5068482436,https://openalex.org/S2485537415,5,0.8459,https://openalex.org/W2929674466;https://openalex.org/W3095103918;https://openalex.org/W3034665863;https://openalex.org/W2996425034;https://openalex.org/W4386609093
https://openalex.org/A5063619413,https://openalex.org/S4210205812,5,0.8046,https://openalex.org/W4383878503;https://openalex.org/W3203147359;https://openalex.org/W4206712611;https://openalex.org/W4385274493;https://openalex.org/W4213076711
https://openalex.org/A5010643037,https://openalex.org/S2485537415,4,0.6361,https://openalex.org/W2785637175;https://openalex.org/W4402770349;https://openalex.org/W4313855806;https://openalex.org/W3042104176
https://openalex.org/A5111563819,https://openalex.org/S101949793,3,0.8512,https://openalex.org/W2883267639;https://openalex.org/W2901326744;https://openalex.org/W2265672336
https://openalex.org/A5055433807,https://openalex.org/S2485537415,3,0.6802,https://openalex.org/W4400579076;https://openalex.org/W4312758655;https://openalex.org/W4396242640
https://openalex.org/A5050104206,https://openalex.org/S2729999759,4,0.7174,https://openalex.org/W2605118633;https://openalex.org/W4385859687;https://openalex.org/W4386902330;https://openalex.org/W3155766495
https://openalex.org/A5100386104,https://openalex.org/S2485537415,3,0.614,https://openalex.org/W4293732066;https://openalex.org/W3007917775;https://openalex.org/W4401443403
https://openalex.org/A5101544150,https://openalex.org/S4210192031,3,0.738,https://openalex.org/W4378377586;https://openalex.org/W4377115792;https://openalex.org/W4376874793
https://openalex.org/A5100641497,https://openalex.org/S4210205812,2,0.6374,https://openalex.org/W4367051427;https://openalex.org/W4392384894
https://openalex.org/A5100641497,https://openalex.org/S4210192031,3,0.7103,https://openalex.org/W4220668471;https://openalex.org/W4381661201;https://openalex.org/W4396509140
https://openalex.org/A5085507659,https://openalex.org/S4210177785,5,0.8342,https://openalex.org/W2884072513;https://openalex.org/W2915860004;https://openalex.org/W4386954465;https://openalex.org/W3092985612;https://openalex.org/W4293217022
https://openalex.org/A5068783500,https://openalex.org/S4210219776,3,0.7954,https://openalex.org/W4386286111;https://openalex.org/W4402516203;https://openalex.org/W4322772222
https://openalex.org/A5043893150,https://openalex.org/S178776955,6,0.7411,https://openalex.org/W4213315550;https://openalex.org/W4382502759;https://openalex.org/W4310239129;https://openalex.org/W4392742235;https://openalex.org/W4404711057;https://openalex.org/W4400834172
https://openalex.org/A5089702415,https://openalex.org/S2485537415,2,0.6466,https://openalex.org/W3095879648;https://openalex.org/W3106474382
https://openalex.org/A5040026225,https://openalex.org/S4210205812,2,0.8093,https://openalex.org/W3175278125;https://openalex.org/W3210440504
https://openalex.org/A5040026225,https://openalex.org/S2485537415,3,0.7851,https://openalex.org/W4316022120;https://openalex.org/W3194015442;https://openalex.org/W3159463234
https://openalex.org/A5071297693,https://openalex.org/S43295729,5,0.8918,https://openalex.org/W4224929134;https://openalex.org/W3185900221;https://openalex.org/W4390269138;https://openalex.org/W4402051652;https://openalex.org/W4289527429
https://openalex.org/A5100760049,https://openalex.org/S17147534,3,0.7804,https://openalex.org/W3211382224;https://openalex.org/W3100221118;https://openalex.org/W4285817165
https://openalex.org/A5050092213,https://openalex.org/S4210192031,4,0.6627,https://openalex.org/W4400808276;https://openalex.org/W4401067561;https://openalex.org/W4405188486;https://openalex.org/W4399528486
https://openalex.org/A5069945410,https://openalex.org/S196734849,2,0.7633,https://openalex.org/W4395043564;https://openalex.org/W4388764461
https://openalex.org/A5069945410,https://openalex.org/S4210178049,2,0.7031,https://openalex.org/W3202756368;https://openalex.org/W4398778780
https://openalex.org/A5102730986,https://openalex.org/S4210205812,3,0.7092,https://openalex.org/W3196176241;https://openalex.org/W4281750788;https://openalex.org/W3211118807
https://openalex.org/A5055898374,https://openalex.org/S2485537415,4,0.6594,https://openalex.org/W4382862484;https://openalex.org/W4400187958;https://openalex.org/W3152608870;https://openalex.org/W4285199256
https://openalex.org/A5031403492,https://openalex.org/S196734849,2,0.6867,https://openalex.org/W4389899904;https://openalex.org/W4311585066
https://openalex.org/A5031403492,https://openalex.org/S2764650051,3,0.7296,https://openalex.org/W4391910237;https://openalex.org/W4403600390;https://openalex.org/W3212899834
https://openalex.org/A5101793983,https://openalex.org/S2485537415,3,0.7086,https://openalex.org/W3025887701;https://openalex.org/W3157976823;https://openalex.org/W3181622257
https://openalex.org/A5080087070,https://openalex.org/S2485537415,3,0.7216,https://openalex.org/W2759033737;https://openalex.org/W4285249601;https://openalex.org/W4387092487
https://openalex.org/A5080087070,https://openalex.org/S196734849,2,0.8246,https://openalex.org/W4396795355;https://openalex.org/W4401814299
https://openalex.org/A5029029867,https://openalex.org/S4210228075,2,0.8031,https://openalex.org/W2903688408;https://openalex.org/W4200464847
https://openalex.org/A5029029867,https://openalex.org/S2485537415,2,0.7333,https://openalex.org/W2914111352;https://openalex.org/W4404576904
https://openalex.org/A5012456515,https://openalex.org/S202381698,2,0.8267,https://openalex.org/W1831938039;https://openalex.org/W2551415645
https://openalex.org/A5079233004,https://openalex.org/S2485537415,2,0.8604,https://openalex.org/W2964276548;https://openalex.org/W2964240490
https://openalex.org/A5079233004,https://openalex.org/S195231649,4,0.7732,https://openalex.org/W2803970458;https://openalex.org/W2941846502;https://openalex.org/W4391174801;https://openalex.org/W4312141206
https://openalex.org/A5016755636,https://openalex.org/S101949793,3,0.7335,https://openalex.org/W4292553540;https://openalex.org/W4400409116;https://openalex.org/W4293546196
https://openalex.org/A5016755636,https://openalex.org/S196734849,3,0.8526,https://openalex.org/W4382987973;https://openalex.org/W4402550992;https://openalex.org/W4402905056
https://openalex.org/A5080435987,https://openalex.org/S4210219776,3,0.6785,https://openalex.org/W4386030561;https://openalex.org/W4283765440;https://openalex.org/W4399428846
https://openalex.org/A5040302008,https://openalex.org/S107516304,2,0.7708,https://openalex.org/W4396624917;https://openalex.org/W4400081859
https://openalex.org/A5040302008,https://openalex.org/S4210195431,2,0.7752,https://openalex.org/W4281920142;https://openalex.org/W4403468860
https://openalex.org/A5085933596,https://openalex.org/S2485537415,4,0.6628,https://openalex.org/W2921483513;https://openalex.org/W2569168369;https://openalex.org/W2972830289;https://openalex.org/W3006560792
https://openalex.org/A5085933596,https://openalex.org/S2764413287,2,0.7756,https://openalex.org/W4401871638;https://openalex.org/W4401242686
https://openalex.org/A5007757643,https://openalex.org/S2485537415,2,0.6482,https://openalex.org/W4377862186;https://openalex.org/W4379984678
https://openalex.org/A5007757643,https://openalex.org/S4210205812,3,0.7807,https://openalex.org/W4320493863;https://openalex.org/W4323572170;https://openalex.org/W4365509797
https://openalex.org/A5069485198,https://openalex.org/S155526855,5,0.8192,https://openalex.org/W1970047378;https://openalex.org/W2591200570;https://openalex.org/W2523789507;https://openalex.org/W4236785475;https://openalex.org/W4225968298
https://openalex.org/A5073869382,https://openalex.org/S2737955091,6,0.6843,https://openalex.org/W2913149476;https://openalex.org/W2118023920;https://openalex.org/W2965813329;https://openalex.org/W3083683925;https://openalex.org/W4392617925;https://openalex.org/W4381251322
https://openalex.org/A5100351304,https://openalex.org/S4210205812,4,0.7524,https://openalex.org/W4399802434;https://openalex.org/W4396665745;https://openalex.org/W4221085362;https://openalex.org/W3017185923
https://openalex.org/A5100351304,https://openalex.org/S2485537415,2,0.534,https://openalex.org/W2809430558;https://openalex.org/W2921668109
https://openalex.org/A5108517562,https://openalex.org/S101949793,3,0.7615,https://openalex.org/W2902218291;https://openalex.org/W2513289169;https://openalex.org/W2800884029
https://openalex.org/A5021313143,https://openalex.org/S2485537415,4,0.7827,https://openalex.org/W2941893836;https://openalex.org/W2977311251;https://openalex.org/W2983922512;https://openalex.org/W4295308683
https://openalex.org/A5021313143,https://openalex.org/S4210192031,2,0.7421,https://openalex.org/W4295102864;https://openalex.org/W4315786409
https://openalex.org/A5034419172,https://openalex.org/S178776955,6,0.8659,https://openalex.org/W4298145759;https://openalex.org/W4378882591;https://openalex.org/W3128161808;https://openalex.org/W4295279609;https://openalex.org/W4382721714;https://openalex.org/W4400689592
https://openalex.org/A5004210985,https://openalex.org/S2764955546,6,0.7927,https://openalex.org/W3110065779;https://openalex.org/W3187657973;https://openalex.org/W3129207397;https://openalex.org/W4385782632;https://openalex.org/W2910520856;https://openalex.org/W4223584521
https://openalex.org/A5002768025,https://openalex.org/S2485537415,3,0.8147,https://openalex.org/W2972908007;https://openalex.org/W2969446040;https://openalex.org/W2952930071
https://openalex.org/A5002768025,https://openalex.org/S195231649,3,0.8612,https://openalex.org/W2955377799;https://openalex.org/W2945684526;https://openalex.org/W2775110583
https://openalex.org/A5005975806,https://openalex.org/S101949793,4,0.828,https://openalex.org/W3023853940;https://openalex.org/W2901247895;https://openalex.org/W4306399422;https://openalex.org/W3041068321
https://openalex.org/A5000090319,https://openalex.org/S2485537415,6,0.7786,https://openalex.org/W3000358377;https://openalex.org/W3014186522;https://openalex.org/W3046996261;https://openalex.org/W3001122366;https://openalex.org/W3020816427;https://openalex.org/W3004054259
https://openalex.org/A5100390176,https://openalex.org/S2485537415,3,0.9135,https://openalex.org/W3108562470;https://openalex.org/W2898680164;https://openalex.org/W3197294986
https://openalex.org/A5100390176,https://openalex.org/S207319443,2,0.5573,https://openalex.org/W2740172098;https://openalex.org/W2888996021
https://openalex.org/A5031903832,https://openalex.org/S101949793,3,0.8366,https://openalex.org/W3172697069;https://openalex.org/W4285803627;https://openalex.org/W2905414310
https://openalex.org/A5031903832,https://openalex.org/S4210205812,2,0.8183,https://openalex.org/W4283397819;https://openalex.org/W4321598855
https://openalex.org/A5070308323,https://openalex.org/S196734849,3,0.668,https://openalex.org/W4310273272;https://openalex.org/W3190685877;https://openalex.org/W4405854869
https://openalex.org/A5070308323,https://openalex.org/S4210205812,3,0.749,https://openalex.org/W4323313400;https://openalex.org/W4401886112;https://openalex.org/W4392163758
https://openalex.org/A5047524267,https://openalex.org/S34838331,3,0.8424,https://openalex.org/W3117559565;https://openalex.org/W4200099073;https://openalex.org/W4303645051
https://openalex.org/A5024914146,https://openalex.org/S195231649,4,0.8338,https://openalex.org/W3193930850;https://openalex.org/W3157138286;https://openalex.org/W3196905380;https://openalex.org/W2987889561
https://openalex.org/A5020968144,https://openalex.org/S4210177785,5,0.8056,https://openalex.org/W4283374278;https://openalex.org/W1963909008;https://openalex.org/W3017072419;https://openalex.org/W3042885143;https://openalex.org/W2141271471
https://openalex.org/A5084539864,https://openalex.org/S101949793,2,0.6986,https://openalex.org/W16027483;https://openalex.org/W2513289169
https://openalex.org/A5084539864,https://openalex.org/S2485537415,2,0.8352,https://openalex.org/W2968130068;https://openalex.org/W2912947506
https://openalex.org/A5012986562,https://openalex.org/S30889260,2,0.7477,https://openalex.org/W2885108343;https://openalex.org/W2789735085
https://openalex.org/A5012986562,https://openalex.org/S3569471,2,0.7798,https://openalex.org/W2902604810;https://openalex.org/W2770846886
https://openalex.org/A5042594437,https://openalex.org/S2764955546,2,0.8023,https://openalex.org/W4382934037;https://openalex.org/W4353046758
https://openalex.org/A5042594437,https://openalex.org/S4210178049,3,0.6829,https://openalex.org/W4399750672;https://openalex.org/W4394755861;https://openalex.org/W4403044989
https://openalex.org/A5015709853,https://openalex.org/S2729999759,3,0.7664,https://openalex.org/W4382335072;https://openalex.org/W3048868847;https://openalex.org/W2921642681
https://openalex.org/A5058695905,https://openalex.org/S4210205812,3,0.7132,https://openalex.org/W3173562877;https://openalex.org/W3025645514;https://openalex.org/W2990461827
https://openalex.org/A5038016610,https://openalex.org/S4210205812,4,0.7258,https://openalex.org/W3217501817;https://openalex.org/W4307942369;https://openalex.org/W4304606812;https://openalex.org/W4316673439
https://openalex.org/A5090304213,https://openalex.org/S2595095599,2,0.7495,https://openalex.org/W2996443676;https://openalex.org/W4300818856
https://openalex.org/A5090304213,https://openalex.org/S202381698,3,0.6864,https://openalex.org/W2883344759;https://openalex.org/W2471648397;https://openalex.org/W3085184538
https://openalex.org/A5087234515,https://openalex.org/S2764846071,6,0.6844,https://openalex.org/W2202134389;https://openalex.org/W1922521133;https://openalex.org/W1485599676;https://openalex.org/W2214223222;https://openalex.org/W1569827313;https://openalex.org/W1735233097
https://openalex.org/A5033006575,https://openalex.org/S2729999759,3,0.7404,https://openalex.org/W1615991656;https://openalex.org/W2966176804;https://openalex.org/W3187984992
https://openalex.org/A5056014647,https://openalex.org/S3569471,5,0.7831,https://openalex.org/W4285802957;https://openalex.org/W2765736136;https://openalex.org/W2582902923;https://openalex.org/W3140584830;https://openalex.org/W3117343553
https://openalex.org/A5011513741,https://openalex.org/S2485537415,4,0.631,https://openalex.org/W4382862484;https://openalex.org/W4400187958;https://openalex.org/W4296437988;https://openalex.org/W4285021564
https://openalex.org/A5011513741,https://openalex.org/S43295729,2,0.859,https://openalex.org/W4295094751;https://openalex.org/W4285006229
https://openalex.org/A5049722352,https://openalex.org/S2485537415,3,0.6646,https://openalex.org/W4377862186;https://openalex.org/W4402474288;https://openalex.org/W4379984678
https://openalex.org/A5049722352,https://openalex.org/S4210205812,3,0.7807,https://openalex.org/W4320493863;https://openalex.org/W4323572170;https://openalex.org/W4365509797
https://openalex.org/A5108441514,https://openalex.org/S101949793,5,0.8206,https://openalex.org/W2883267639;https://openalex.org/W2901326744;https://openalex.org/W2803849221;https://openalex.org/W2949419147;https://openalex.org/W2265672336
https://openalex.org/A5109244101,https://openalex.org/S2737955091,2,0.7812,https://openalex.org/W4311212904;https://openalex.org/W4404697054
https://openalex.org/A5109244101,https://openalex.org/S2764955546,2,0.5879,https://openalex.org/W3005050449;https://openalex.org/W3121883613
https://openalex.org/A5013306597,https://openalex.org/S4210205812,2,0.7985,https://openalex.org/W4366986929;https://openalex.org/W4361005481
https://openalex.org/A5013306597,https://openalex.org/S149016011,3,0.865,https://openalex.org/W2331450203;https://openalex.org/W2223210089;https://openalex.org/W2891144776
https://openalex.org/A5085700327,https://openalex.org/S139930977,5,0.8496,https://openalex.org/W2997675395;https://openalex.org/W4382651708;https://openalex.org/W3175616061;https://openalex.org/W4390718224;https://openalex.org/W4384153582
https://openalex.org/A5073713636,https://openalex.org/S4210177785,3,0.854,https://openalex.org/W2504150216;https://openalex.org/W4287845675;https://openalex.org/W4285810183
https://openalex.org/A5015548774,https://openalex.org/S4210205812,2,0.7584,https://openalex.org/W4388018698;https://openalex.org/W4398235480
https://openalex.org/A5015548774,https://openalex.org/S4210219776,2,0.8219,https://openalex.org/W2980449122;https://openalex.org/W2981546283
https://openalex.org/A5008490552,https://openalex.org/S2485537415,2,0.7632,https://openalex.org/W3034354639;https://openalex.org/W3117693614
https://openalex.org/A5022447403,https://openalex.org/S4210205812,6,0.7115,https://openalex.org/W4229454050;https://openalex.org/W2912334061;https://openalex.org/W3119425291;https://openalex.org/W3135159332;https://openalex.org/W4228998034;https://openalex.org/W4402856262
https://openalex.org/A5107194001,https://openalex.org/S2485537415,2,0.6842,https://openalex.org/W3164949737;https://openalex.org/W3015280435
https://openalex.org/A5107194001,https://openalex.org/S4210205812,4,0.738,https://openalex.org/W2954505781;https://openalex.org/W4223648795;https://openalex.org/W4229014348;https://openalex.org/W2791352079
https://openalex.org/A5043545263,https://openalex.org/S4210177785,5,0.8089,https://openalex.org/W2964165247;https://openalex.org/W1970357229;https://openalex.org/W2615944727;https://openalex.org/W2480003859;https://openalex.org/W4233708824
https://openalex.org/A5065685274,https://openalex.org/S2729999759,6,0.7477,https://openalex.org/W2912924812;https://openalex.org/W4327656139;https://openalex.org/W3085552234;https://openalex.org/W4406237254;https://openalex.org/W3047682763;https://openalex.org/W4390075256
https://openalex.org/A5026672125,https://openalex.org/S4210172076,3,0.8918,https://openalex.org/W3217179860;https://openalex.org/W3213612848;https://openalex.org/W4286586316
https://openalex.org/A5026672125,https://openalex.org/S4210177785,2,0.8433,https://openalex.org/W4281401618;https://openalex.org/W3138572870
https://openalex.org/A5005863795,https://openalex.org/S2485537415,3,0.6543,https://openalex.org/W3201854521;https://openalex.org/W4391019654;https://openalex.org/W4400488463
https://openalex.org/A5005863795,https://openalex.org/S2737955091,3,0.6603,https://openalex.org/W2935702192;https://openalex.org/W4307135222;https://openalex.org/W4400929358
https://openalex.org/A5027910818,https://openalex.org/S4210205812,2,0.6108,https://openalex.org/W4224215031;https://openalex.org/W4361293727
https://openalex.org/A5027910818,https://openalex.org/S2485537415,2,0.6496,https://openalex.org/W4226492624;https://openalex.org/W3165439333
https://openalex.org/A5063300969,https://openalex.org/S2485537415,2,0.7341,https://openalex.org/W2998165854;https://openalex.org/W2970032940
https://openalex.org/A5063300969,https://openalex.org/S196734849,2,0.5881,https://openalex.org/W4391168486;https://openalex.org/W3183327882
https://openalex.org/A5000963583,https://openalex.org/S2485537415,2,0.7341,https://openalex.org/W2998165854;https://openalex.org/W2970032940
https://openalex.org/A5000963583,https://openalex.org/S196734849,2,0.5881,https://openalex.org/W4391168486;https://openalex.org/W3183327882
https://openalex.org/A5012442974,https://openalex.org/S4210205812,2,0.6894,https://openalex.org/W2899339345;https://openalex.org/W2890190333
https://openalex.org/A5012442974,https://openalex.org/S2485537415,2,0.7924,https://openalex.org/W3127453068;https://openalex.org/W3044395461
https://openalex.org/A5005920271,https://openalex.org/S64187185,2,0.8266,https://openalex.org/W4313197653;https://openalex.org/W4313596643
https://openalex.org/A5005920271,https://openalex.org/S178776955,4,0.7474,https://openalex.org/W4300773178;https://openalex.org/W2953467609;https://openalex.org/W4313589600;https://openalex.org/W3112727026
https://openalex.org/A5047699861,https://openalex.org/S2729999759,5,0.6997,https://openalex.org/W3157758108;https://openalex.org/W4312516176;https://openalex.org/W1855867616;https://openalex.org/W2963847116;https://openalex.org/W3174266714
https://openalex.org/A5026253993,https://openalex.org/S4210205812,3,0.6654,https://openalex.org/W3203725514;https://openalex.org/W4309613853;https://openalex.org/W4221031469
https://openalex.org/A5074492402,https://openalex.org/S2595095599,5,0.8333,https://openalex.org/W2071810814;https://openalex.org/W3186734397;https://openalex.org/W3184253405;https://openalex.org/W4386033190;https://openalex.org/W2918544916
https://openalex.org/A5052954560,https://openalex.org/S4210205812,2,0.6998,https://openalex.org/W3159506165;https://openalex.org/W3124821295
https://openalex.org/A5052954560,https://openalex.org/S2485537415,3,0.7372,https://openalex.org/W3198331626;https://openalex.org/W3090154305;https://openalex.org/W3035269559
https://openalex.org/A5038594863,https://openalex.org/S2485537415,4,0.7097,https://openalex.org/W2899086481;https://openalex.org/W3011517489;https://openalex.org/W2790452209;https://openalex.org/W2996884220
https://openalex.org/A5000176863,https://openalex.org/S196734849,2,0.8056,https://openalex.org/W4311115259;https://openalex.org/W4404519547
https://openalex.org/A5017283574,https://openalex.org/S202381698,4,0.7683,https://openalex.org/W2122522916;https://openalex.org/W2278629362;https://openalex.org/W3166927129;https://openalex.org/W2791979951
https://openalex.org/A5091844455,https://openalex.org/S2485537415,6,0.7578,https://openalex.org/W4285258410;https://openalex.org/W3092431010;https://openalex.org/W3039665270;https://openalex.org/W3096764957;https://openalex.org/W4312441539;https://openalex.org/W3108535498
https://openalex.org/A5020451338,https://openalex.org/S2485537415,3,0.6362,https://openalex.org/W4403181863;https://openalex.org/W3082944873;https://openalex.org/W4404125296
https://openalex.org/A5100325881,https://openalex.org/S2764650051,2,0.7603,https://openalex.org/W2972483465;https://openalex.org/W2980913398
https://openalex.org/A5044971688,https://openalex.org/S178776955,4,0.7691,https://openalex.org/W2762080095;https://openalex.org/W3086955246;https://openalex.org/W2973075481;https://openalex.org/W2898551707
https://openalex.org/A5044971688,https://openalex.org/S196734849,2,0.7639,https://openalex.org/W2955147924;https://openalex.org/W2996409363
https://openalex.org/A5003257736,https://openalex.org/S2485537415,2,0.6441,https://openalex.org/W2784168210;https://openalex.org/W4323338260
https://openalex.org/A5003257736,https://openalex.org/S107516304,3,0.7642,https://openalex.org/W3212055541;https://openalex.org/W3081791105;https://openalex.org/W4388035001
https://openalex.org/A5101611041,https://openalex.org/S4210219776,2,0.7071,https://openalex.org/W2739836671;https://openalex.org/W2943360842
https://openalex.org/A5101611041,https://openalex.org/S2485537415,2,0.7775,https://openalex.org/W4388739100;https://openalex.org/W4404520688
https://openalex.org/A5008103968,https://openalex.org/S202381698,2,0.789,https://openalex.org/W2516333753;https://openalex.org/W3016265934
https://openalex.org/A5008103968,https://openalex.org/S4210177785,2,0.8437,https://openalex.org/W4379377286;https://openalex.org/W4283702254
https://openalex.org/A5006845149,https://openalex.org/S2764413287,2,0.7599,https://openalex.org/W4392886985;https://openalex.org/W4376126493
https://openalex.org/A5064562623,https://openalex.org/S2485537415,4,0.7173,https://openalex.org/W3126165211;https://openalex.org/W2803080351;https://openalex.org/W4291653569;https://openalex.org/W4405907124
https://openalex.org/A5081462507,https://openalex.org/S2729999759,6,0.7431,https://openalex.org/W2998696444;https://openalex.org/W3159900299;https://openalex.org/W3187984992;https://openalex.org/W2973111096;https://openalex.org/W3202712981;https://openalex.org/W3202673127
https://openalex.org/A5069580698,https://openalex.org/S2485537415,2,0.6128,https://openalex.org/W3158109590;https://openalex.org/W3216673337
https://openalex.org/A5069580698,https://openalex.org/S196734849,2,0.6867,https://openalex.org/W4306845373;https://openalex.org/W4282917384
https://openalex.org/A5000807090,https://openalex.org/S2485537415,6,0.6648,https://openalex.org/W3007556402;https://openalex.org/W2911883666;https://openalex.org/W4388486518;https://openalex.org/W3005759882;https://openalex.org/W4396941410;https://openalex.org/W4404056809
https://openalex.org/A5100359729,https://openalex.org/S52395412,3,0.8615,https://openalex.org/W4213164367;https://openalex.org/W4315928876;https://openalex.org/W3137675974
https://openalex.org/A5100359729,https://openalex.org/S2485537415,2,0.8315,https://openalex.org/W2915853139;https://openalex.org/W4226464749
https://openalex.org/A5073995883,https://openalex.org/S4210177785,5,0.879,https://openalex.org/W3014754116;https://openalex.org/W2793314278;https://openalex.org/W3118232860;https://openalex.org/W3172375847;https://openalex.org/W2566450153
https://openalex.org/A5051693368,https://openalex.org/S2729999759,6,0.7816,https://openalex.org/W4389777735;https://openalex.org/W4384211302;https://openalex.org/W2621975677;https://openalex.org/W4402227281;https://openalex.org/W4390035079;https://openalex.org/W4404577698
https://openalex.org/A5042874172,https://openalex.org/S52395412,2,0.8858,https://openalex.org/W4393094733;https://openalex.org/W4376274483
https://openalex.org/A5057324156,https://openalex.org/S2485537415,6,0.6994,https://openalex.org/W3196024535;https://openalex.org/W4318821268;https://openalex.org/W4322731132;https://openalex.org/W4288062335;https://openalex.org/W4319303153;https://openalex.org/W4401357435
https://openalex.org/A5024400994,https://openalex.org/S4210173132,2,0.7049,https://openalex.org/W2913029579;https://openalex.org/W4281736224
https://openalex.org/A5000523744,https://openalex.org/S2485537415,2,0.8813,https://openalex.org/W2998248698;https://openalex.org/W2980901239
https://openalex.org/A5000523744,https://openalex.org/S101949793,4,0.8154,https://openalex.org/W2990262304;https://openalex.org/W3001278556;https://openalex.org/W2793314072;https://openalex.org/W2884678912
https://openalex.org/A5039248013,https://openalex.org/S190629608,2,0.6988,https://openalex.org/W2411453843;https://openalex.org/W2747278455
https://openalex.org/A5039248013,https://openalex.org/S4210219776,2,0.8887,https://openalex.org/W2743714710;https://openalex.org/W2746966637
https://openalex.org/A5068836418,https://openalex.org/S4210205812,2,0.8127,https://openalex.org/W2999969016;https://openalex.org/W4297988740
https://openalex.org/A5068836418,https://openalex.org/S101949793,2,0.8246,https://openalex.org/W4297225315;https://openalex.org/W3093104061
https://openalex.org/A5100648540,https://openalex.org/S2485537415,3,0.6486,https://openalex.org/W2904840003;https://openalex.org/W2956513391;https://openalex.org/W2969482165
https://openalex.org/A5100605822,https://openalex.org/S2485537415,5,0.6776,https://openalex.org/W4401806714;https://openalex.org/W2981807056;https://openalex.org/W4321022102;https://openalex.org/W4327522484;https://openalex.org/W4312336295
https://openalex.org/A5028297120,https://openalex.org/S2485537415,2,0.7341,https://openalex.org/W2998165854;https://openalex.org/W2970032940
https://openalex.org/A5028297120,https://openalex.org/S196734849,2,0.5881,https://openalex.org/W4391168486;https://openalex.org/W3183327882
https://openalex.org/A5048482308,https://openalex.org/S2485537415,2,0.7341,https://openalex.org/W2998165854;https://openalex.org/W2970032940
https://openalex.org/A5048482308,https://openalex.org/S196734849,2,0.5881,https://openalex.org/W4391168486;https://openalex.org/W3183327882
https://openalex.org/A5044774713,https://openalex.org/S2485537415,2,0.7341,https://openalex.org/W2998165854;https://openalex.org/W2970032940
https://openalex.org/A5044774713,https://openalex.org/S196734849,2,0.5881,https://openalex.org/W4391168486;https://openalex.org/W3183327882
https://openalex.org/A5103038046,https://openalex.org/S2485537415,3,0.8175,https://openalex.org/W2980901239;https://openalex.org/W3002006595;https://openalex.org/W2996398454
https://openalex.org/A5103038046,https://openalex.org/S101949793,3,0.8105,https://openalex.org/W2793314072;https://openalex.org/W2884678912;https://openalex.org/W2810375836
https://openalex.org/A5081762277,https://openalex.org/S4210192031,3,0.7968,https://openalex.org/W4221101703;https://openalex.org/W4282590857;https://openalex.org/W4311393140
https://openalex.org/A5081762277,https://openalex.org/S195231649,2,0.8338,https://openalex.org/W3031946898;https://openalex.org/W3113931315
https://openalex.org/A5047767074,https://openalex.org/S178776955,2,0.7421,https://openalex.org/W2582417415;https://openalex.org/W3097589053
https://openalex.org/A5047767074,https://openalex.org/S196734849,3,0.8245,https://openalex.org/W3015841640;https://openalex.org/W2761550419;https://openalex.org/W3203002989
https://openalex.org/A5109011370,https://openalex.org/S2485537415,2,0.5278,https://openalex.org/W3213261539;https://openalex.org/W3120554003
https://openalex.org/A5109011370,https://openalex.org/S4210192031,2,0.7167,https://openalex.org/W2995550338;https://openalex.org/W3006986403
https://openalex.org/A5058162322,https://openalex.org/S101949793,2,0.7984,https://openalex.org/W4286433398;https://openalex.org/W4379144833
https://openalex.org/A5058162322,https://openalex.org/S2485537415,3,0.6725,https://openalex.org/W4285262630;https://openalex.org/W4285157909;https://openalex.org/W4323914714
https://openalex.org/A5075057705,https://openalex.org/S101949793,3,0.7148,https://openalex.org/W3096167185;https://openalex.org/W3142507299;https://openalex.org/W3164728482
https://openalex.org/A5031383405,https://openalex.org/S101949793,3,0.767,https://openalex.org/W4386073909;https://openalex.org/W4396219630;https://openalex.org/W3112499222
https://openalex.org/A5031383405,https://openalex.org/S4210205812,3,0.6543,https://openalex.org/W4229334812;https://openalex.org/W4288060343;https://openalex.org/W4388097704
https://openalex.org/A5010706593,https://openalex.org/S4210178049,2,0.7639,https://openalex.org/W4281768282;https://openalex.org/W3169992079
https://openalex.org/A5084810449,https://openalex.org/S2485537415,4,0.6495,https://openalex.org/W2901160118;https://openalex.org/W4405488126;https://openalex.org/W4388676590;https://openalex.org/W4404307326
https://openalex.org/A5084810449,https://openalex.org/S202381698,2,0.6768,https://openalex.org/W2286289445;https://openalex.org/W2564768568
https://openalex.org/A5015158455,https://openalex.org/S196734849,2,0.7443,https://openalex.org/W2589440298;https://openalex.org/W2688138122
https://openalex.org/A5076237464,https://openalex.org/S4210205812,2,0.8475,https://openalex.org/W3128590715;https://openalex.org/W3216493525
https://openalex.org/A5076237464,https://openalex.org/S101949793,2,0.6879,https://openalex.org/W4386168434;https://openalex.org/W4319160453
https://openalex.org/A5068381772,https://openalex.org/S2485537415,2,0.817,https://openalex.org/W3000211599;https://openalex.org/W3121557814
https://openalex.org/A5068381772,https://openalex.org/S4210206423,3,0.7285,https://openalex.org/W4384131469;https://openalex.org/W4379471574;https://openalex.org/W4397001521
https://openalex.org/A5046870688,https://openalex.org/S196734849,3,0.7475,https://openalex.org/W4389899904;https://openalex.org/W4311585066;https://openalex.org/W4403240524
https://openalex.org/A5046870688,https://openalex.org/S2764650051,3,0.7296,https://openalex.org/W4391910237;https://openalex.org/W4403600390;https://openalex.org/W3212899834
https://openalex.org/A5048439047,https://openalex.org/S2485537415,2,0.546,https://openalex.org/W4401357324;https://openalex.org/W4378903366
https://openalex.org/A5048439047,https://openalex.org/S196734849,2,0.8924,https://openalex.org/W4399704219;https://openalex.org/W4280556124
https://openalex.org/A5029857334,https://openalex.org/S2485537415,2,0.6309,https://openalex.org/W4403094449;https://openalex.org/W4394994566
https://openalex.org/A5029857334,https://openalex.org/S202381698,2,0.6413,https://openalex.org/W4391808171;https://openalex.org/W4391124585
https://openalex.org/A5074839699,https://openalex.org/S2729999759,4,0.6915,https://openalex.org/W3110300144;https://openalex.org/W2538197161;https://openalex.org/W4327656139;https://openalex.org/W3085552234
https://openalex.org/A5074839699,https://openalex.org/S155526855,2,1.0,https://openalex.org/W4383533118;https://openalex.org/W4381432831
https://openalex.org/A5087619194,https://openalex.org/S2485537415,5,0.6776,https://openalex.org/W4401806714;https://openalex.org/W2981807056;https://openalex.org/W4321022102;https://openalex.org/W4327522484;https://openalex.org/W4312336295
https://openalex.org/A5036446909,https://openalex.org/S2485537415,6,0.6937,https://openalex.org/W3088606091;https://openalex.org/W2996310233;https://openalex.org/W4285106486;https://openalex.org/W3112114674;https://openalex.org/W4321021947;https://openalex.org/W3206779819
https://openalex.org/A5100704639,https://openalex.org/S2764650051,2,0.6462,https://openalex.org/W3111012053;https://openalex.org/W2785517012
https://openalex.org/A5100704639,https://openalex.org/S52395412,2,0.8159,https://openalex.org/W3164925589;https://openalex.org/W4291250580
https://openalex.org/A5081787254,https://openalex.org/S2729999759,4,0.7271,https://openalex.org/W3045321166;https://openalex.org/W4403296573;https://openalex.org/W4210451781;https://openalex.org/W4384211234
https://openalex.org/A5009213904,https://openalex.org/S4210172076,5,0.8034,https://openalex.org/W4320491575;https://openalex.org/W4308868318;https://openalex.org/W4309690130;https://openalex.org/W4386222914;https://openalex.org/W4309682773
https://openalex.org/A5023633400,https://openalex.org/S196734849,6,0.7915,https://openalex.org/W3191743075;https://openalex.org/W4386944776;https://openalex.org/W4283321614;https://openalex.org/W2891816967;https://openalex.org/W4311744990;https://openalex.org/W4391335178
https://openalex.org/A5100431634,https://openalex.org/S202381698,4,0.8195,https://openalex.org/W4383506623;https://openalex.org/W4385754981;https://openalex.org/W4280507017;https://openalex.org/W4390496682
https://openalex.org/A5041001461,https://openalex.org/S34838331,2,0.7434,https://openalex.org/W4382599584;https://openalex.org/W4296991788
https://openalex.org/A5041001461,https://openalex.org/S4210238752,2,0.6597,https://openalex.org/W4405029616;https://openalex.org/W4391994285
https://openalex.org/A5000320630,https://openalex.org/S4210192031,6,0.8586,https://openalex.org/W4214680607;https://openalex.org/W4229455296;https://openalex.org/W4220782845;https://openalex.org/W4220841746;https://openalex.org/W4223424642;https://openalex.org/W4224233121
https://openalex.org/A5023424035,https://openalex.org/S101949793,2,0.6244,https://openalex.org/W4378983216;https://openalex.org/W3128989309
https://openalex.org/A5023424035,https://openalex.org/S4210219776,2,0.7749,https://openalex.org/W4323314906;https://openalex.org/W4386032032
https://openalex.org/A5100370452,https://openalex.org/S19032547,3,0.7504,https://openalex.org/W3042805419;https://openalex.org/W4220988961;https://openalex.org/W3087252502
https://openalex.org/A5072745905,https://openalex.org/S2485537415,3,0.7185,https://openalex.org/W4323891929;https://openalex.org/W4388505260;https://openalex.org/W4387682284
https://openalex.org/A5072745905,https://openalex.org/S4210205812,2,0.5982,https://openalex.org/W4293527323;https://openalex.org/W4283323570
https://openalex.org/A5066447873,https://openalex.org/S2485537415,4,0.7699,https://openalex.org/W4323345796;https://openalex.org/W4312311432;https://openalex.org/W3194963579;https://openalex.org/W4383113550
https://openalex.org/A5030496360,https://openalex.org/S2485537415,3,0.7646,https://openalex.org/W3021126976;https://openalex.org/W4389076573;https://openalex.org/W4293732343
https://openalex.org/A5030496360,https://openalex.org/S202381698,2,0.6303,https://openalex.org/W3005617616;https://openalex.org/W3114714815
https://openalex.org/A5043200528,https://openalex.org/S2485537415,3,0.6635,https://openalex.org/W4401416267;https://openalex.org/W4387682074;https://openalex.org/W3159062288
https://openalex.org/A5043200528,https://openalex.org/S207319443,2,0.6685,https://openalex.org/W4297963611;https://openalex.org/W3199440884
https://openalex.org/A5061049695,https://openalex.org/S2485537415,2,0.6622,https://openalex.org/W4396754444;https://openalex.org/W4385338656
https://openalex.org/A5075903779,https://openalex.org/S2738286576,4,0.8081,https://openalex.org/W2588988101;https://openalex.org/W2781915468;https://openalex.org/W2807035445;https://openalex.org/W2566896297
https://openalex.org/A5070952629,https://openalex.org/S2485537415,3,0.6044,https://openalex.org/W2777670633;https://openalex.org/W2144721689;https://openalex.org/W3048090083
https://openalex.org/A5001588690,https://openalex.org/S202381698,3,0.7224,https://openalex.org/W1558920685;https://openalex.org/W4386022823;https://openalex.org/W2102333568
https://openalex.org/A5021288055,https://openalex.org/S4210205812,2,0.7623,https://openalex.org/W2995567037;https://openalex.org/W4285803002
https://openalex.org/A5071943346,https://openalex.org/S2485537415,3,0.7612,https://openalex.org/W3022089060;https://openalex.org/W3212763195;https://openalex.org/W3015389677
https://openalex.org/A5071943346,https://openalex.org/S4210205812,2,0.7277,https://openalex.org/W4361280362;https://openalex.org/W2903416531
https://openalex.org/A5015029647,https://openalex.org/S196734849,2,0.8217,https://openalex.org/W3137968285;https://openalex.org/W2761550419
https://openalex.org/A5015029647,https://openalex.org/S178776955,2,0.9299,https://openalex.org/W3201058556;https://openalex.org/W4391949113
https://openalex.org/A5054259330,https://openalex.org/S127898559,4,0.7701,https://openalex.org/W2963454293;https://openalex.org/W3197314992;https://openalex.org/W4225624945;https://openalex.org/W4405456220
https://openalex.org/A5016393348,https://openalex.org/S4210192031,5,0.7511,https://openalex.org/W2987795137;https://openalex.org/W4308548247;https://openalex.org/W4281756947;https://openalex.org/W3080342797;https://openalex.org/W3080740697
https://openalex.org/A5086053075,https://openalex.org/S4210205812,6,0.7741,https://openalex.org/W3212905267;https://openalex.org/W3083389769;https://openalex.org/W3080812861;https://openalex.org/W3095424117;https://openalex.org/W3127404465;https://openalex.org/W3134398094
https://openalex.org/A5055630362,https://openalex.org/S195231649,3,0.8039,https://openalex.org/W3215175367;https://openalex.org/W3176798223;https://openalex.org/W3083573993
https://openalex.org/A5055630362,https://openalex.org/S2485537415,2,0.7572,https://openalex.org/W2940586294;https://openalex.org/W2990652671
https://openalex.org/A5100602280,https://openalex.org/S2485537415,2,0.8026,https://openalex.org/W2968344872;https://openalex.org/W3006913685
https://openalex.org/A5100646858,https://openalex.org/S190629608,2,0.7741,https://openalex.org/W2936908223;https://openalex.org/W2953776251
https://openalex.org/A5100646858,https://openalex.org/S2485537415,2,0.7767,https://openalex.org/W3035573586;https://openalex.org/W3103218521
https://openalex.org/A5042597849,https://openalex.org/S2485537415,4,0.6984,https://openalex.org/W3176795340;https://openalex.org/W3194951196;https://openalex.org/W3123552645;https://openalex.org/W4285268260
https://openalex.org/A5042597849,https://openalex.org/S4210205812,2,0.5375,https://openalex.org/W3041089014;https://openalex.org/W2889583035
https://openalex.org/A5058040901,https://openalex.org/S34838331,3,0.8424,https://openalex.org/W3117559565;https://openalex.org/W4200099073;https://openalex.org/W4303645051
https://openalex.org/A5070963003,https://openalex.org/S2485537415,2,0.8266,https://openalex.org/W3028572733;https://openalex.org/W4404563518
https://openalex.org/A5070963003,https://openalex.org/S101949793,2,0.7324,https://openalex.org/W4309456570;https://openalex.org/W4393150239
https://openalex.org/A5052621616,https://openalex.org/S2485537415,3,0.6635,https://openalex.org/W4401416267;https://openalex.org/W4387682074;https://openalex.org/W3159062288
https://openalex.org/A5052621616,https://openalex.org/S207319443,2,0.6685,https://openalex.org/W4297963611;https://openalex.org/W3199440884
https://openalex.org/A5032226587,https://openalex.org/S2764650051,3,0.7027,https://openalex.org/W4396636615;https://openalex.org/W3094834348;https://openalex.org/W4392413980
https://openalex.org/A5030913900,https://openalex.org/S2485537415,5,0.6495,https://openalex.org/W3013984202;https://openalex.org/W4312532246;https://openalex.org/W3161857679;https://openalex.org/W4400111494;https://openalex.org/W2971252977
https://openalex.org/A5038829303,https://openalex.org/S3569471,4,0.7672,https://openalex.org/W2891740568;https://openalex.org/W2751182961;https://openalex.org/W2992409046;https://openalex.org/W2737602068
https://openalex.org/A5022806095,https://openalex.org/S4210192031,2,0.6406,https://openalex.org/W3142351387;https://openalex.org/W4386911245
https://openalex.org/A5022806095,https://openalex.org/S4210205812,3,0.8339,https://openalex.org/W2471967309;https://openalex.org/W4400321791;https://openalex.org/W3006354545
https://openalex.org/A5045137489,https://openalex.org/S2485537415,3,0.808,https://openalex.org/W2964082281;https://openalex.org/W2901619198;https://openalex.org/W2913381670
https://openalex.org/A5045137489,https://openalex.org/S3035462843,2,0.6484,https://openalex.org/W4404427271;https://openalex.org/W4392372184
https://openalex.org/A5078241205,https://openalex.org/S101949793,3,0.8138,https://openalex.org/W2502893273;https://openalex.org/W2758343895;https://openalex.org/W2893986908
https://openalex.org/A5078241205,https://openalex.org/S2485537415,2,0.8402,https://openalex.org/W2896590852;https://openalex.org/W3006928856
https://openalex.org/A5081318069,https://openalex.org/S2485537415,4,0.6214,https://openalex.org/W2957245067;https://openalex.org/W2528570538;https://openalex.org/W2794247594;https://openalex.org/W2966742737
https://openalex.org/A5000867822,https://openalex.org/S2485537415,5,0.7045,https://openalex.org/W2970741249;https://openalex.org/W2984865357;https://openalex.org/W2972730416;https://openalex.org/W2970381480;https://openalex.org/W2970422898
https://openalex.org/A5063114495,https://openalex.org/S4210205812,2,0.6462,https://openalex.org/W4224055112;https://openalex.org/W4306362235
https://openalex.org/A5063114495,https://openalex.org/S2485537415,4,0.7319,https://openalex.org/W4387885789;https://openalex.org/W4392309213;https://openalex.org/W4387758108;https://openalex.org/W4389040899
https://openalex.org/A5014398832,https://openalex.org/S2485537415,2,0.6855,https://openalex.org/W4393140463;https://openalex.org/W4388505190
https://openalex.org/A5014398832,https://openalex.org/S101949793,2,0.8053,https://openalex.org/W4313259783;https://openalex.org/W4399495074
https://openalex.org/A5067443082,https://openalex.org/S2485537415,6,0.8819,https://openalex.org/W2908549093;https://openalex.org/W3006913372;https://openalex.org/W4388819934;https://openalex.org/W3046302039;https://openalex.org/W3011535143;https://openalex.org/W4385938137
https://openalex.org/A5100690719,https://openalex.org/S2485537415,3,0.8146,https://openalex.org/W3135959923;https://openalex.org/W3150538710;https://openalex.org/W3046650424
https://openalex.org/A5100690719,https://openalex.org/S196734849,2,0.8742,https://openalex.org/W4294739313;https://openalex.org/W4392818002
https://openalex.org/A5100400714,https://openalex.org/S2485537415,3,0.8146,https://openalex.org/W3135959923;https://openalex.org/W3150538710;https://openalex.org/W3046650424
https://openalex.org/A5100400714,https://openalex.org/S196734849,2,0.8742,https://openalex.org/W4294739313;https://openalex.org/W4392818002
https://openalex.org/A5082956031,https://openalex.org/S207319443,2,0.8445,https://openalex.org/W3133779647;https://openalex.org/W3135513159
https://openalex.org/A5061296090,https://openalex.org/S2485537415,4,0.7167,https://openalex.org/W4312312175;https://openalex.org/W4323913987;https://openalex.org/W4290712875;https://openalex.org/W4377232597
https://openalex.org/A5029033876,https://openalex.org/S2729999759,6,0.7208,https://openalex.org/W4317897818;https://openalex.org/W4296713955;https://openalex.org/W4389777845;https://openalex.org/W4385859687;https://openalex.org/W4382623032;https://openalex.org/W3041559793
https://openalex.org/A5011504177,https://openalex.org/S52395412,3,0.8492,https://openalex.org/W4312065988;https://openalex.org/W4309509386;https://openalex.org/W4283753811
https://openalex.org/A5100642607,https://openalex.org/S2485537415,3,0.7007,https://openalex.org/W3112021549;https://openalex.org/W2971201090;https://openalex.org/W3025780271
https://openalex.org/A5100642607,https://openalex.org/S3035462843,2,0.7383,https://openalex.org/W4385310602;https://openalex.org/W4367050836
https://openalex.org/A5103067960,https://openalex.org/S4210178049,4,0.6636,https://openalex.org/W4391401716;https://openalex.org/W3134310283;https://openalex.org/W4292197005;https://openalex.org/W4365514833
https://openalex.org/A5073526753,https://openalex.org/S4210178049,2,0.7031,https://openalex.org/W3202756368;https://openalex.org/W4398778780
https://openalex.org/A5056390537,https://openalex.org/S196734849,2,0.8903,https://openalex.org/W2964023233;https://openalex.org/W2971854266
https://openalex.org/A5056390537,https://openalex.org/S2485537415,2,0.78,https://openalex.org/W4391235352;https://openalex.org/W4401906663
https://openalex.org/A5056390537,https://openalex.org/S207319443,2,0.8927,https://openalex.org/W4293106305;https://openalex.org/W3133811611
https://openalex.org/A5100453403,https://openalex.org/S4210192031,2,0.6542,https://openalex.org/W4286433543;https://openalex.org/W4319081857
https://openalex.org/A5022326974,https://openalex.org/S196734849,3,0.7475,https://openalex.org/W4389899904;https://openalex.org/W4311585066;https://openalex.org/W4403240524
https://openalex.org/A5022326974,https://openalex.org/S2764650051,3,0.7296,https://openalex.org/W4391910237;https://openalex.org/W4403600390;https://openalex.org/W3212899834
https://openalex.org/A5041280931,https://openalex.org/S195231649,3,0.6329,https://openalex.org/W3215560629;https://openalex.org/W3203412535;https://openalex.org/W4317812176
https://openalex.org/A5041280931,https://openalex.org/S4210205812,2,0.7156,https://openalex.org/W4362474791;https://openalex.org/W4367055001
https://openalex.org/A5033809974,https://openalex.org/S4210206423,2,0.8843,https://openalex.org/W4386368669;https://openalex.org/W4391450720
https://openalex.org/A5033809974,https://openalex.org/S4210192031,4,0.8805,https://openalex.org/W3211628713;https://openalex.org/W4313287682;https://openalex.org/W3190612593;https://openalex.org/W4310478570
https://openalex.org/A5006022796,https://openalex.org/S101949793,2,0.8841,https://openalex.org/W2949822626;https://openalex.org/W2910820579
https://openalex.org/A5006022796,https://openalex.org/S2485537415,3,0.8396,https://openalex.org/W3163753246;https://openalex.org/W3084082224;https://openalex.org/W3116428582
https://openalex.org/A5053890378,https://openalex.org/S4210197006,2,0.7783,https://openalex.org/W4210304984;https://openalex.org/W4220822990
https://openalex.org/A5077615805,https://openalex.org/S4210192031,5,0.651,https://openalex.org/W4392005006;https://openalex.org/W3142064846;https://openalex.org/W4223627220;https://openalex.org/W4221025926;https://openalex.org/W3160127986
https://openalex.org/A5002559820,https://openalex.org/S4210197006,2,0.6299,https://openalex.org/W4404120161;https://openalex.org/W4402285022
https://openalex.org/A5002559820,https://openalex.org/S101949793,2,0.877,https://openalex.org/W4387458975;https://openalex.org/W4388228530
https://openalex.org/A5039575548,https://openalex.org/S4210205812,2,0.7951,https://openalex.org/W4289110438;https://openalex.org/W4392384894
https://openalex.org/A5039575548,https://openalex.org/S2485537415,2,0.8703,https://openalex.org/W2799273965;https://openalex.org/W2775643027
https://openalex.org/A5101829031,https://openalex.org/S2729999759,2,0.6757,https://openalex.org/W4381682383;https://openalex.org/W4396665873
https://openalex.org/A5101829031,https://openalex.org/S4210219776,3,0.7488,https://openalex.org/W4402621820;https://openalex.org/W4385835037;https://openalex.org/W4385454667
https://openalex.org/A5055331421,https://openalex.org/S101949793,3,0.7722,https://openalex.org/W2795098152;https://openalex.org/W3157241518;https://openalex.org/W3201202370
https://openalex.org/A5078596745,https://openalex.org/S2485537415,3,0.8602,https://openalex.org/W2969278157;https://openalex.org/W2952195555;https://openalex.org/W2982565657
https://openalex.org/A5008710152,https://openalex.org/S2485537415,5,0.7308,https://openalex.org/W3201503287;https://openalex.org/W3012185272;https://openalex.org/W4285119582;https://openalex.org/W2943381814;https://openalex.org/W3112594358
https://openalex.org/A5076542236,https://openalex.org/S207319443,2,0.7594,https://openalex.org/W3013086462;https://openalex.org/W3008976001
https://openalex.org/A5053156190,https://openalex.org/S2485537415,3,0.7644,https://openalex.org/W2792267748;https://openalex.org/W2762021197;https://openalex.org/W2771392319
https://openalex.org/A5053156190,https://openalex.org/S207319443,2,0.5916,https://openalex.org/W3152346276;https://openalex.org/W3131972458
https://openalex.org/A5046941655,https://openalex.org/S2485537415,6,0.7991,https://openalex.org/W2914111743;https://openalex.org/W4313006040;https://openalex.org/W4404035227;https://openalex.org/W3096014480;https://openalex.org/W3039898295;https://openalex.org/W3212519084
https://openalex.org/A5051356511,https://openalex.org/S2485537415,3,0.7789,https://openalex.org/W4402436209;https://openalex.org/W3046796449;https://openalex.org/W4206499725
https://openalex.org/A5051356511,https://openalex.org/S4210205812,2,0.7067,https://openalex.org/W2936847140;https://openalex.org/W3047443559
https://openalex.org/A5100457678,https://openalex.org/S2485537415,2,0.4986,https://openalex.org/W4391164131;https://openalex.org/W2969147069
https://openalex.org/A5100457678,https://openalex.org/S4210192031,2,0.61,https://openalex.org/W3170494400;https://openalex.org/W4401909028
https://openalex.org/A5029791948,https://openalex.org/S34838331,3,0.8424,https://openalex.org/W3117559565;https://openalex.org/W4200099073;https://openalex.org/W4303645051
https://openalex.org/A5100772833,https://openalex.org/S4210205812,5,0.7138,https://openalex.org/W3217501817;https://openalex.org/W4307942369;https://openalex.org/W4311134290;https://openalex.org/W4304606812;https://openalex.org/W4316673439
https://openalex.org/A5073287748,https://openalex.org/S2485537415,6,0.7069,https://openalex.org/W4315605985;https://openalex.org/W4387789922;https://openalex.org/W4285154955;https://openalex.org/W3141423234;https://openalex.org/W4288064128;https://openalex.org/W4398249679
https://openalex.org/A5071565438,https://openalex.org/S2485537415,2,0.7385,https://openalex.org/W3156128252;https://openalex.org/W4389352662
https://openalex.org/A5071565438,https://openalex.org/S101949793,2,0.7868,https://openalex.org/W4283763043;https://openalex.org/W3090386704
https://openalex.org/A5037636074,https://openalex.org/S4210197006,5,0.689,https://openalex.org/W4388646529;https://openalex.org/W4378746517;https://openalex.org/W3113150796;https://openalex.org/W2967026363;https://openalex.org/W2950284866
https://openalex.org/A5100633263,https://openalex.org/S2485537415,5,0.7683,https://openalex.org/W2998298207;https://openalex.org/W2963184145;https://openalex.org/W2922418484;https://openalex.org/W2941916520;https://openalex.org/W2903393141
https://openalex.org/A5075198788,https://openalex.org/S2485537415,5,0.7683,https://openalex.org/W2998298207;https://openalex.org/W2963184145;https://openalex.org/W2922418484;https://openalex.org/W2941916520;https://openalex.org/W2903393141
https://openalex.org/A5062895972,https://openalex.org/S2485537415,2,0.7356,https://openalex.org/W2896374468;https://openalex.org/W2913957986
https://openalex.org/A5062895972,https://openalex.org/S4210205812,2,0.9362,https://openalex.org/W4306149504;https://openalex.org/W4220671871
https://openalex.org/A5020873493,https://openalex.org/S195231649,2,0.5979,https://openalex.org/W4282946014;https://openalex.org/W4220667844
https://openalex.org/A5020873493,https://openalex.org/S2485537415,2,0.5766,https://openalex.org/W4285029861;https://openalex.org/W3193120685
https://openalex.org/A5046871248,https://openalex.org/S2485537415,2,0.5732,https://openalex.org/W3090337440;https://openalex.org/W2414393820
https://openalex.org/A5100764373,https://openalex.org/S2485537415,5,0.7309,https://openalex.org/W2967190996;https://openalex.org/W3195566117;https://openalex.org/W3090472607;https://openalex.org/W3020297671;https://openalex.org/W2999862233
https://openalex.org/A5101640913,https://openalex.org/S2485537415,4,0.7206,https://openalex.org/W3011150943;https://openalex.org/W3014961314;https://openalex.org/W2995092345;https://openalex.org/W3009766086
https://openalex.org/A5052832321,https://openalex.org/S127898559,4,0.8061,https://openalex.org/W2515867521;https://openalex.org/W2963544515;https://openalex.org/W4402446760;https://openalex.org/W4315700351
https://openalex.org/A5051899514,https://openalex.org/S4210205812,5,0.718,https://openalex.org/W4401067588;https://openalex.org/W4376611368;https://openalex.org/W4387405707;https://openalex.org/W4400280425;https://openalex.org/W4380995562
https://openalex.org/A5074532898,https://openalex.org/S2485537415,5,0.8003,https://openalex.org/W4389352402;https://openalex.org/W4221068649;https://openalex.org/W4210873977;https://openalex.org/W4211212836;https://openalex.org/W4210511404
https://openalex.org/A5031002895,https://openalex.org/S139930977,4,0.8103,https://openalex.org/W4221141793;https://openalex.org/W4313395123;https://openalex.org/W3202175255;https://openalex.org/W2615089626
https://openalex.org/A5077726785,https://openalex.org/S2729999759,6,0.7402,https://openalex.org/W2565506762;https://openalex.org/W2276364082;https://openalex.org/W3190126809;https://openalex.org/W4380996571;https://openalex.org/W4290994975;https://openalex.org/W2997521893
https://openalex.org/A5100435780,https://openalex.org/S2485537415,3,0.7561,https://openalex.org/W2970212795;https://openalex.org/W3200579381;https://openalex.org/W2979306606
https://openalex.org/A5100435780,https://openalex.org/S4210192031,2,0.7316,https://openalex.org/W3191427521;https://openalex.org/W4224299188
https://openalex.org/A5082149468,https://openalex.org/S4210205812,3,0.7092,https://openalex.org/W3196176241;https://openalex.org/W4281750788;https://openalex.org/W3211118807
https://openalex.org/A5084212006,https://openalex.org/S2738286576,6,0.7776,https://openalex.org/W4297977961;https://openalex.org/W4390563634;https://openalex.org/W4390563671;https://openalex.org/W4285318314;https://openalex.org/W4285318402;https://openalex.org/W4313476188
https://openalex.org/A5039659770,https://openalex.org/S4210205812,2,0.7584,https://openalex.org/W4388018698;https://openalex.org/W4398235480
https://openalex.org/A5039659770,https://openalex.org/S4210219776,2,0.8219,https://openalex.org/W2980449122;https://openalex.org/W2981546283
https://openalex.org/A5091540702,https://openalex.org/S2738286576,6,0.7377,https://openalex.org/W2586762602;https://openalex.org/W2912844939;https://openalex.org/W2778787772;https://openalex.org/W4285318515;https://openalex.org/W2782491096;https://openalex.org/W2794649968
https://openalex.org/A5068504877,https://openalex.org/S155526855,6,0.8048,https://openalex.org/W2772851365;https://openalex.org/W1970047378;https://openalex.org/W2774310971;https://openalex.org/W2591200570;https://openalex.org/W4225968298;https://openalex.org/W2923435069
https://openalex.org/A5001428236,https://openalex.org/S4210196574,5,0.8345,https://openalex.org/W4391521117;https://openalex.org/W4388099995;https://openalex.org/W4401228994;https://openalex.org/W4409818406;https://openalex.org/W4409859725
https://openalex.org/A5047462600,https://openalex.org/S137468011,6,0.6936,https://openalex.org/W2752761276;https://openalex.org/W1411855636;https://openalex.org/W3097068982;https://openalex.org/W3197536313;https://openalex.org/W4311801348;https://openalex.org/W4311803301
https://openalex.org/A5038386528,https://openalex.org/S2729999759,3,0.7627,https://openalex.org/W2211192759;https://openalex.org/W4225716497;https://openalex.org/W2900874631
https://openalex.org/A5064231378,https://openalex.org/S30889260,2,0.7764,https://openalex.org/W2345920243;https://openalex.org/W2782374965
https://openalex.org/A5091899643,https://openalex.org/S107516304,5,0.7579,https://openalex.org/W2939903565;https://openalex.org/W2993436875;https://openalex.org/W2930775044;https://openalex.org/W2926258680;https://openalex.org/W2729275743
https://openalex.org/A5030481039,https://openalex.org/S198098182,2,0.7129,https://openalex.org/W2561032898;https://openalex.org/W2194599327
https://openalex.org/A5030481039,https://openalex.org/S2485537415,2,0.8608,https://openalex.org/W2771433797;https://openalex.org/W2803313430
https://openalex.org/A5030481039,https://openalex.org/S4210205812,2,0.7773,https://openalex.org/W2594214907;https://openalex.org/W2942039993
https://openalex.org/A5069240487,https://openalex.org/S4210192031,2,0.939,https://openalex.org/W4402357025;https://openalex.org/W4403835881
https://openalex.org/A5069240487,https://openalex.org/S2485537415,2,0.6009,https://openalex.org/W2979040987;https://openalex.org/W4402626809
https://openalex.org/A5025255782,https://openalex.org/S2729999759,5,0.7363,https://openalex.org/W4391876619;https://openalex.org/W2963018920;https://openalex.org/W4391494845;https://openalex.org/W2295690548;https://openalex.org/W2806117557
https://openalex.org/A5102968267,https://openalex.org/S101949793,2,0.6796,https://openalex.org/W3083236113;https://openalex.org/W4320493555
https://openalex.org/A5030096887,https://openalex.org/S196734849,2,0.7935,https://openalex.org/W3127597934;https://openalex.org/W4388293050
https://openalex.org/A5030096887,https://openalex.org/S107516304,2,0.7285,https://openalex.org/W4402937536;https://openalex.org/W4399054042
https://openalex.org/A5007345492,https://openalex.org/S2485537415,3,0.6702,https://openalex.org/W2915062141;https://openalex.org/W3036113109;https://openalex.org/W2956233373
https://openalex.org/A5068508539,https://openalex.org/S2729999759,3,0.7569,https://openalex.org/W2534253848;https://openalex.org/W2996675052;https://openalex.org/W1746111881
https://openalex.org/A5068508539,https://openalex.org/S155526855,2,0.6765,https://openalex.org/W4391099575;https://openalex.org/W2560014971
https://openalex.org/A5057058989,https://openalex.org/S2485537415,4,0.7958,https://openalex.org/W4404520638;https://openalex.org/W4402915261;https://openalex.org/W4206464561;https://openalex.org/W4402435319
https://openalex.org/A5016207990,https://openalex.org/S64187185,3,0.6706,https://openalex.org/W4391970400;https://openalex.org/W3191728126;https://openalex.org/W4392907542
https://openalex.org/A5016207990,https://openalex.org/S196734849,2,0.8021,https://openalex.org/W3208167090;https://openalex.org/W3195997963
https://openalex.org/A5056873670,https://openalex.org/S2485537415,4,0.6924,https://openalex.org/W4211119275;https://openalex.org/W3208020934;https://openalex.org/W4405778521;https://openalex.org/W3194638122
https://openalex.org/A5032861309,https://openalex.org/S4210192031,2,0.621,https://openalex.org/W4318484896;https://openalex.org/W4310034925
https://openalex.org/A5032861309,https://openalex.org/S2485537415,2,0.8252,https://openalex.org/W3048773685;https://openalex.org/W2972760795
https://openalex.org/A5051410077,https://openalex.org/S2485537415,3,0.8035,https://openalex.org/W3084522097;https://openalex.org/W3013595070;https://openalex.org/W3158097960
https://openalex.org/A5051410077,https://openalex.org/S207319443,2,0.824,https://openalex.org/W3096790175;https://openalex.org/W3088245394
https://openalex.org/A5084279065,https://openalex.org/S64187185,2,0.7428,https://openalex.org/W4404486407;https://openalex.org/W4386324432
https://openalex.org/A5084279065,https://openalex.org/S2764650051,2,0.7896,https://openalex.org/W2803982643;https://openalex.org/W2797870998
https://openalex.org/A5005443526,https://openalex.org/S155526855,4,0.6847,https://openalex.org/W3012989741;https://openalex.org/W2889788424;https://openalex.org/W1894075015;https://openalex.org/W2754603668
https://openalex.org/A5016475110,https://openalex.org/S4210192031,2,0.6917,https://openalex.org/W3209420330;https://openalex.org/W3196202912
https://openalex.org/A5102829948,https://openalex.org/S2485537415,3,0.8468,https://openalex.org/W3207406191;https://openalex.org/W3095439107;https://openalex.org/W3174334351
https://openalex.org/A5102829948,https://openalex.org/S4210205812,2,0.7096,https://openalex.org/W4317207036;https://openalex.org/W3156509758
https://openalex.org/A5062872897,https://openalex.org/S2485537415,2,0.7576,https://openalex.org/W3198470495;https://openalex.org/W4210389245
https://openalex.org/A5055023881,https://openalex.org/S2729999759,2,0.7889,https://openalex.org/W2302963717;https://openalex.org/W2919611234
https://openalex.org/A5055023881,https://openalex.org/S155526855,3,0.7202,https://openalex.org/W2890253173;https://openalex.org/W4402638667;https://openalex.org/W3135135661
https://openalex.org/A5100770728,https://openalex.org/S4210205812,4,0.7178,https://openalex.org/W2991245758;https://openalex.org/W2921907837;https://openalex.org/W3115865922;https://openalex.org/W4220953006
https://openalex.org/A5062384828,https://openalex.org/S4210205812,4,0.6622,https://openalex.org/W4223890113;https://openalex.org/W4296101946;https://openalex.org/W4323848631;https://openalex.org/W4220924176
https://openalex.org/A5023971713,https://openalex.org/S4210205812,4,0.6622,https://openalex.org/W4223890113;https://openalex.org/W4296101946;https://openalex.org/W4323848631;https://openalex.org/W4220924176
https://openalex.org/A5072189850,https://openalex.org/S4210205812,4,0.8301,https://openalex.org/W3083389769;https://openalex.org/W3080812861;https://openalex.org/W3095424117;https://openalex.org/W3127404465
https://openalex.org/A5049690302,https://openalex.org/S2485537415,2,0.6744,https://openalex.org/W4323338633;https://openalex.org/W4387885789
https://openalex.org/A5049690302,https://openalex.org/S4210205812,2,0.5961,https://openalex.org/W4303578926;https://openalex.org/W4306362235
https://openalex.org/A5034061890,https://openalex.org/S4210177785,2,0.7967,https://openalex.org/W4379377286;https://openalex.org/W2116183741
https://openalex.org/A5019101777,https://openalex.org/S2485537415,3,0.7351,https://openalex.org/W4405838419;https://openalex.org/W3183369950;https://openalex.org/W3081571138
https://openalex.org/A5005221038,https://openalex.org/S2485537415,4,0.62,https://openalex.org/W3171302872;https://openalex.org/W4377294226;https://openalex.org/W4392173886;https://openalex.org/W4396506363
https://openalex.org/A5114910293,https://openalex.org/S2729999759,3,0.7438,https://openalex.org/W4394773691;https://openalex.org/W3156697766;https://openalex.org/W3213407400
https://openalex.org/A5046173971,https://openalex.org/S64187185,2,0.8127,https://openalex.org/W4297020691;https://openalex.org/W4400076719
https://openalex.org/A5046173971,https://openalex.org/S178776955,3,0.8369,https://openalex.org/W4210699640;https://openalex.org/W4379086687;https://openalex.org/W4401143988
https://openalex.org/A5043932631,https://openalex.org/S2485537415,3,0.6764,https://openalex.org/W3110077713;https://openalex.org/W2967729586;https://openalex.org/W4319878944
https://openalex.org/A5100458144,https://openalex.org/S64187185,3,0.8393,https://openalex.org/W4400920957;https://openalex.org/W4304957538;https://openalex.org/W4404757688
https://openalex.org/A5102744399,https://openalex.org/S43295729,2,0.8752,https://openalex.org/W2950731991;https://openalex.org/W2945641879
https://openalex.org/A5102744399,https://openalex.org/S2485537415,3,0.7998,https://openalex.org/W2921612866;https://openalex.org/W2942060393;https://openalex.org/W2947318733
https://openalex.org/A5088509061,https://openalex.org/S202381698,2,0.7323,https://openalex.org/W2114584591;https://openalex.org/W1902025218
https://openalex.org/A5088509061,https://openalex.org/S4210195431,2,0.7473,https://openalex.org/W3075432525;https://openalex.org/W3149972283
https://openalex.org/A5100692320,https://openalex.org/S2485537415,2,0.5985,https://openalex.org/W3127852736;https://openalex.org/W2974002102
https://openalex.org/A5010124873,https://openalex.org/S2729999759,4,0.7249,https://openalex.org/W2570431255;https://openalex.org/W1839584883;https://openalex.org/W3129293584;https://openalex.org/W2593007760
https://openalex.org/A5084962743,https://openalex.org/S2485537415,3,0.8146,https://openalex.org/W3135959923;https://openalex.org/W3150538710;https://openalex.org/W3046650424
https://openalex.org/A5037953109,https://openalex.org/S2485537415,3,0.7024,https://openalex.org/W3044093562;https://openalex.org/W2998745260;https://openalex.org/W4213003514
https://openalex.org/A5001714538,https://openalex.org/S2485537415,3,0.8032,https://openalex.org/W2953143151;https://openalex.org/W2793405769;https://openalex.org/W2889035719
https://openalex.org/A5047844943,https://openalex.org/S101949793,2,0.8198,https://openalex.org/W4212966226;https://openalex.org/W4281756816
https://openalex.org/A5047844943,https://openalex.org/S4210192031,2,0.6281,https://openalex.org/W3196202912;https://openalex.org/W3095690711
https://openalex.org/A5064185915,https://openalex.org/S101949793,2,0.8919,https://openalex.org/W4404278980;https://openalex.org/W4281748699
https://openalex.org/A5100755654,https://openalex.org/S2485537415,3,0.6426,https://openalex.org/W4385287507;https://openalex.org/W4295886337;https://openalex.org/W4400877473
https://openalex.org/A5108049579,https://openalex.org/S2485537415,3,0.7789,https://openalex.org/W2992616003;https://openalex.org/W2803781749;https://openalex.org/W4313158095
https://openalex.org/A5004055512,https://openalex.org/S2485537415,3,0.7657,https://openalex.org/W2945887213;https://openalex.org/W3047833017;https://openalex.org/W2992558707
https://openalex.org/A5100609958,https://openalex.org/S2485537415,2,0.7748,https://openalex.org/W2985244827;https://openalex.org/W2981780513
https://openalex.org/A5100609958,https://openalex.org/S4210205812,3,0.661,https://openalex.org/W2986729576;https://openalex.org/W2972632927;https://openalex.org/W3009120769
https://openalex.org/A5064766139,https://openalex.org/S178776955,3,0.845,https://openalex.org/W4224212763;https://openalex.org/W3197107517;https://openalex.org/W4386833486
https://openalex.org/A5064766139,https://openalex.org/S196734849,2,0.8157,https://openalex.org/W4200332035;https://openalex.org/W3128196800
https://openalex.org/A5103017559,https://openalex.org/S2485537415,4,0.7101,https://openalex.org/W4391855175;https://openalex.org/W2913957986;https://openalex.org/W2998825278;https://openalex.org/W2948645018
https://openalex.org/A5052759104,https://openalex.org/S4210201048,4,0.7043,https://openalex.org/W4403913051;https://openalex.org/W3204352917;https://openalex.org/W4401325898;https://openalex.org/W4391147620
https://openalex.org/A5086281849,https://openalex.org/S4210195431,3,0.7432,https://openalex.org/W3033057983;https://openalex.org/W4400098873;https://openalex.org/W4385381606
https://openalex.org/A5007725540,https://openalex.org/S4210192031,3,0.7011,https://openalex.org/W4213370678;https://openalex.org/W3211064917;https://openalex.org/W4319081933
https://openalex.org/A5085031765,https://openalex.org/S2485537415,3,0.6905,https://openalex.org/W3048558169;https://openalex.org/W4281645744;https://openalex.org/W4280577435
https://openalex.org/A5015739274,https://openalex.org/S196734849,2,0.7194,https://openalex.org/W4399795252;https://openalex.org/W4387451435
https://openalex.org/A5005839288,https://openalex.org/S2485537415,3,0.6924,https://openalex.org/W4386266758;https://openalex.org/W4388207226;https://openalex.org/W4400877473
https://openalex.org/A5013558219,https://openalex.org/S4210192031,2,0.6834,https://openalex.org/W4303857107;https://openalex.org/W3196368527
https://openalex.org/A5044092204,https://openalex.org/S2485537415,3,0.8456,https://openalex.org/W4205175607;https://openalex.org/W4213424482;https://openalex.org/W3185064090
https://openalex.org/A5009753587,https://openalex.org/S2485537415,3,0.8456,https://openalex.org/W4205175607;https://openalex.org/W4213424482;https://openalex.org/W3185064090
https://openalex.org/A5014144494,https://openalex.org/S2485537415,2,0.607,https://openalex.org/W3195274148;https://openalex.org/W4404787890
https://openalex.org/A5014144494,https://openalex.org/S101949793,3,0.6701,https://openalex.org/W3211066438;https://openalex.org/W2001515042;https://openalex.org/W3157993706
https://openalex.org/A5040216542,https://openalex.org/S4210205812,2,0.655,https://openalex.org/W4386099091;https://openalex.org/W3210702809
https://openalex.org/A5082710448,https://openalex.org/S202381698,2,0.581,https://openalex.org/W3191872972;https://openalex.org/W4403294972
https://openalex.org/A5082710448,https://openalex.org/S2898612692,3,0.8063,https://openalex.org/W4304690363;https://openalex.org/W4391543666;https://openalex.org/W4403284451
https://openalex.org/A5066945309,https://openalex.org/S2485537415,2,0.887,https://openalex.org/W3135581727;https://openalex.org/W3154265922
https://openalex.org/A5014482509,https://openalex.org/S2485537415,2,0.6853,https://openalex.org/W3014216285;https://openalex.org/W3034186736
https://openalex.org/A5081824828,https://openalex.org/S2729999759,4,0.7513,https://openalex.org/W2549835527;https://openalex.org/W4296711106;https://openalex.org/W2999455489;https://openalex.org/W3213407400
https://openalex.org/A5023599917,https://openalex.org/S4210238752,2,0.6179,https://openalex.org/W4390912484;https://openalex.org/W4385415248
https://openalex.org/A5023599917,https://openalex.org/S101949793,2,0.877,https://openalex.org/W4387458975;https://openalex.org/W4388228530
https://openalex.org/A5078449856,https://openalex.org/S4210192031,4,0.8415,https://openalex.org/W4200281614;https://openalex.org/W4306392384;https://openalex.org/W4280575541;https://openalex.org/W4378808318
https://openalex.org/A5089547582,https://openalex.org/S190680769,3,0.8543,https://openalex.org/W4391445495;https://openalex.org/W4391103530;https://openalex.org/W4400886146
https://openalex.org/A5089547582,https://openalex.org/S2485537415,2,0.6548,https://openalex.org/W4389331889;https://openalex.org/W4401634130
https://openalex.org/A5029780795,https://openalex.org/S101949793,2,0.8828,https://openalex.org/W4309012710;https://openalex.org/W3202913553
https://openalex.org/A5029780795,https://openalex.org/S4210205812,3,0.6243,https://openalex.org/W4386607696;https://openalex.org/W3154813764;https://openalex.org/W3168596575
https://openalex.org/A5050441398,https://openalex.org/S2485537415,4,0.794,https://openalex.org/W3047216992;https://openalex.org/W4302570227;https://openalex.org/W2964057476;https://openalex.org/W4226116370
https://openalex.org/A5023396800,https://openalex.org/S196734849,2,0.7051,https://openalex.org/W3204796902;https://openalex.org/W4293051558
https://openalex.org/A5014383766,https://openalex.org/S4210205812,2,0.7623,https://openalex.org/W2995567037;https://openalex.org/W4285803002
https://openalex.org/A5071119263,https://openalex.org/S4210205812,2,0.7623,https://openalex.org/W2995567037;https://openalex.org/W4285803002
https://openalex.org/A5108016465,https://openalex.org/S4210192031,3,0.7055,https://openalex.org/W4297478335;https://openalex.org/W3197574523;https://openalex.org/W4221006327
https://openalex.org/A5003319227,https://openalex.org/S2485537415,2,0.761,https://openalex.org/W4312792162;https://openalex.org/W4386825098
https://openalex.org/A5023158018,https://openalex.org/S3035462843,2,0.7154,https://openalex.org/W3201856225;https://openalex.org/W3212038008
https://openalex.org/A5023158018,https://openalex.org/S4210192031,2,0.5803,https://openalex.org/W3072780889;https://openalex.org/W4220794897
https://openalex.org/A5004069904,https://openalex.org/S4210172076,2,0.7428,https://openalex.org/W4387115528;https://openalex.org/W4319014159
https://openalex.org/A5088457146,https://openalex.org/S2485537415,5,0.8653,https://openalex.org/W4389076605;https://openalex.org/W3198665149;https://openalex.org/W4206413566;https://openalex.org/W4392449917;https://openalex.org/W4293370550
https://openalex.org/A5006443274,https://openalex.org/S2485537415,4,0.6615,https://openalex.org/W4400229077;https://openalex.org/W4400679572;https://openalex.org/W4403295184;https://openalex.org/W4405488241
https://openalex.org/A5100776534,https://openalex.org/S4210178049,2,0.7834,https://openalex.org/W4304811509;https://openalex.org/W4378234117
https://openalex.org/A5100776534,https://openalex.org/S2485537415,2,0.6236,https://openalex.org/W4389428553;https://openalex.org/W4383751262
https://openalex.org/A5062411608,https://openalex.org/S4210205812,2,0.8289,https://openalex.org/W3104605662;https://openalex.org/W2964088022
https://openalex.org/A5039322039,https://openalex.org/S2764955546,2,0.8259,https://openalex.org/W4379467709;https://openalex.org/W4386258686
https://openalex.org/A5039322039,https://openalex.org/S2485537415,2,0.8353,https://openalex.org/W4401633921;https://openalex.org/W4387092483
https://openalex.org/A5052512997,https://openalex.org/S17147534,2,0.7878,https://openalex.org/W4378172411;https://openalex.org/W4400644060
https://openalex.org/A5109946254,https://openalex.org/S2729999759,5,0.7903,https://openalex.org/W4380996571;https://openalex.org/W4290994975;https://openalex.org/W4396767926;https://openalex.org/W4381803920;https://openalex.org/W3156509887
https://openalex.org/A5013577797,https://openalex.org/S4210172076,3,0.8475,https://openalex.org/W4280592693;https://openalex.org/W4381805988;https://openalex.org/W4396773893
https://openalex.org/A5077204488,https://openalex.org/S4210205812,3,0.6309,https://openalex.org/W4396925900;https://openalex.org/W3135968727;https://openalex.org/W3134974631
https://openalex.org/A5024454462,https://openalex.org/S2485537415,2,0.8867,https://openalex.org/W2807031326;https://openalex.org/W2797854610
https://openalex.org/A5024454462,https://openalex.org/S3035462843,2,0.7715,https://openalex.org/W2795749052;https://openalex.org/W3177008941
https://openalex.org/A5089438058,https://openalex.org/S202381698,3,0.7868,https://openalex.org/W2259317772;https://openalex.org/W2742430148;https://openalex.org/W2895807593
https://openalex.org/A5089438058,https://openalex.org/S4210205812,2,0.8822,https://openalex.org/W4385274493;https://openalex.org/W3199491502
https://openalex.org/A5074284592,https://openalex.org/S107516304,4,0.7426,https://openalex.org/W3183592968;https://openalex.org/W4399977313;https://openalex.org/W4213357307;https://openalex.org/W2793086369
https://openalex.org/A5083369457,https://openalex.org/S2485537415,2,0.6946,https://openalex.org/W2897268845;https://openalex.org/W2897402719
https://openalex.org/A5101659547,https://openalex.org/S178776955,3,0.8884,https://openalex.org/W2970661949;https://openalex.org/W2797755165;https://openalex.org/W2954166952
https://openalex.org/A5101659547,https://openalex.org/S2485537415,2,0.8369,https://openalex.org/W2970087902;https://openalex.org/W4401691946
https://openalex.org/A5080143856,https://openalex.org/S2485537415,4,0.7269,https://openalex.org/W2960193895;https://openalex.org/W2973184394;https://openalex.org/W4312397225;https://openalex.org/W4387146075
https://openalex.org/A5100705921,https://openalex.org/S4210205812,4,0.78,https://openalex.org/W3091427154;https://openalex.org/W3196176241;https://openalex.org/W3011209010;https://openalex.org/W3137599438
https://openalex.org/A5051233439,https://openalex.org/S190680769,2,0.7442,https://openalex.org/W4396234904;https://openalex.org/W4293427632
https://openalex.org/A5100427253,https://openalex.org/S2485537415,4,0.6201,https://openalex.org/W3103548375;https://openalex.org/W2980915961;https://openalex.org/W3008019394;https://openalex.org/W2977881783
https://openalex.org/A5022422213,https://openalex.org/S4210192031,2,0.7652,https://openalex.org/W4394878033;https://openalex.org/W4401894237
https://openalex.org/A5022422213,https://openalex.org/S2485537415,2,0.5744,https://openalex.org/W2774676697;https://openalex.org/W3042567267
https://openalex.org/A5029364045,https://openalex.org/S101949793,3,0.8046,https://openalex.org/W2567290379;https://openalex.org/W3040832679;https://openalex.org/W2116041897
https://openalex.org/A5085575952,https://openalex.org/S2485537415,3,0.7507,https://openalex.org/W3187475377;https://openalex.org/W3026350704;https://openalex.org/W4205279398
https://openalex.org/A5033322748,https://openalex.org/S101949793,4,0.7264,https://openalex.org/W2896002290;https://openalex.org/W2991286519;https://openalex.org/W2805635534;https://openalex.org/W2981905148
https://openalex.org/A5074570184,https://openalex.org/S2729999759,2,0.7757,https://openalex.org/W2250532017;https://openalex.org/W4294955582
https://openalex.org/A5074570184,https://openalex.org/S155526855,3,0.7098,https://openalex.org/W2311143338;https://openalex.org/W2525450212;https://openalex.org/W4206243471
https://openalex.org/A5038612405,https://openalex.org/S2729999759,2,0.7457,https://openalex.org/W2250532017;https://openalex.org/W2972447203
https://openalex.org/A5038612405,https://openalex.org/S155526855,3,0.7906,https://openalex.org/W2311143338;https://openalex.org/W2167194144;https://openalex.org/W2525450212
https://openalex.org/A5077063699,https://openalex.org/S2729999759,2,0.7078,https://openalex.org/W2804033347;https://openalex.org/W3190301637
https://openalex.org/A5077063699,https://openalex.org/S155526855,2,0.8688,https://openalex.org/W4286632012;https://openalex.org/W2961740292
https://openalex.org/A5107863563,https://openalex.org/S4210205812,2,0.8289,https://openalex.org/W3104605662;https://openalex.org/W2964088022
https://openalex.org/A5107863563,https://openalex.org/S4210172076,2,0.7784,https://openalex.org/W4387184966;https://openalex.org/W4200003868
https://openalex.org/A5015767236,https://openalex.org/S190680769,3,0.7895,https://openalex.org/W4386741518;https://openalex.org/W3216401552;https://openalex.org/W4292534065
https://openalex.org/A5100652152,https://openalex.org/S2485537415,2,0.9045,https://openalex.org/W2963680343;https://openalex.org/W3006432169
https://openalex.org/A5100652152,https://openalex.org/S24978797,2,0.6288,https://openalex.org/W4405907437;https://openalex.org/W4386041548
https://openalex.org/A5027770821,https://openalex.org/S107516304,4,0.756,https://openalex.org/W2991755410;https://openalex.org/W4283580090;https://openalex.org/W4225545910;https://openalex.org/W4387514079
https://openalex.org/A5087459652,https://openalex.org/S2729999759,3,0.7001,https://openalex.org/W3134891661;https://openalex.org/W3135511633;https://openalex.org/W3004074269
https://openalex.org/A5087459652,https://openalex.org/S155526855,2,0.7347,https://openalex.org/W2561833409;https://openalex.org/W2153151269
https://openalex.org/A5103147179,https://openalex.org/S2485537415,4,0.6825,https://openalex.org/W3042750953;https://openalex.org/W4383172105;https://openalex.org/W3013838762;https://openalex.org/W3194828481
https://openalex.org/A5050176259,https://openalex.org/S2485537415,2,0.6572,https://openalex.org/W2965496000;https://openalex.org/W4290716752
https://openalex.org/A5050176259,https://openalex.org/S101949793,2,0.7637,https://openalex.org/W2971169380;https://openalex.org/W2943587817
https://openalex.org/A5021970061,https://openalex.org/S198098182,2,0.679,https://openalex.org/W3166282661;https://openalex.org/W3049152851
https://openalex.org/A5101810352,https://openalex.org/S2485537415,2,0.7363,https://openalex.org/W3089124799;https://openalex.org/W3011150943
https://openalex.org/A5101810352,https://openalex.org/S101949793,2,0.5489,https://openalex.org/W4404820972;https://openalex.org/W2956437189
https://openalex.org/A5035125196,https://openalex.org/S4210192031,2,0.7813,https://openalex.org/W4224264214;https://openalex.org/W4281766122
https://openalex.org/A5035125196,https://openalex.org/S2485537415,2,0.6687,https://openalex.org/W3005040888;https://openalex.org/W4393170744
https://openalex.org/A5032291620,https://openalex.org/S2485537415,2,0.8489,https://openalex.org/W2797571648;https://openalex.org/W2906011407
https://openalex.org/A5032291620,https://openalex.org/S4210192031,3,0.6576,https://openalex.org/W4399367061;https://openalex.org/W4404669540;https://openalex.org/W4386223593
https://openalex.org/A5108064895,https://openalex.org/S2485537415,4,0.6269,https://openalex.org/W2950211955;https://openalex.org/W3045675141;https://openalex.org/W2901785876;https://openalex.org/W2971297385
https://openalex.org/A5100762359,https://openalex.org/S2485537415,3,0.7123,https://openalex.org/W3011150943;https://openalex.org/W3014961314;https://openalex.org/W3009766086
https://openalex.org/A5101828088,https://openalex.org/S2485537415,3,0.6704,https://openalex.org/W2911517711;https://openalex.org/W3010322859;https://openalex.org/W2924336431
https://openalex.org/A5061282814,https://openalex.org/S2485537415,2,0.7186,https://openalex.org/W3154706393;https://openalex.org/W3186833834
https://openalex.org/A5061282814,https://openalex.org/S4210205812,3,0.6693,https://openalex.org/W3127800603;https://openalex.org/W3025762081;https://openalex.org/W3200918848
https://openalex.org/A5054668123,https://openalex.org/S2485537415,5,0.841,https://openalex.org/W2794841009;https://openalex.org/W2902191103;https://openalex.org/W2769414579;https://openalex.org/W2917365454;https://openalex.org/W2903059019
https://openalex.org/A5064141151,https://openalex.org/S178776955,4,0.7624,https://openalex.org/W2803305002;https://openalex.org/W4312007522;https://openalex.org/W3008976402;https://openalex.org/W4396662713
https://openalex.org/A5052551953,https://openalex.org/S3569471,5,0.819,https://openalex.org/W3005960084;https://openalex.org/W2340616371;https://openalex.org/W3091493936;https://openalex.org/W2516249603;https://openalex.org/W2761048999
https://openalex.org/A5056916227,https://openalex.org/S43295729,2,0.6568,https://openalex.org/W4200096292;https://openalex.org/W3159431528
https://openalex.org/A5006085913,https://openalex.org/S4210205812,2,0.6366,https://openalex.org/W3217234484;https://openalex.org/W4220710910
https://openalex.org/A5066286669,https://openalex.org/S4210192031,4,0.6792,https://openalex.org/W4224307044;https://openalex.org/W4283010558;https://openalex.org/W4224310989;https://openalex.org/W4308438926
https://openalex.org/A5102771457,https://openalex.org/S2485537415,2,0.6838,https://openalex.org/W4399767746;https://openalex.org/W4391807537
https://openalex.org/A5102771457,https://openalex.org/S4210192031,2,0.7022,https://openalex.org/W4400079250;https://openalex.org/W4391024707
https://openalex.org/A5005820786,https://openalex.org/S107516304,4,0.7305,https://openalex.org/W2996036738;https://openalex.org/W3113101826;https://openalex.org/W2941932503;https://openalex.org/W4320727363
https://openalex.org/A5075381731,https://openalex.org/S195231649,4,0.7487,https://openalex.org/W4220751272;https://openalex.org/W4365515160;https://openalex.org/W3210666183;https://openalex.org/W2996910194
https://openalex.org/A5063411021,https://openalex.org/S178776955,3,0.8307,https://openalex.org/W4224212763;https://openalex.org/W4396608814;https://openalex.org/W4386833486
https://openalex.org/A5063411021,https://openalex.org/S196734849,2,0.6853,https://openalex.org/W3110509321;https://openalex.org/W4389298180
https://openalex.org/A5083492419,https://openalex.org/S190629608,3,0.7607,https://openalex.org/W4403192414;https://openalex.org/W4317738865;https://openalex.org/W4403487144
https://openalex.org/A5100436542,https://openalex.org/S195231649,3,0.8686,https://openalex.org/W2963248753;https://openalex.org/W1582247229;https://openalex.org/W2955377799
https://openalex.org/A5100436542,https://openalex.org/S2485537415,2,0.764,https://openalex.org/W2972908007;https://openalex.org/W2952930071
https://openalex.org/A5101455287,https://openalex.org/S4210206423,3,0.8337,https://openalex.org/W4401412954;https://openalex.org/W4400195210;https://openalex.org/W4366290752
https://openalex.org/A5101455287,https://openalex.org/S4210192031,2,0.8397,https://openalex.org/W4309686559;https://openalex.org/W4283795709
https://openalex.org/A5036811894,https://openalex.org/S2729999759,5,0.7501,https://openalex.org/W2779681640;https://openalex.org/W3178633887;https://openalex.org/W4226365369;https://openalex.org/W3031177401;https://openalex.org/W3038817008
https://openalex.org/A5018022352,https://openalex.org/S2485537415,2,0.9121,https://openalex.org/W4362514639;https://openalex.org/W4312565960
https://openalex.org/A5018022352,https://openalex.org/S196734849,2,0.8688,https://openalex.org/W4381190358;https://openalex.org/W4387950318
https://openalex.org/A5100418997,https://openalex.org/S195231649,2,0.6004,https://openalex.org/W2470287250;https://openalex.org/W2406357219
https://openalex.org/A5004401480,https://openalex.org/S4210205812,2,0.5999,https://openalex.org/W4376611545;https://openalex.org/W4389336299
https://openalex.org/A5007388983,https://openalex.org/S4210205812,3,0.7218,https://openalex.org/W4381568928;https://openalex.org/W4389625146;https://openalex.org/W4386895600
https://openalex.org/A5037671044,https://openalex.org/S4210205812,2,0.6245,https://openalex.org/W3162434427;https://openalex.org/W3191615546
https://openalex.org/A5076021252,https://openalex.org/S101949793,2,0.84,https://openalex.org/W4315786723;https://openalex.org/W4297491180
https://openalex.org/A5076021252,https://openalex.org/S4210205812,3,0.8124,https://openalex.org/W4366829200;https://openalex.org/W4365448439;https://openalex.org/W4362698898
https://openalex.org/A5017671620,https://openalex.org/S24978797,2,0.6496,https://openalex.org/W2554427925;https://openalex.org/W2774037691
https://openalex.org/A5017671620,https://openalex.org/S202381698,2,0.8463,https://openalex.org/W2510305010;https://openalex.org/W397692437
https://openalex.org/A5100362059,https://openalex.org/S101949793,2,0.8217,https://openalex.org/W2766432229;https://openalex.org/W2809234301
https://openalex.org/A5036425195,https://openalex.org/S2485537415,3,0.7199,https://openalex.org/W4312894902;https://openalex.org/W4392174004;https://openalex.org/W4401633956
https://openalex.org/A5042045106,https://openalex.org/S2485537415,3,0.7621,https://openalex.org/W3133729339;https://openalex.org/W3193635897;https://openalex.org/W3083333091
https://openalex.org/A5008748319,https://openalex.org/S2485537415,2,0.7378,https://openalex.org/W3000143928;https://openalex.org/W4403210278
https://openalex.org/A5060780612,https://openalex.org/S4210192031,2,0.6264,https://openalex.org/W4283378879;https://openalex.org/W4362469601
https://openalex.org/A5060780612,https://openalex.org/S101949793,2,0.9128,https://openalex.org/W4396720847;https://openalex.org/W4389919691
https://openalex.org/A5062445268,https://openalex.org/S196734849,3,0.7017,https://openalex.org/W2971854266;https://openalex.org/W2972447933;https://openalex.org/W3135672123
https://openalex.org/A5062445268,https://openalex.org/S207319443,2,0.8927,https://openalex.org/W4293106305;https://openalex.org/W3133811611
https://openalex.org/A5022330444,https://openalex.org/S195231649,4,0.821,https://openalex.org/W3176003262;https://openalex.org/W3174262406;https://openalex.org/W4385421940;https://openalex.org/W4403638169
https://openalex.org/A5100602173,https://openalex.org/S196734849,2,0.9057,https://openalex.org/W4396592628;https://openalex.org/W4283395262
https://openalex.org/A5100602173,https://openalex.org/S4210192031,3,0.8688,https://openalex.org/W4390960149;https://openalex.org/W4392240430;https://openalex.org/W4311111480
https://openalex.org/A5003139478,https://openalex.org/S52395412,3,0.7834,https://openalex.org/W3088646411;https://openalex.org/W4307492966;https://openalex.org/W3163233738
https://openalex.org/A5010258839,https://openalex.org/S196734849,3,0.7475,https://openalex.org/W4389899904;https://openalex.org/W4311585066;https://openalex.org/W4403240524
https://openalex.org/A5010258839,https://openalex.org/S2764650051,2,0.6849,https://openalex.org/W4391910237;https://openalex.org/W4403600390
https://openalex.org/A5089458330,https://openalex.org/S2485537415,2,0.7341,https://openalex.org/W4296473275;https://openalex.org/W4386524157
https://openalex.org/A5075393874,https://openalex.org/S4210192031,2,0.5458,https://openalex.org/W4289176749;https://openalex.org/W4377091082
https://openalex.org/A5013564295,https://openalex.org/S4210192031,3,0.7148,https://openalex.org/W4362591590;https://openalex.org/W4323314898;https://openalex.org/W4386303401
https://openalex.org/A5028393670,https://openalex.org/S4210206423,2,0.8072,https://openalex.org/W4386368669;https://openalex.org/W4391404448
https://openalex.org/A5028393670,https://openalex.org/S4210192031,3,0.8802,https://openalex.org/W3211628713;https://openalex.org/W4313287682;https://openalex.org/W3190612593
https://openalex.org/A5014918148,https://openalex.org/S4210192031,3,0.606,https://openalex.org/W3175206419;https://openalex.org/W4386408865;https://openalex.org/W3212159850
https://openalex.org/A5079750750,https://openalex.org/S4210205812,4,0.7468,https://openalex.org/W4318483799;https://openalex.org/W2898698989;https://openalex.org/W4401958291;https://openalex.org/W4394567342
https://openalex.org/A5085616371,https://openalex.org/S2485537415,4,0.7827,https://openalex.org/W4390494405;https://openalex.org/W4297094757;https://openalex.org/W4213072767;https://openalex.org/W4297094638
https://openalex.org/A5004664070,https://openalex.org/S4210219776,2,0.6628,https://openalex.org/W4394962889;https://openalex.org/W4401981625
https://openalex.org/A5004664070,https://openalex.org/S190629608,2,0.6965,https://openalex.org/W2892065670;https://openalex.org/W4327956236
https://openalex.org/A5101708353,https://openalex.org/S178776955,4,0.7258,https://openalex.org/W2997285242;https://openalex.org/W4387185108;https://openalex.org/W4394961770;https://openalex.org/W4385497312
https://openalex.org/A5067724204,https://openalex.org/S2485537415,4,0.7028,https://openalex.org/W3195500343;https://openalex.org/W4323055192;https://openalex.org/W4285182416;https://openalex.org/W3170384705
https://openalex.org/A5102785999,https://openalex.org/S2485537415,3,0.8289,https://openalex.org/W4285817834;https://openalex.org/W3194963579;https://openalex.org/W3094651830
https://openalex.org/A5024842057,https://openalex.org/S2485537415,2,0.6791,https://openalex.org/W4392397373;https://openalex.org/W4293428479
https://openalex.org/A5100320723,https://openalex.org/S2729999759,3,0.6672,https://openalex.org/W3151929433;https://openalex.org/W4377116057;https://openalex.org/W4390074240
https://openalex.org/A5100332096,https://openalex.org/S2485537415,3,0.7552,https://openalex.org/W4207078300;https://openalex.org/W3042873680;https://openalex.org/W4285821785
https://openalex.org/A5100332096,https://openalex.org/S4511983,2,0.738,https://openalex.org/W3162788679;https://openalex.org/W4392949976
https://openalex.org/A5043565065,https://openalex.org/S190629608,2,0.7608,https://openalex.org/W4405722114;https://openalex.org/W4405935103
https://openalex.org/A5043565065,https://openalex.org/S4210205812,2,0.8694,https://openalex.org/W3082368757;https://openalex.org/W3081347594
https://openalex.org/A5066362955,https://openalex.org/S101949793,3,0.745,https://openalex.org/W3036971864;https://openalex.org/W2887320834;https://openalex.org/W1500703277
https://openalex.org/A5066362955,https://openalex.org/S2485537415,2,0.8741,https://openalex.org/W4404914429;https://openalex.org/W3178853440
https://openalex.org/A5070935465,https://openalex.org/S2485537415,2,0.5733,https://openalex.org/W3021661055;https://openalex.org/W4405933968
https://openalex.org/A5070935465,https://openalex.org/S4210205812,2,0.6246,https://openalex.org/W2980888886;https://openalex.org/W4307751735
https://openalex.org/A5069681054,https://openalex.org/S2485537415,2,0.6451,https://openalex.org/W2941197459;https://openalex.org/W3136392033
https://openalex.org/A5069681054,https://openalex.org/S195231649,2,0.8698,https://openalex.org/W4387501564;https://openalex.org/W4303699810
https://openalex.org/A5056415893,https://openalex.org/S202381698,2,0.7358,https://openalex.org/W3100625557;https://openalex.org/W2077460541
https://openalex.org/A5062038689,https://openalex.org/S101949793,2,0.7755,https://openalex.org/W2915453163;https://openalex.org/W2530262042
https://openalex.org/A5062038689,https://openalex.org/S2485537415,2,0.7187,https://openalex.org/W2945641573;https://openalex.org/W2899914455
https://openalex.org/A5100384675,https://openalex.org/S2485537415,2,0.7698,https://openalex.org/W2920903638;https://openalex.org/W2959917538
https://openalex.org/A5100384675,https://openalex.org/S3569471,2,0.9219,https://openalex.org/W2902766694;https://openalex.org/W2729011941
https://openalex.org/A5008332413,https://openalex.org/S4210205812,3,0.7668,https://openalex.org/W4210774219;https://openalex.org/W4210419403;https://openalex.org/W4224998975
https://openalex.org/A5028518753,https://openalex.org/S2485537415,5,0.7848,https://openalex.org/W2921416943;https://openalex.org/W4285163072;https://openalex.org/W4381249272;https://openalex.org/W4403022197;https://openalex.org/W3211233743
https://openalex.org/A5012515711,https://openalex.org/S43295729,2,0.9073,https://openalex.org/W4381537914;https://openalex.org/W4388694998
https://openalex.org/A5049812833,https://openalex.org/S2485537415,3,0.6752,https://openalex.org/W3033149838;https://openalex.org/W2948927844;https://openalex.org/W3091413556
https://openalex.org/A5009184834,https://openalex.org/S4210205812,2,0.6911,https://openalex.org/W4306362328;https://openalex.org/W4313360792
https://openalex.org/A5009184834,https://openalex.org/S2485537415,3,0.7086,https://openalex.org/W3025887701;https://openalex.org/W3157976823;https://openalex.org/W3181622257
https://openalex.org/A5003507463,https://openalex.org/S2485537415,4,0.7173,https://openalex.org/W3095569156;https://openalex.org/W3034866437;https://openalex.org/W3087909342;https://openalex.org/W2927439335
https://openalex.org/A5083003945,https://openalex.org/S101949793,4,0.8416,https://openalex.org/W3023853940;https://openalex.org/W4224981445;https://openalex.org/W2901247895;https://openalex.org/W3041068321
https://openalex.org/A5100444142,https://openalex.org/S101949793,5,0.7334,https://openalex.org/W2995060528;https://openalex.org/W4288053831;https://openalex.org/W2921843713;https://openalex.org/W3035380219;https://openalex.org/W2989522305
https://openalex.org/A5045942019,https://openalex.org/S2485537415,5,0.7764,https://openalex.org/W3000358377;https://openalex.org/W3014186522;https://openalex.org/W3001122366;https://openalex.org/W3020816427;https://openalex.org/W3004054259
https://openalex.org/A5100657706,https://openalex.org/S2485537415,2,0.6259,https://openalex.org/W3135959923;https://openalex.org/W2518926167
https://openalex.org/A5100657706,https://openalex.org/S4210178049,2,0.8066,https://openalex.org/W4399093102;https://openalex.org/W4385240445
https://openalex.org/A5075455952,https://openalex.org/S4210219776,2,0.6904,https://openalex.org/W2947417049;https://openalex.org/W3124296283
https://openalex.org/A5063612469,https://openalex.org/S155526855,3,0.7657,https://openalex.org/W3173211406;https://openalex.org/W2924677654;https://openalex.org/W4220890336
https://openalex.org/A5063612469,https://openalex.org/S2729999759,2,0.7331,https://openalex.org/W2529639179;https://openalex.org/W4317897816
https://openalex.org/A5102974044,https://openalex.org/S2485537415,5,0.7316,https://openalex.org/W3023646756;https://openalex.org/W2950577166;https://openalex.org/W3005022906;https://openalex.org/W3021799569;https://openalex.org/W3166357839
https://openalex.org/A5024473397,https://openalex.org/S2485537415,3,0.7865,https://openalex.org/W4385820046;https://openalex.org/W4285258410;https://openalex.org/W4386634521
https://openalex.org/A5100345183,https://openalex.org/S2485537415,2,0.6933,https://openalex.org/W3009874600;https://openalex.org/W3089124799
https://openalex.org/A5100345183,https://openalex.org/S4210205812,3,0.7095,https://openalex.org/W4309090138;https://openalex.org/W4221013356;https://openalex.org/W4328125665
https://openalex.org/A5100414092,https://openalex.org/S4210178049,2,0.7859,https://openalex.org/W4385319136;https://openalex.org/W4220787965
https://openalex.org/A5048958429,https://openalex.org/S202381698,2,0.7494,https://openalex.org/W4291008710;https://openalex.org/W4393929058
https://openalex.org/A5010920098,https://openalex.org/S2485537415,3,0.6752,https://openalex.org/W3033149838;https://openalex.org/W2948927844;https://openalex.org/W3091413556
https://openalex.org/A5065630092,https://openalex.org/S4210205812,2,0.4856,https://openalex.org/W4229053887;https://openalex.org/W3134421597
https://openalex.org/A5026964588,https://openalex.org/S207319443,2,0.6401,https://openalex.org/W3126661169;https://openalex.org/W3120467725
https://openalex.org/A5073503574,https://openalex.org/S202381698,4,0.7774,https://openalex.org/W2793745141;https://openalex.org/W2756150416;https://openalex.org/W2754658590;https://openalex.org/W563901305
https://openalex.org/A5043098653,https://openalex.org/S4210205812,3,0.6736,https://openalex.org/W4206710430;https://openalex.org/W4319982568;https://openalex.org/W3202111322
https://openalex.org/A5101815945,https://openalex.org/S4210192031,2,0.8865,https://openalex.org/W4288720573;https://openalex.org/W4285013200
https://openalex.org/A5006578545,https://openalex.org/S2485537415,2,0.9043,https://openalex.org/W2917049430;https://openalex.org/W2907588548
https://openalex.org/A5006578545,https://openalex.org/S4210205812,2,0.764,https://openalex.org/W2797080692;https://openalex.org/W4309091499
https://openalex.org/A5062877752,https://openalex.org/S2485537415,4,0.7168,https://openalex.org/W4390241199;https://openalex.org/W4391855175;https://openalex.org/W2998825278;https://openalex.org/W2948645018
https://openalex.org/A5027279057,https://openalex.org/S4210173132,3,0.874,https://openalex.org/W4390501846;https://openalex.org/W4402050979;https://openalex.org/W4289109738
https://openalex.org/A5101691435,https://openalex.org/S43295729,5,0.8823,https://openalex.org/W4323317490;https://openalex.org/W4328125298;https://openalex.org/W4400648610;https://openalex.org/W4381149367;https://openalex.org/W4376954599
https://openalex.org/A5101945482,https://openalex.org/S2485537415,2,0.8566,https://openalex.org/W4387350788;https://openalex.org/W4399343350
https://openalex.org/A5101945482,https://openalex.org/S4210213891,2,0.9239,https://openalex.org/W4399304025;https://openalex.org/W4400975272
https://openalex.org/A5083817509,https://openalex.org/S101949793,3,0.7815,https://openalex.org/W4386030140;https://openalex.org/W4389286232;https://openalex.org/W4402865178
https://openalex.org/A5100785807,https://openalex.org/S4210205812,2,0.9214,https://openalex.org/W3195526979;https://openalex.org/W3128324662
https://openalex.org/A5082178480,https://openalex.org/S139930977,4,0.7745,https://openalex.org/W2765645152;https://openalex.org/W2403483111;https://openalex.org/W869534717;https://openalex.org/W2571958538
https://openalex.org/A5029292323,https://openalex.org/S4210205812,4,0.6623,https://openalex.org/W4386219813;https://openalex.org/W4309737670;https://openalex.org/W4376611545;https://openalex.org/W4366826226
https://openalex.org/A5014670824,https://openalex.org/S202381698,2,0.581,https://openalex.org/W3191872972;https://openalex.org/W4403294972
https://openalex.org/A5014670824,https://openalex.org/S2898612692,3,0.8063,https://openalex.org/W4304690363;https://openalex.org/W4391543666;https://openalex.org/W4403284451
https://openalex.org/A5100718334,https://openalex.org/S4210192031,3,0.6472,https://openalex.org/W4389921099;https://openalex.org/W4400079260;https://openalex.org/W4382787607
https://openalex.org/A5060251766,https://openalex.org/S2485537415,2,0.7674,https://openalex.org/W2946490927;https://openalex.org/W2991788499
https://openalex.org/A5076524479,https://openalex.org/S2485537415,4,0.6096,https://openalex.org/W3177283294;https://openalex.org/W3201405160;https://openalex.org/W4404469468;https://openalex.org/W4399399489
https://openalex.org/A5043060302,https://openalex.org/S2485537415,3,0.7068,https://openalex.org/W2514644265;https://openalex.org/W2962959715;https://openalex.org/W4391468107
https://openalex.org/A5112723522,https://openalex.org/S2485537415,4,0.7096,https://openalex.org/W2968130068;https://openalex.org/W2945641573;https://openalex.org/W2912947506;https://openalex.org/W2980768538
https://openalex.org/A5101920004,https://openalex.org/S139930977,3,0.804,https://openalex.org/W2769610873;https://openalex.org/W3135927772;https://openalex.org/W3119810193
https://openalex.org/A5039539402,https://openalex.org/S101949793,3,0.7932,https://openalex.org/W2920541662;https://openalex.org/W4200410766;https://openalex.org/W4387977108
https://openalex.org/A5028807044,https://openalex.org/S4210205812,2,0.8305,https://openalex.org/W4362608848;https://openalex.org/W3210440504
https://openalex.org/A5028807044,https://openalex.org/S2485537415,3,0.735,https://openalex.org/W4402435320;https://openalex.org/W4394586017;https://openalex.org/W4404627963
https://openalex.org/A5079569621,https://openalex.org/S997959834,3,0.7581,https://openalex.org/W4226373707;https://openalex.org/W2765201853;https://openalex.org/W2485877843
https://openalex.org/A5100629869,https://openalex.org/S2485537415,3,0.8144,https://openalex.org/W3025486603;https://openalex.org/W3103328744;https://openalex.org/W3133082511
https://openalex.org/A5100687937,https://openalex.org/S3035462843,2,0.7389,https://openalex.org/W3196117461;https://openalex.org/W4381587093
https://openalex.org/A5100687937,https://openalex.org/S190680769,2,0.7567,https://openalex.org/W4388657715;https://openalex.org/W2805321387
https://openalex.org/A5100376261,https://openalex.org/S2485537415,5,0.6354,https://openalex.org/W4362654526;https://openalex.org/W4391165175;https://openalex.org/W3097451491;https://openalex.org/W4205833324;https://openalex.org/W4391467391
https://openalex.org/A5053797473,https://openalex.org/S2485537415,4,0.883,https://openalex.org/W2888630264;https://openalex.org/W2944145386;https://openalex.org/W3198190218;https://openalex.org/W2948868247
https://openalex.org/A5068060125,https://openalex.org/S2485537415,3,0.7046,https://openalex.org/W4205134647;https://openalex.org/W4225925868;https://openalex.org/W4386280824
https://openalex.org/A5061641022,https://openalex.org/S196734849,5,0.7739,https://openalex.org/W3191743075;https://openalex.org/W2948394366;https://openalex.org/W4283321614;https://openalex.org/W2891816967;https://openalex.org/W4311744990
https://openalex.org/A5100351349,https://openalex.org/S4210192031,3,0.7646,https://openalex.org/W4328107714;https://openalex.org/W4366090944;https://openalex.org/W4386848428
https://openalex.org/A5100351349,https://openalex.org/S178776955,2,0.8826,https://openalex.org/W4224285206;https://openalex.org/W3190924606
https://openalex.org/A5033238429,https://openalex.org/S190680769,3,0.7401,https://openalex.org/W2176155182;https://openalex.org/W2281835942;https://openalex.org/W3029713084
https://openalex.org/A5033238429,https://openalex.org/S2485537415,2,0.7044,https://openalex.org/W4286368131;https://openalex.org/W4312472887
https://openalex.org/A5023705114,https://openalex.org/S4210196574,5,0.7823,https://openalex.org/W3178605646;https://openalex.org/W3035869584;https://openalex.org/W4313288419;https://openalex.org/W4388099995;https://openalex.org/W4409859725
https://openalex.org/A5044117764,https://openalex.org/S4210205812,5,0.7238,https://openalex.org/W4229454050;https://openalex.org/W2912334061;https://openalex.org/W3119425291;https://openalex.org/W3135159332;https://openalex.org/W4228998034
https://openalex.org/A5056052273,https://openalex.org/S4210206423,2,0.7389,https://openalex.org/W4402761302;https://openalex.org/W4404568495
https://openalex.org/A5056052273,https://openalex.org/S4210192031,2,0.8119,https://openalex.org/W4386608103;https://openalex.org/W4386282913
https://openalex.org/A5014759537,https://openalex.org/S149016011,4,0.8202,https://openalex.org/W4380995532;https://openalex.org/W3208346495;https://openalex.org/W4403390309;https://openalex.org/W4388262459
https://openalex.org/A5090008101,https://openalex.org/S190680769,2,0.7517,https://openalex.org/W3203549800;https://openalex.org/W4381571798
https://openalex.org/A5090008101,https://openalex.org/S2485537415,2,0.7108,https://openalex.org/W4401069830;https://openalex.org/W4404520688
https://openalex.org/A5100599817,https://openalex.org/S4210205812,4,0.7763,https://openalex.org/W4213163635;https://openalex.org/W4327958258;https://openalex.org/W4321457839;https://openalex.org/W4383552252
https://openalex.org/A5076190433,https://openalex.org/S178776955,3,0.8628,https://openalex.org/W2290769653;https://openalex.org/W4220721854;https://openalex.org/W4396608814
https://openalex.org/A5073058503,https://openalex.org/S4210205812,5,0.7704,https://openalex.org/W4327958258;https://openalex.org/W4392657779;https://openalex.org/W4321457839;https://openalex.org/W4383552252;https://openalex.org/W4377289268
https://openalex.org/A5010085896,https://openalex.org/S4511983,5,0.6728,https://openalex.org/W4388812677;https://openalex.org/W2338255946;https://openalex.org/W2594054978;https://openalex.org/W4391024015;https://openalex.org/W4392950582
https://openalex.org/A5100321835,https://openalex.org/S2764650051,2,0.7528,https://openalex.org/W2891377710;https://openalex.org/W4392413980
https://openalex.org/A5057732993,https://openalex.org/S4210216316,4,0.8097,https://openalex.org/W4289766528;https://openalex.org/W4386212917;https://openalex.org/W4386211544;https://openalex.org/W4289766963
https://openalex.org/A5084814930,https://openalex.org/S2485537415,5,0.7057,https://openalex.org/W3200659000;https://openalex.org/W3207785968;https://openalex.org/W3208975336;https://openalex.org/W3201058350;https://openalex.org/W3209583659
https://openalex.org/A5046866966,https://openalex.org/S4210192031,2,0.7421,https://openalex.org/W4295102864;https://openalex.org/W4315786409
https://openalex.org/A5046866966,https://openalex.org/S2485537415,3,0.7549,https://openalex.org/W2977311251;https://openalex.org/W2983922512;https://openalex.org/W4295308683
https://openalex.org/A5033215072,https://openalex.org/S101949793,3,0.6686,https://openalex.org/W4396855806;https://openalex.org/W4286208776;https://openalex.org/W4385543845
https://openalex.org/A5100332831,https://openalex.org/S2485537415,2,0.6321,https://openalex.org/W2975092859;https://openalex.org/W2911512579
https://openalex.org/A5082994943,https://openalex.org/S3569471,4,0.8029,https://openalex.org/W3000164708;https://openalex.org/W2954044313;https://openalex.org/W2463923729;https://openalex.org/W2907757875
https://openalex.org/A5004781883,https://openalex.org/S4210192031,5,0.8026,https://openalex.org/W4391384240;https://openalex.org/W4224264214;https://openalex.org/W4293219146;https://openalex.org/W4289176749;https://openalex.org/W4281766122
https://openalex.org/A5009464594,https://openalex.org/S4210205812,3,0.7092,https://openalex.org/W3196176241;https://openalex.org/W4281750788;https://openalex.org/W3211118807
https://openalex.org/A5100776702,https://openalex.org/S4210216316,5,0.7991,https://openalex.org/W2964056391;https://openalex.org/W3174252230;https://openalex.org/W3173931524;https://openalex.org/W2738031339;https://openalex.org/W2475258570
https://openalex.org/A5019043138,https://openalex.org/S178776955,3,0.794,https://openalex.org/W3201058556;https://openalex.org/W4391949113;https://openalex.org/W4392544679
https://openalex.org/A5019043138,https://openalex.org/S196734849,2,0.8071,https://openalex.org/W3119901359;https://openalex.org/W3174151568
https://openalex.org/A5086592352,https://openalex.org/S4210205812,4,0.7524,https://openalex.org/W4399802434;https://openalex.org/W4396665745;https://openalex.org/W4221085362;https://openalex.org/W3017185923
https://openalex.org/A5100449906,https://openalex.org/S2485537415,2,0.5715,https://openalex.org/W2890567626;https://openalex.org/W3151681360
https://openalex.org/A5056491924,https://openalex.org/S2485537415,2,0.7186,https://openalex.org/W3154706393;https://openalex.org/W3186833834
https://openalex.org/A5056491924,https://openalex.org/S4210205812,3,0.6693,https://openalex.org/W3127800603;https://openalex.org/W3025762081;https://openalex.org/W3200918848
https://openalex.org/A5042757399,https://openalex.org/S4210205812,4,0.7488,https://openalex.org/W4360615702;https://openalex.org/W4395010933;https://openalex.org/W4392645690;https://openalex.org/W4286111442
https://openalex.org/A5075356621,https://openalex.org/S4210228075,3,0.7958,https://openalex.org/W4366088885;https://openalex.org/W4388420354;https://openalex.org/W4395038223
https://openalex.org/A5014199850,https://openalex.org/S4210205812,5,0.7238,https://openalex.org/W4229454050;https://openalex.org/W2912334061;https://openalex.org/W3119425291;https://openalex.org/W3135159332;https://openalex.org/W4228998034
https://openalex.org/A5056485034,https://openalex.org/S2485537415,5,0.6558,https://openalex.org/W2789557754;https://openalex.org/W3033140201;https://openalex.org/W3009660502;https://openalex.org/W3135265100;https://openalex.org/W2996293399
https://openalex.org/A5083531923,https://openalex.org/S149016011,3,0.8239,https://openalex.org/W2952339695;https://openalex.org/W3035928039;https://openalex.org/W3088366362
https://openalex.org/A5072587042,https://openalex.org/S137468011,4,0.7215,https://openalex.org/W2974442216;https://openalex.org/W2568978241;https://openalex.org/W2973427375;https://openalex.org/W4402904810
https://openalex.org/A5100353673,https://openalex.org/S4210205812,2,0.5871,https://openalex.org/W4210419403;https://openalex.org/W4285013686
https://openalex.org/A5077006200,https://openalex.org/S2485537415,2,0.7871,https://openalex.org/W4285130930;https://openalex.org/W4405908063
https://openalex.org/A5077006200,https://openalex.org/S19032547,2,0.6376,https://openalex.org/W3179963059;https://openalex.org/W4285094028
https://openalex.org/A5042394003,https://openalex.org/S2485537415,2,0.8039,https://openalex.org/W4210794564;https://openalex.org/W3091939259
https://openalex.org/A5042394003,https://openalex.org/S4210205812,2,0.8964,https://openalex.org/W4200178849;https://openalex.org/W3136331913
https://openalex.org/A5023562009,https://openalex.org/S4210219776,4,0.684,https://openalex.org/W2994594001;https://openalex.org/W4312116765;https://openalex.org/W4220694512;https://openalex.org/W4220662494
https://openalex.org/A5080392752,https://openalex.org/S4210205812,2,0.7711,https://openalex.org/W3018515494;https://openalex.org/W3202630717
https://openalex.org/A5080392752,https://openalex.org/S4210192031,2,0.788,https://openalex.org/W4224948165;https://openalex.org/W3173914353
https://openalex.org/A5004965117,https://openalex.org/S64187185,2,0.7219,https://openalex.org/W3091941748;https://openalex.org/W2514628397
https://openalex.org/A5004965117,https://openalex.org/S196734849,3,0.8059,https://openalex.org/W2783640763;https://openalex.org/W3125776321;https://openalex.org/W3157183136
https://openalex.org/A5042529505,https://openalex.org/S2485537415,5,0.7745,https://openalex.org/W2974174128;https://openalex.org/W2941799245;https://openalex.org/W2926264417;https://openalex.org/W2942765639;https://openalex.org/W2958093046
https://openalex.org/A5022205078,https://openalex.org/S4210205812,3,0.6838,https://openalex.org/W3214601099;https://openalex.org/W4296467093;https://openalex.org/W3181630015
https://openalex.org/A5022205078,https://openalex.org/S2485537415,2,0.6965,https://openalex.org/W2981836045;https://openalex.org/W2942928757
https://openalex.org/A5025758975,https://openalex.org/S2485537415,2,0.8784,https://openalex.org/W2979860911;https://openalex.org/W4206455206
https://openalex.org/A5028053690,https://openalex.org/S196734849,3,0.8903,https://openalex.org/W3004016611;https://openalex.org/W3033382446;https://openalex.org/W3155033502
https://openalex.org/A5073472514,https://openalex.org/S196734849,2,0.655,https://openalex.org/W3211368727;https://openalex.org/W4391006443
https://openalex.org/A5087872892,https://openalex.org/S4210172076,3,0.7172,https://openalex.org/W3205636410;https://openalex.org/W4306743888;https://openalex.org/W3194691339
https://openalex.org/A5074022699,https://openalex.org/S2485537415,3,0.602,https://openalex.org/W2955139424;https://openalex.org/W2241511992;https://openalex.org/W3112787034
https://openalex.org/A5074022699,https://openalex.org/S101949793,2,0.7241,https://openalex.org/W4377041683;https://openalex.org/W2581209700
https://openalex.org/A5037528486,https://openalex.org/S2485537415,4,0.6691,https://openalex.org/W4211119275;https://openalex.org/W4391428196;https://openalex.org/W3208020934;https://openalex.org/W4405778521
https://openalex.org/A5091880648,https://openalex.org/S2485537415,4,0.7037,https://openalex.org/W2915002815;https://openalex.org/W3127044632;https://openalex.org/W3121034555;https://openalex.org/W4320004329
https://openalex.org/A5055458864,https://openalex.org/S2764650051,4,0.7595,https://openalex.org/W2797870998;https://openalex.org/W2552714763;https://openalex.org/W4296251034;https://openalex.org/W2803982643
https://openalex.org/A5060225743,https://openalex.org/S2729999759,3,0.6886,https://openalex.org/W3202712981;https://openalex.org/W3090015871;https://openalex.org/W3198003283
https://openalex.org/A5100628919,https://openalex.org/S2596394214,2,0.8375,https://openalex.org/W3207232829;https://openalex.org/W4281638089
https://openalex.org/A5100362109,https://openalex.org/S2485537415,3,0.6606,https://openalex.org/W3013620532;https://openalex.org/W3036198722;https://openalex.org/W2803394595
https://openalex.org/A5100418950,https://openalex.org/S2485537415,3,0.7446,https://openalex.org/W3083667980;https://openalex.org/W2901708793;https://openalex.org/W2923567094
https://openalex.org/A5002628427,https://openalex.org/S2485537415,2,0.7108,https://openalex.org/W2883325838;https://openalex.org/W4312441539
https://openalex.org/A5062958095,https://openalex.org/S4210192031,2,0.8097,https://openalex.org/W4319595422;https://openalex.org/W4289941892
https://openalex.org/A5027034650,https://openalex.org/S2485537415,2,0.9451,https://openalex.org/W3023922173;https://openalex.org/W3037205033
https://openalex.org/A5027034650,https://openalex.org/S43295729,2,0.8429,https://openalex.org/W4400484663;https://openalex.org/W3184071296
https://openalex.org/A5050757271,https://openalex.org/S2485537415,2,0.8517,https://openalex.org/W3176558250;https://openalex.org/W3201449892
https://openalex.org/A5050757271,https://openalex.org/S4210178049,2,0.7896,https://openalex.org/W4224305765;https://openalex.org/W3201752972
https://openalex.org/A5023828527,https://openalex.org/S196734849,2,0.7435,https://openalex.org/W4387132174;https://openalex.org/W4391997998
https://openalex.org/A5061523469,https://openalex.org/S4210177785,3,0.7981,https://openalex.org/W2515717359;https://openalex.org/W4206738998;https://openalex.org/W4391425656
https://openalex.org/A5017851308,https://openalex.org/S2485537415,5,0.7989,https://openalex.org/W2968699891;https://openalex.org/W2967532333;https://openalex.org/W3008441132;https://openalex.org/W2966167458;https://openalex.org/W2979615786
https://openalex.org/A5036025229,https://openalex.org/S2485537415,5,0.7923,https://openalex.org/W3016683387;https://openalex.org/W3033057870;https://openalex.org/W4312792162;https://openalex.org/W3023596779;https://openalex.org/W3026649003
https://openalex.org/A5073305817,https://openalex.org/S4210177785,5,0.879,https://openalex.org/W3014754116;https://openalex.org/W2793314278;https://openalex.org/W3118232860;https://openalex.org/W3172375847;https://openalex.org/W2566450153
https://openalex.org/A5057674155,https://openalex.org/S4210177785,5,0.879,https://openalex.org/W3014754116;https://openalex.org/W2793314278;https://openalex.org/W3118232860;https://openalex.org/W3172375847;https://openalex.org/W2566450153
https://openalex.org/A5100721586,https://openalex.org/S2485537415,2,0.8043,https://openalex.org/W2967882206;https://openalex.org/W2945508466
https://openalex.org/A5080711681,https://openalex.org/S2485537415,4,0.6587,https://openalex.org/W2552697641;https://openalex.org/W2759033737;https://openalex.org/W4403863495;https://openalex.org/W3174123549
https://openalex.org/A5088950452,https://openalex.org/S2485537415,5,0.6499,https://openalex.org/W4210915621;https://openalex.org/W3184599456;https://openalex.org/W3035620341;https://openalex.org/W4388543935;https://openalex.org/W4226459305
https://openalex.org/A5013128456,https://openalex.org/S2764413287,4,0.8074,https://openalex.org/W4392886985;https://openalex.org/W4320532256;https://openalex.org/W4388750431;https://openalex.org/W4376126493
https://openalex.org/A5103021033,https://openalex.org/S2485537415,3,0.7915,https://openalex.org/W2998248698;https://openalex.org/W2980901239;https://openalex.org/W3001441057
https://openalex.org/A5103021033,https://openalex.org/S101949793,2,0.826,https://openalex.org/W2990262304;https://openalex.org/W2793314072
https://openalex.org/A5085612970,https://openalex.org/S4210205812,3,0.8914,https://openalex.org/W3217195399;https://openalex.org/W4311013945;https://openalex.org/W4313403993
https://openalex.org/A5056482307,https://openalex.org/S2485537415,4,0.7508,https://openalex.org/W2980702394;https://openalex.org/W2942437963;https://openalex.org/W2980197275;https://openalex.org/W3147683722
https://openalex.org/A5045511267,https://openalex.org/S139930977,4,0.8085,https://openalex.org/W4221141793;https://openalex.org/W4313395123;https://openalex.org/W4395007752;https://openalex.org/W2615089626
https://openalex.org/A5081521788,https://openalex.org/S4210192031,5,0.6929,https://openalex.org/W2983867871;https://openalex.org/W3216513665;https://openalex.org/W4386333039;https://openalex.org/W4392013691;https://openalex.org/W4296360208
https://openalex.org/A5076799915,https://openalex.org/S2485537415,4,0.6007,https://openalex.org/W4383172105;https://openalex.org/W4387385704;https://openalex.org/W4403446022;https://openalex.org/W4401114032
https://openalex.org/A5064986865,https://openalex.org/S4210177785,5,0.8386,https://openalex.org/W3149029499;https://openalex.org/W4376875647;https://openalex.org/W4403262530;https://openalex.org/W4394823076;https://openalex.org/W3091885231
https://openalex.org/A5100741983,https://openalex.org/S2485537415,5,0.8508,https://openalex.org/W2971785544;https://openalex.org/W2992764303;https://openalex.org/W1839047800;https://openalex.org/W2913298360;https://openalex.org/W3012976800
https://openalex.org/A5075532616,https://openalex.org/S2485537415,2,0.7341,https://openalex.org/W2998165854;https://openalex.org/W2970032940
https://openalex.org/A5030047727,https://openalex.org/S4210219776,2,0.7021,https://openalex.org/W4393947310;https://openalex.org/W4387404403
https://openalex.org/A5031506291,https://openalex.org/S2737955091,2,0.8109,https://openalex.org/W4390547705;https://openalex.org/W3150242420
https://openalex.org/A5031506291,https://openalex.org/S107516304,2,0.7938,https://openalex.org/W3108089567;https://openalex.org/W4281480917
https://openalex.org/A5084900407,https://openalex.org/S4210178049,2,0.7458,https://openalex.org/W4403895174;https://openalex.org/W4399138410
https://openalex.org/A5084900407,https://openalex.org/S196734849,2,0.879,https://openalex.org/W4308885876;https://openalex.org/W4388895542
https://openalex.org/A5049991876,https://openalex.org/S4210177785,3,0.7981,https://openalex.org/W2515717359;https://openalex.org/W4206738998;https://openalex.org/W4391425656
https://openalex.org/A5101727894,https://openalex.org/S2485537415,2,0.7966,https://openalex.org/W2990288623;https://openalex.org/W2988032913
https://openalex.org/A5101727894,https://openalex.org/S34838331,2,0.8631,https://openalex.org/W2936386149;https://openalex.org/W2960909015
https://openalex.org/A5100381334,https://openalex.org/S2485537415,4,0.6158,https://openalex.org/W2906427915;https://openalex.org/W2917490420;https://openalex.org/W3005101950;https://openalex.org/W2941142339
https://openalex.org/A5101488664,https://openalex.org/S2485537415,2,0.7533,https://openalex.org/W3135449691;https://openalex.org/W2971279492
https://openalex.org/A5101488664,https://openalex.org/S190680769,2,0.8133,https://openalex.org/W4382793508;https://openalex.org/W4304208554
https://openalex.org/A5100714534,https://openalex.org/S17147534,2,0.7095,https://openalex.org/W3211382224;https://openalex.org/W3100221118
https://openalex.org/A5013578258,https://openalex.org/S17147534,2,0.7774,https://openalex.org/W3100221118;https://openalex.org/W4285817165
https://openalex.org/A5007992878,https://openalex.org/S2485537415,2,0.8255,https://openalex.org/W4397026497;https://openalex.org/W4393405277
https://openalex.org/A5007992878,https://openalex.org/S101949793,2,0.6903,https://openalex.org/W4313472985;https://openalex.org/W4399181715
https://openalex.org/A5069386158,https://openalex.org/S167961193,3,0.8601,https://openalex.org/W2788357842;https://openalex.org/W2963540081;https://openalex.org/W3170272866
https://openalex.org/A5101741414,https://openalex.org/S101949793,2,0.8312,https://openalex.org/W4280605685;https://openalex.org/W4286434120
https://openalex.org/A5080382393,https://openalex.org/S202381698,2,0.7987,https://openalex.org/W3118829708;https://openalex.org/W4401810156
https://openalex.org/A5081516800,https://openalex.org/S196734849,3,0.7475,https://openalex.org/W4389899904;https://openalex.org/W4311585066;https://openalex.org/W4403240524
https://openalex.org/A5081516800,https://openalex.org/S2764650051,2,0.6849,https://openalex.org/W4391910237;https://openalex.org/W4403600390
https://openalex.org/A5079557375,https://openalex.org/S2485537415,2,0.6627,https://openalex.org/W3177283294;https://openalex.org/W4389633789
https://openalex.org/A5039197997,https://openalex.org/S190629608,2,0.6981,https://openalex.org/W3122190798;https://openalex.org/W3137468401
https://openalex.org/A5039197997,https://openalex.org/S4210192031,2,0.7879,https://openalex.org/W4383226557;https://openalex.org/W4404122851
https://openalex.org/A5056484904,https://openalex.org/S4210238752,2,0.7924,https://openalex.org/W4387118761;https://openalex.org/W4307264712
https://openalex.org/A5011296289,https://openalex.org/S202381698,3,0.7749,https://openalex.org/W3118829708;https://openalex.org/W2947277453;https://openalex.org/W3034390832
https://openalex.org/A5038221850,https://openalex.org/S2764955546,2,0.9087,https://openalex.org/W4366134915;https://openalex.org/W4293385784
https://openalex.org/A5038221850,https://openalex.org/S4210192031,3,0.8344,https://openalex.org/W4281837565;https://openalex.org/W4367627374;https://openalex.org/W4392295889
https://openalex.org/A5028898335,https://openalex.org/S2485537415,2,0.7877,https://openalex.org/W4293499212;https://openalex.org/W2969395543
https://openalex.org/A5028850198,https://openalex.org/S4210192031,4,0.8724,https://openalex.org/W4226438888;https://openalex.org/W4320917693;https://openalex.org/W4311393140;https://openalex.org/W4392295889
https://openalex.org/A5034084300,https://openalex.org/S2485537415,4,0.6758,https://openalex.org/W3192549639;https://openalex.org/W4214638371;https://openalex.org/W4323338540;https://openalex.org/W4403446324
https://openalex.org/A5005236363,https://openalex.org/S4210172076,2,0.841,https://openalex.org/W4311960212;https://openalex.org/W4402749956
https://openalex.org/A5081280784,https://openalex.org/S2485537415,5,0.6773,https://openalex.org/W4312574105;https://openalex.org/W4320713000;https://openalex.org/W3118591440;https://openalex.org/W3033036590;https://openalex.org/W2953467339
https://openalex.org/A5079733597,https://openalex.org/S43295729,2,0.859,https://openalex.org/W4285006229;https://openalex.org/W4295094751
https://openalex.org/A5079733597,https://openalex.org/S2485537415,2,0.597,https://openalex.org/W4206406719;https://openalex.org/W4285021564
https://openalex.org/A5045221683,https://openalex.org/S2485537415,4,0.6403,https://openalex.org/W4400111331;https://openalex.org/W4401210375;https://openalex.org/W4394966870;https://openalex.org/W4386320374
https://openalex.org/A5100740224,https://openalex.org/S4210205812,2,0.7028,https://openalex.org/W4380998171;https://openalex.org/W3004545174
https://openalex.org/A5100740224,https://openalex.org/S4210192031,2,0.7044,https://openalex.org/W4312127319;https://openalex.org/W4312127347
https://openalex.org/A5029041995,https://openalex.org/S4210205812,2,0.7623,https://openalex.org/W2995567037;https://openalex.org/W4285803002
https://openalex.org/A5034896032,https://openalex.org/S2485537415,2,0.5925,https://openalex.org/W4386536277;https://openalex.org/W3212967455
https://openalex.org/A5084352657,https://openalex.org/S4210205812,3,0.6897,https://openalex.org/W3214601099;https://openalex.org/W3152807617;https://openalex.org/W3181630015
https://openalex.org/A5043414948,https://openalex.org/S2764413287,2,0.6278,https://openalex.org/W4403558103;https://openalex.org/W4396796587
https://openalex.org/A5043414948,https://openalex.org/S2485537415,2,0.6415,https://openalex.org/W4387758108;https://openalex.org/W4399881348
https://openalex.org/A5066119228,https://openalex.org/S207319443,2,0.6804,https://openalex.org/W2911593136;https://openalex.org/W3045733891
https://openalex.org/A5084264842,https://openalex.org/S2485537415,5,0.7308,https://openalex.org/W4392567326;https://openalex.org/W4401878776;https://openalex.org/W4381250521;https://openalex.org/W3122808444;https://openalex.org/W2923682622
https://openalex.org/A5048174707,https://openalex.org/S2485537415,2,0.869,https://openalex.org/W4313477820;https://openalex.org/W4294811231
https://openalex.org/A5050114601,https://openalex.org/S4210192031,2,0.8383,https://openalex.org/W4282590857;https://openalex.org/W2989688479
https://openalex.org/A5088967010,https://openalex.org/S2485537415,3,0.7211,https://openalex.org/W4386275534;https://openalex.org/W4401878928;https://openalex.org/W4285061598
https://openalex.org/A5078661319,https://openalex.org/S2485537415,3,0.6893,https://openalex.org/W4386536261;https://openalex.org/W4290043178;https://openalex.org/W4381562726
https://openalex.org/A5091180862,https://openalex.org/S4210197006,2,0.9546,https://openalex.org/W4400837365;https://openalex.org/W4399817830
https://openalex.org/A5051473649,https://openalex.org/S4210205812,2,0.8542,https://openalex.org/W4380682433;https://openalex.org/W4386995835
https://openalex.org/A5001770391,https://openalex.org/S4210205812,2,0.6657,https://openalex.org/W2905193210;https://openalex.org/W2285031517
https://openalex.org/A5043042273,https://openalex.org/S4210205812,4,0.7114,https://openalex.org/W4293528099;https://openalex.org/W3013658006;https://openalex.org/W3094183635;https://openalex.org/W4210821953
https://openalex.org/A5072210064,https://openalex.org/S196734849,3,0.8903,https://openalex.org/W3004016611;https://openalex.org/W3033382446;https://openalex.org/W3155033502
https://openalex.org/A5010673789,https://openalex.org/S2485537415,4,0.8076,https://openalex.org/W3015908042;https://openalex.org/W2618536522;https://openalex.org/W2955437913;https://openalex.org/W3107863907
https://openalex.org/A5001694059,https://openalex.org/S2764650051,2,0.7476,https://openalex.org/W2995452567;https://openalex.org/W3118996476
https://openalex.org/A5046829835,https://openalex.org/S2485537415,2,0.6483,https://openalex.org/W2901401997;https://openalex.org/W4400314722
https://openalex.org/A5046829835,https://openalex.org/S4210205812,2,0.8161,https://openalex.org/W3212902403;https://openalex.org/W4385067094
https://openalex.org/A5100444820,https://openalex.org/S3569471,4,0.7737,https://openalex.org/W2613028879;https://openalex.org/W2525531079;https://openalex.org/W2910298724;https://openalex.org/W2990086896
https://openalex.org/A5088143484,https://openalex.org/S2485537415,3,0.5642,https://openalex.org/W3012343373;https://openalex.org/W2993821971;https://openalex.org/W3012174035
https://openalex.org/A5100762681,https://openalex.org/S2485537415,4,0.7539,https://openalex.org/W3097101616;https://openalex.org/W3118687557;https://openalex.org/W2923126346;https://openalex.org/W3164316111
https://openalex.org/A5019248683,https://openalex.org/S3569471,3,0.8026,https://openalex.org/W3000164708;https://openalex.org/W2954044313;https://openalex.org/W2907757875
https://openalex.org/A5019248683,https://openalex.org/S2485537415,2,0.5532,https://openalex.org/W2803781749;https://openalex.org/W2811484968
https://openalex.org/A5007096285,https://openalex.org/S4210213891,2,0.7262,https://openalex.org/W2934840414;https://openalex.org/W4312116675
https://openalex.org/A5058780083,https://openalex.org/S195231649,2,0.7959,https://openalex.org/W3134504373;https://openalex.org/W3175573318
https://openalex.org/A5022176859,https://openalex.org/S101949793,2,0.7017,https://openalex.org/W4206899036;https://openalex.org/W4280537409
https://openalex.org/A5049316142,https://openalex.org/S2485537415,3,0.9152,https://openalex.org/W3001789299;https://openalex.org/W2963680343;https://openalex.org/W3006432169
https://openalex.org/A5100395120,https://openalex.org/S2485537415,3,0.6442,https://openalex.org/W2906427915;https://openalex.org/W2917490420;https://openalex.org/W3005101950
https://openalex.org/A5077065409,https://openalex.org/S101949793,3,0.745,https://openalex.org/W3036971864;https://openalex.org/W2887320834;https://openalex.org/W1500703277
https://openalex.org/A5077065409,https://openalex.org/S2485537415,2,0.8741,https://openalex.org/W4404914429;https://openalex.org/W3178853440
https://openalex.org/A5048753811,https://openalex.org/S4210172076,3,0.8479,https://openalex.org/W4405725197;https://openalex.org/W4200599159;https://openalex.org/W4396953284
https://openalex.org/A5091372108,https://openalex.org/S4210173132,3,0.874,https://openalex.org/W4390501846;https://openalex.org/W4402050979;https://openalex.org/W4289109738
https://openalex.org/A5113414416,https://openalex.org/S2485537415,2,0.5615,https://openalex.org/W2971201090;https://openalex.org/W2949360331
https://openalex.org/A5060797340,https://openalex.org/S202381698,3,0.7105,https://openalex.org/W2986549997;https://openalex.org/W3040128587;https://openalex.org/W4313545247
https://openalex.org/A5026346396,https://openalex.org/S2485537415,4,0.7262,https://openalex.org/W3193527568;https://openalex.org/W3082043744;https://openalex.org/W3020678160;https://openalex.org/W3128766872
https://openalex.org/A5008033496,https://openalex.org/S4210205812,3,0.7828,https://openalex.org/W4321091270;https://openalex.org/W4402577700;https://openalex.org/W4285732232
https://openalex.org/A5030033190,https://openalex.org/S4210177785,3,0.8272,https://openalex.org/W2595564133;https://openalex.org/W2932409702;https://openalex.org/W4281258553
https://openalex.org/A5062358775,https://openalex.org/S4210205812,2,0.877,https://openalex.org/W3215836637;https://openalex.org/W3033758662
https://openalex.org/A5062358775,https://openalex.org/S2485537415,3,0.7362,https://openalex.org/W2790974113;https://openalex.org/W2918555272;https://openalex.org/W2811254552
https://openalex.org/A5101414718,https://openalex.org/S2485537415,3,0.7233,https://openalex.org/W2904685147;https://openalex.org/W2956513391;https://openalex.org/W2897863226
https://openalex.org/A5100695004,https://openalex.org/S2485537415,4,0.8275,https://openalex.org/W2971741626;https://openalex.org/W3106428744;https://openalex.org/W3146530908;https://openalex.org/W3200396105
https://openalex.org/A5023830568,https://openalex.org/S2485537415,3,0.7434,https://openalex.org/W4319996261;https://openalex.org/W4285105280;https://openalex.org/W4205854246
https://openalex.org/A5027913111,https://openalex.org/S2485537415,3,0.7888,https://openalex.org/W2928853519;https://openalex.org/W4400033107;https://openalex.org/W4312901673
https://openalex.org/A5068942141,https://openalex.org/S2485537415,2,0.7186,https://openalex.org/W3154706393;https://openalex.org/W3186833834
https://openalex.org/A5068942141,https://openalex.org/S4210205812,3,0.6693,https://openalex.org/W3127800603;https://openalex.org/W3025762081;https://openalex.org/W3200918848
https://openalex.org/A5076055880,https://openalex.org/S2485537415,4,0.6832,https://openalex.org/W1515394277;https://openalex.org/W4398152570;https://openalex.org/W4285264760;https://openalex.org/W2793962634
https://openalex.org/A5008616492,https://openalex.org/S101949793,4,0.7264,https://openalex.org/W2896002290;https://openalex.org/W2991286519;https://openalex.org/W2805635534;https://openalex.org/W2981905148
https://openalex.org/A5021728963,https://openalex.org/S4210177785,5,0.879,https://openalex.org/W3014754116;https://openalex.org/W2793314278;https://openalex.org/W3118232860;https://openalex.org/W3172375847;https://openalex.org/W2566450153
https://openalex.org/A5120811349,https://openalex.org/S2485537415,5,0.7622,https://openalex.org/W2917620985;https://openalex.org/W4402217777;https://openalex.org/W3021451168;https://openalex.org/W2950409115;https://openalex.org/W2956490308
https://openalex.org/A5010026447,https://openalex.org/S4210219776,2,0.751,https://openalex.org/W4386286111;https://openalex.org/W4322772222
https://openalex.org/A5010026447,https://openalex.org/S4210205812,2,0.5874,https://openalex.org/W3040002973;https://openalex.org/W4387971431
https://openalex.org/A5040878044,https://openalex.org/S4210177785,3,0.8272,https://openalex.org/W2595564133;https://openalex.org/W2932409702;https://openalex.org/W4281258553
https://openalex.org/A5050621974,https://openalex.org/S2485537415,2,0.767,https://openalex.org/W2913040736;https://openalex.org/W4401070304
https://openalex.org/A5050621974,https://openalex.org/S178776955,3,0.7659,https://openalex.org/W4312007522;https://openalex.org/W3008976402;https://openalex.org/W4396662713
https://openalex.org/A5085584434,https://openalex.org/S2485537415,5,0.7971,https://openalex.org/W4312290442;https://openalex.org/W3135738200;https://openalex.org/W3007731611;https://openalex.org/W3043194795;https://openalex.org/W2971315705
https://openalex.org/A5112705886,https://openalex.org/S4210216316,2,0.749,https://openalex.org/W3088333893;https://openalex.org/W4386212917
https://openalex.org/A5112705886,https://openalex.org/S190629608,2,0.8236,https://openalex.org/W4361295547;https://openalex.org/W4281637840
https://openalex.org/A5046860299,https://openalex.org/S2485537415,2,0.8004,https://openalex.org/W3013889479;https://openalex.org/W4312505592
https://openalex.org/A5046860299,https://openalex.org/S43295729,3,0.8179,https://openalex.org/W4400879760;https://openalex.org/W4295204248;https://openalex.org/W4307940493
https://openalex.org/A5089268172,https://openalex.org/S4210200687,5,0.7374,https://openalex.org/W4377115507;https://openalex.org/W2993675210;https://openalex.org/W3171727251;https://openalex.org/W4317208919;https://openalex.org/W4385838931
https://openalex.org/A5086820941,https://openalex.org/S3569471,3,0.7944,https://openalex.org/W2765736136;https://openalex.org/W2582902923;https://openalex.org/W4313646131
https://openalex.org/A5086820941,https://openalex.org/S30889260,2,0.8358,https://openalex.org/W2791078494;https://openalex.org/W2224035261
https://openalex.org/A5022726285,https://openalex.org/S4210205812,5,0.7931,https://openalex.org/W2966736302;https://openalex.org/W3024248244;https://openalex.org/W3200580689;https://openalex.org/W3209218628;https://openalex.org/W4366987796
https://openalex.org/A5101526655,https://openalex.org/S2485537415,2,0.8008,https://openalex.org/W2977881783;https://openalex.org/W4293146223
https://openalex.org/A5051476268,https://openalex.org/S196734849,2,0.8978,https://openalex.org/W3142933006;https://openalex.org/W2912690075
https://openalex.org/A5051476268,https://openalex.org/S4210177785,3,0.8138,https://openalex.org/W4293393555;https://openalex.org/W4383106839;https://openalex.org/W4399244959
https://openalex.org/A5042186400,https://openalex.org/S2485537415,4,0.7853,https://openalex.org/W3082528453;https://openalex.org/W2911412811;https://openalex.org/W2999565548;https://openalex.org/W3204774355
https://openalex.org/A5039086542,https://openalex.org/S2485537415,2,0.703,https://openalex.org/W4379086690;https://openalex.org/W3217177838
https://openalex.org/A5018976680,https://openalex.org/S4210219776,2,0.6834,https://openalex.org/W4385067439;https://openalex.org/W4226378759
https://openalex.org/A5075183774,https://openalex.org/S4210205812,2,0.6309,https://openalex.org/W4291669770;https://openalex.org/W4283796838
https://openalex.org/A5085584754,https://openalex.org/S2485537415,5,0.721,https://openalex.org/W4387885789;https://openalex.org/W4392309213;https://openalex.org/W4387758108;https://openalex.org/W4389040899;https://openalex.org/W4398187760
https://openalex.org/A5100443879,https://openalex.org/S24978797,2,0.631,https://openalex.org/W4385332579;https://openalex.org/W4220985367
https://openalex.org/A5027010923,https://openalex.org/S2764955546,2,0.6994,https://openalex.org/W4220707319;https://openalex.org/W4292622500
https://openalex.org/A5027010923,https://openalex.org/S4210192031,2,0.8654,https://openalex.org/W4311545701;https://openalex.org/W4286717657
https://openalex.org/A5085489082,https://openalex.org/S2485537415,5,0.7003,https://openalex.org/W4388642365;https://openalex.org/W4386825037;https://openalex.org/W4396754444;https://openalex.org/W4405600009;https://openalex.org/W4394897057
https://openalex.org/A5046020427,https://openalex.org/S19032547,2,0.7407,https://openalex.org/W3042805419;https://openalex.org/W4200456283
https://openalex.org/A5078602454,https://openalex.org/S2485537415,3,0.849,https://openalex.org/W3045100301;https://openalex.org/W2942925444;https://openalex.org/W2967645217
https://openalex.org/A5009805193,https://openalex.org/S2485537415,3,0.7964,https://openalex.org/W3156128252;https://openalex.org/W4296473512;https://openalex.org/W4292387252
https://openalex.org/A5020317036,https://openalex.org/S196734849,2,0.7256,https://openalex.org/W4390012859;https://openalex.org/W4383343039
https://openalex.org/A5020317036,https://openalex.org/S2898612692,2,0.8065,https://openalex.org/W4393951060;https://openalex.org/W4388450680
https://openalex.org/A5022731366,https://openalex.org/S2898612692,2,0.7493,https://openalex.org/W4396760009;https://openalex.org/W4402968864
https://openalex.org/A5043223235,https://openalex.org/S101949793,2,0.6691,https://openalex.org/W4292553540;https://openalex.org/W4293546196
https://openalex.org/A5043223235,https://openalex.org/S196734849,3,0.8526,https://openalex.org/W4382987973;https://openalex.org/W4402550992;https://openalex.org/W4402905056
https://openalex.org/A5042528887,https://openalex.org/S2485537415,2,0.8426,https://openalex.org/W3006300590;https://openalex.org/W3006928856
https://openalex.org/A5042528887,https://openalex.org/S101949793,3,0.8019,https://openalex.org/W4321100333;https://openalex.org/W2758343895;https://openalex.org/W2893986908
https://openalex.org/A5100436099,https://openalex.org/S101949793,2,0.6916,https://openalex.org/W4392739838;https://openalex.org/W4387055971
https://openalex.org/A5100436099,https://openalex.org/S4210205812,2,0.756,https://openalex.org/W3168055830;https://openalex.org/W3080292009
https://openalex.org/A5000710718,https://openalex.org/S4210205812,3,0.7066,https://openalex.org/W3005852761;https://openalex.org/W4394689156;https://openalex.org/W4388774321
https://openalex.org/A5028012999,https://openalex.org/S2764955546,2,0.8751,https://openalex.org/W4402048512;https://openalex.org/W4399420788
https://openalex.org/A5073468417,https://openalex.org/S202381698,2,0.8075,https://openalex.org/W2802704833;https://openalex.org/W2800101573
https://openalex.org/A5004616534,https://openalex.org/S2485537415,2,0.6791,https://openalex.org/W4392397373;https://openalex.org/W4293428479
https://openalex.org/A5028993591,https://openalex.org/S4210216316,4,0.7929,https://openalex.org/W4289767191;https://openalex.org/W4232416044;https://openalex.org/W4289767033;https://openalex.org/W3201430061
https://openalex.org/A5082606335,https://openalex.org/S2485537415,2,0.7091,https://openalex.org/W2955139424;https://openalex.org/W4399039110
https://openalex.org/A5030874155,https://openalex.org/S4210205812,2,0.6839,https://openalex.org/W3122237579;https://openalex.org/W2990062453
https://openalex.org/A5030874155,https://openalex.org/S155526855,2,0.7711,https://openalex.org/W2525977272;https://openalex.org/W4225729798
https://openalex.org/A5078351384,https://openalex.org/S2485537415,3,0.7451,https://openalex.org/W2897118527;https://openalex.org/W2915262604;https://openalex.org/W2902437041
https://openalex.org/A5028862897,https://openalex.org/S2485537415,4,0.7993,https://openalex.org/W2963184145;https://openalex.org/W2922418484;https://openalex.org/W2941916520;https://openalex.org/W2903393141
https://openalex.org/A5066462028,https://openalex.org/S2898612692,2,0.703,https://openalex.org/W4392302654;https://openalex.org/W4385498246
https://openalex.org/A5066462028,https://openalex.org/S2485537415,2,0.7722,https://openalex.org/W2795584780;https://openalex.org/W3002384845
https://openalex.org/A5072249624,https://openalex.org/S4210205812,3,0.5502,https://openalex.org/W4200477908;https://openalex.org/W3186543348;https://openalex.org/W4310149543
https://openalex.org/A5023977688,https://openalex.org/S2729999759,3,0.7664,https://openalex.org/W3084179749;https://openalex.org/W4401208806;https://openalex.org/W3193312199
https://openalex.org/A5002253559,https://openalex.org/S4210219776,3,0.8189,https://openalex.org/W2772899235;https://openalex.org/W2939048927;https://openalex.org/W2997866026
https://openalex.org/A5100643723,https://openalex.org/S2485537415,5,0.5854,https://openalex.org/W2912010041;https://openalex.org/W2898278537;https://openalex.org/W2924359554;https://openalex.org/W2915003171;https://openalex.org/W2922527181
https://openalex.org/A5007474906,https://openalex.org/S190629608,2,0.6701,https://openalex.org/W3214910743;https://openalex.org/W4220687914
https://openalex.org/A5045844800,https://openalex.org/S2485537415,2,0.8524,https://openalex.org/W2984865357;https://openalex.org/W2972730416
https://openalex.org/A5045844800,https://openalex.org/S207319443,2,0.6775,https://openalex.org/W3021750196;https://openalex.org/W3127771035
https://openalex.org/A5037402563,https://openalex.org/S2485537415,3,0.6964,https://openalex.org/W3000143928;https://openalex.org/W4285228649;https://openalex.org/W2997973698
https://openalex.org/A5037402563,https://openalex.org/S2898612692,2,0.821,https://openalex.org/W4404723553;https://openalex.org/W4394859574
https://openalex.org/A5088765845,https://openalex.org/S190629608,4,0.8271,https://openalex.org/W3018770927;https://openalex.org/W4225256524;https://openalex.org/W4310376366;https://openalex.org/W3158324057
https://openalex.org/A5063439671,https://openalex.org/S2485537415,3,0.6157,https://openalex.org/W3033681523;https://openalex.org/W3081706615;https://openalex.org/W3158211697
https://openalex.org/A5026063183,https://openalex.org/S43295729,3,0.8679,https://openalex.org/W3196365599;https://openalex.org/W4220804907;https://openalex.org/W4296569531
https://openalex.org/A5044275450,https://openalex.org/S43295729,3,0.8679,https://openalex.org/W3196365599;https://openalex.org/W4220804907;https://openalex.org/W4296569531
https://openalex.org/A5045569977,https://openalex.org/S2485537415,4,0.6414,https://openalex.org/W3176795340;https://openalex.org/W2943172630;https://openalex.org/W4405599872;https://openalex.org/W3201276182
https://openalex.org/A5008132941,https://openalex.org/S178776955,5,0.8686,https://openalex.org/W4298145759;https://openalex.org/W4378882591;https://openalex.org/W4295279609;https://openalex.org/W4382721714;https://openalex.org/W4400689592
https://openalex.org/A5023882700,https://openalex.org/S3569471,3,0.8194,https://openalex.org/W3161492984;https://openalex.org/W2954068719;https://openalex.org/W2891324811
https://openalex.org/A5034606659,https://openalex.org/S4210205812,2,0.8661,https://openalex.org/W4312124031;https://openalex.org/W4307372107
https://openalex.org/A5034606659,https://openalex.org/S2485537415,2,0.7107,https://openalex.org/W2897817729;https://openalex.org/W2947803623
https://openalex.org/A5100398473,https://openalex.org/S2485537415,2,0.8775,https://openalex.org/W2945895672;https://openalex.org/W3021540940
https://openalex.org/A5085248515,https://openalex.org/S2485537415,3,0.7257,https://openalex.org/W2999108204;https://openalex.org/W2917209806;https://openalex.org/W2942163674
https://openalex.org/A5063772933,https://openalex.org/S2485537415,2,0.7487,https://openalex.org/W3007059209;https://openalex.org/W4312953832
https://openalex.org/A5063772933,https://openalex.org/S4210205812,2,0.8094,https://openalex.org/W3088417354;https://openalex.org/W3035714152
https://openalex.org/A5028610249,https://openalex.org/S3569471,3,0.7712,https://openalex.org/W2891740568;https://openalex.org/W2608813237;https://openalex.org/W2222132570
https://openalex.org/A5003975347,https://openalex.org/S2764955546,2,0.7545,https://openalex.org/W4366133584;https://openalex.org/W3175242887
https://openalex.org/A5017526842,https://openalex.org/S2764650051,3,0.8027,https://openalex.org/W4308774387;https://openalex.org/W4229455170;https://openalex.org/W3016187590
https://openalex.org/A5089583769,https://openalex.org/S2485537415,2,0.6332,https://openalex.org/W4390777229;https://openalex.org/W4291653569
https://openalex.org/A5089583769,https://openalex.org/S4210205812,3,0.6589,https://openalex.org/W4297347660;https://openalex.org/W4293685926;https://openalex.org/W4283323570
https://openalex.org/A5044238570,https://openalex.org/S4210205812,4,0.6896,https://openalex.org/W4289333595;https://openalex.org/W4296993167;https://openalex.org/W4399736025;https://openalex.org/W4391941148
https://openalex.org/A5083884675,https://openalex.org/S2729999759,5,0.7449,https://openalex.org/W4312408631;https://openalex.org/W3180895563;https://openalex.org/W4226066980;https://openalex.org/W3216778595;https://openalex.org/W4396680903
https://openalex.org/A5078672849,https://openalex.org/S2485537415,4,0.7855,https://openalex.org/W3198723714;https://openalex.org/W3094861897;https://openalex.org/W4296473512;https://openalex.org/W4292387252
https://openalex.org/A5044259885,https://openalex.org/S2485537415,4,0.7931,https://openalex.org/W4384916271;https://openalex.org/W4295700760;https://openalex.org/W4403936868;https://openalex.org/W4295308531
https://openalex.org/A5055535297,https://openalex.org/S4210196574,5,0.7395,https://openalex.org/W2990015217;https://openalex.org/W4313288435;https://openalex.org/W4313362830;https://openalex.org/W2991171358;https://openalex.org/W4313286498
https://openalex.org/A5103271991,https://openalex.org/S30889260,2,0.7477,https://openalex.org/W2885108343;https://openalex.org/W2789735085
https://openalex.org/A5103271991,https://openalex.org/S3569471,2,0.7798,https://openalex.org/W2902604810;https://openalex.org/W2770846886
https://openalex.org/A5055849526,https://openalex.org/S2485537415,3,0.7866,https://openalex.org/W4382999039;https://openalex.org/W3164681733;https://openalex.org/W2951207323
https://openalex.org/A5100379250,https://openalex.org/S2485537415,2,0.6376,https://openalex.org/W3044816028;https://openalex.org/W2979979795
https://openalex.org/A5078330211,https://openalex.org/S2485537415,4,0.8087,https://openalex.org/W2991202348;https://openalex.org/W4391892412;https://openalex.org/W3165891254;https://openalex.org/W3014786045
https://openalex.org/A5050956511,https://openalex.org/S2485537415,2,0.811,https://openalex.org/W3164877122;https://openalex.org/W3200579381
https://openalex.org/A5029260213,https://openalex.org/S196734849,3,0.8151,https://openalex.org/W2800292742;https://openalex.org/W3157093734;https://openalex.org/W2978261321
https://openalex.org/A5028234987,https://openalex.org/S195231649,2,0.8493,https://openalex.org/W2799650705;https://openalex.org/W3088176630
https://openalex.org/A5101775095,https://openalex.org/S3035462843,3,0.8075,https://openalex.org/W4387740163;https://openalex.org/W4321499134;https://openalex.org/W4391217630
https://openalex.org/A5101775095,https://openalex.org/S2485537415,2,0.8454,https://openalex.org/W2966476822;https://openalex.org/W3132738093
https://openalex.org/A5038009786,https://openalex.org/S202381698,2,0.7919,https://openalex.org/W2973226665;https://openalex.org/W2891455056
https://openalex.org/A5038009786,https://openalex.org/S2485537415,3,0.8045,https://openalex.org/W3032449939;https://openalex.org/W2624470268;https://openalex.org/W3035816739
https://openalex.org/A5058258354,https://openalex.org/S202381698,3,0.7634,https://openalex.org/W2972568824;https://openalex.org/W4214907861;https://openalex.org/W4386738330
https://openalex.org/A5058258354,https://openalex.org/S2485537415,2,0.6487,https://openalex.org/W3133710796;https://openalex.org/W3039502116
https://openalex.org/A5002938093,https://openalex.org/S4210205812,2,0.7061,https://openalex.org/W3119491257;https://openalex.org/W4402369984
https://openalex.org/A5002391772,https://openalex.org/S4210205812,3,0.6896,https://openalex.org/W4387119422;https://openalex.org/W4393900804;https://openalex.org/W4405647173
https://openalex.org/A5012321564,https://openalex.org/S4210192031,3,0.7041,https://openalex.org/W4401358070;https://openalex.org/W4385454334;https://openalex.org/W4386285877
https://openalex.org/A5012321564,https://openalex.org/S202381698,2,0.836,https://openalex.org/W2774856018;https://openalex.org/W2417144962
https://openalex.org/A5015126561,https://openalex.org/S997959834,4,0.7523,https://openalex.org/W2226352847;https://openalex.org/W799654665;https://openalex.org/W3127681547;https://openalex.org/W3047420581
https://openalex.org/A5101473474,https://openalex.org/S30889260,2,0.804,https://openalex.org/W2912480564;https://openalex.org/W3149174265
https://openalex.org/A5054791152,https://openalex.org/S2485537415,2,0.7198,https://openalex.org/W3175101966;https://openalex.org/W4401537082
https://openalex.org/A5054791152,https://openalex.org/S3569471,2,0.8521,https://openalex.org/W4394684718;https://openalex.org/W2979892696
https://openalex.org/A5033348430,https://openalex.org/S2485537415,5,0.7308,https://openalex.org/W4392567326;https://openalex.org/W4401878776;https://openalex.org/W4381250521;https://openalex.org/W3122808444;https://openalex.org/W2923682622
https://openalex.org/A5015436407,https://openalex.org/S2485537415,5,0.7402,https://openalex.org/W2978381927;https://openalex.org/W2982611265;https://openalex.org/W2884829521;https://openalex.org/W2920823352;https://openalex.org/W2895821236
https://openalex.org/A5073849385,https://openalex.org/S4210172076,2,0.8567,https://openalex.org/W4362671488;https://openalex.org/W4367182873
https://openalex.org/A5073849385,https://openalex.org/S4210205812,2,0.6815,https://openalex.org/W2995990012;https://openalex.org/W3200170420
https://openalex.org/A5075157088,https://openalex.org/S190629608,4,0.8271,https://openalex.org/W3018770927;https://openalex.org/W4225256524;https://openalex.org/W4310376366;https://openalex.org/W3158324057
https://openalex.org/A5061275811,https://openalex.org/S195231649,2,0.7256,https://openalex.org/W3155906345;https://openalex.org/W3175508255
https://openalex.org/A5061275811,https://openalex.org/S4210192031,2,0.6986,https://openalex.org/W4283823155;https://openalex.org/W2991284796
https://openalex.org/A5100371729,https://openalex.org/S178776955,4,0.7568,https://openalex.org/W4213315550;https://openalex.org/W4382502759;https://openalex.org/W4392742235;https://openalex.org/W4404711057
https://openalex.org/A5022734768,https://openalex.org/S4210192031,3,0.7405,https://openalex.org/W4384342008;https://openalex.org/W3196278622;https://openalex.org/W4392014094
https://openalex.org/A5067377863,https://openalex.org/S4210216316,5,0.7941,https://openalex.org/W3199108768;https://openalex.org/W3089025074;https://openalex.org/W3199853656;https://openalex.org/W3089031584;https://openalex.org/W4386211255
https://openalex.org/A5072798414,https://openalex.org/S4210192031,3,0.6993,https://openalex.org/W4309686433;https://openalex.org/W4296360039;https://openalex.org/W3193810005
https://openalex.org/A5039728915,https://openalex.org/S4210205812,2,0.877,https://openalex.org/W3215836637;https://openalex.org/W3033758662
https://openalex.org/A5039728915,https://openalex.org/S2485537415,3,0.7362,https://openalex.org/W2790974113;https://openalex.org/W2918555272;https://openalex.org/W2811254552
https://openalex.org/A5011150187,https://openalex.org/S2729999759,5,0.7627,https://openalex.org/W2912924812;https://openalex.org/W3045462440;https://openalex.org/W2985347336;https://openalex.org/W2302963717;https://openalex.org/W3128754101
https://openalex.org/A5019702792,https://openalex.org/S178776955,3,0.8628,https://openalex.org/W2290769653;https://openalex.org/W4220721854;https://openalex.org/W4396608814
https://openalex.org/A5038314889,https://openalex.org/S4210192031,4,0.8415,https://openalex.org/W4306392384;https://openalex.org/W4280575541;https://openalex.org/W4378808318;https://openalex.org/W4200281614
https://openalex.org/A5090603159,https://openalex.org/S4210192031,4,0.8415,https://openalex.org/W4200281614;https://openalex.org/W4306392384;https://openalex.org/W4280575541;https://openalex.org/W4378808318
https://openalex.org/A5088556494,https://openalex.org/S2485537415,2,0.6791,https://openalex.org/W4392397373;https://openalex.org/W4293428479
https://openalex.org/A5113900420,https://openalex.org/S101949793,2,0.7656,https://openalex.org/W4313894351;https://openalex.org/W4323852702
https://openalex.org/A5018962276,https://openalex.org/S4210205812,3,0.7253,https://openalex.org/W4391927097;https://openalex.org/W4293008481;https://openalex.org/W3005956530
https://openalex.org/A5018962276,https://openalex.org/S2485537415,2,0.9014,https://openalex.org/W3001851322;https://openalex.org/W3097684051
https://openalex.org/A5049944728,https://openalex.org/S4210205812,2,0.7688,https://openalex.org/W4287832069;https://openalex.org/W4399175493
https://openalex.org/A5027755029,https://openalex.org/S137468011,5,0.7503,https://openalex.org/W4402912289;https://openalex.org/W3094877024;https://openalex.org/W4402905409;https://openalex.org/W4402905535;https://openalex.org/W4402906001
https://openalex.org/A5021481941,https://openalex.org/S195231649,2,0.8442,https://openalex.org/W3000332477;https://openalex.org/W2923276336
https://openalex.org/A5002498453,https://openalex.org/S4210192031,3,0.6898,https://openalex.org/W3038593035;https://openalex.org/W4225758403;https://openalex.org/W2977605254
https://openalex.org/A5061054500,https://openalex.org/S196734849,2,0.8581,https://openalex.org/W4380354511;https://openalex.org/W4302292999
https://openalex.org/A5100450579,https://openalex.org/S2485537415,2,0.6935,https://openalex.org/W4405304096;https://openalex.org/W4405179481
https://openalex.org/A5020019416,https://openalex.org/S2485537415,2,0.7986,https://openalex.org/W2998805367;https://openalex.org/W3007760982
https://openalex.org/A5020019416,https://openalex.org/S195231649,2,0.894,https://openalex.org/W3157138286;https://openalex.org/W3196905380
https://openalex.org/A5029363494,https://openalex.org/S2485537415,2,0.7208,https://openalex.org/W4391164131;https://openalex.org/W3039112161
https://openalex.org/A5029363494,https://openalex.org/S202381698,3,0.7512,https://openalex.org/W3043660832;https://openalex.org/W3135158187;https://openalex.org/W4297258920
https://openalex.org/A5028979534,https://openalex.org/S4210205812,2,0.8721,https://openalex.org/W3185712843;https://openalex.org/W3185562385
https://openalex.org/A5038264046,https://openalex.org/S137468011,4,0.7721,https://openalex.org/W4311804137;https://openalex.org/W2973963571;https://openalex.org/W4311551646;https://openalex.org/W4402912314
https://openalex.org/A5089835863,https://openalex.org/S190629608,2,0.8266,https://openalex.org/W4403192414;https://openalex.org/W4403487144
https://openalex.org/A5021570361,https://openalex.org/S137468011,5,0.7318,https://openalex.org/W4311801543;https://openalex.org/W2570928523;https://openalex.org/W4362657806;https://openalex.org/W2974615002;https://openalex.org/W4402904605
https://openalex.org/A5089164018,https://openalex.org/S2485537415,2,0.6838,https://openalex.org/W4399767746;https://openalex.org/W4391807537
https://openalex.org/A5089164018,https://openalex.org/S4210192031,2,0.7022,https://openalex.org/W4400079250;https://openalex.org/W4391024707
https://openalex.org/A5030347098,https://openalex.org/S2485537415,3,0.653,https://openalex.org/W2911313630;https://openalex.org/W4391984631;https://openalex.org/W4391855541
https://openalex.org/A5101434405,https://openalex.org/S2485537415,2,0.5879,https://openalex.org/W2981851169;https://openalex.org/W3011504574
https://openalex.org/A5064347324,https://openalex.org/S2485537415,3,0.6178,https://openalex.org/W2998301895;https://openalex.org/W2782437235;https://openalex.org/W2962167362
https://openalex.org/A5038526411,https://openalex.org/S137468011,5,0.7755,https://openalex.org/W2973270235;https://openalex.org/W4245071968;https://openalex.org/W3198903880;https://openalex.org/W2569975586;https://openalex.org/W4402904625
https://openalex.org/A5037097853,https://openalex.org/S4210205812,4,0.6214,https://openalex.org/W2906087024;https://openalex.org/W4388772869;https://openalex.org/W4308788559;https://openalex.org/W4392660864
https://openalex.org/A5100322712,https://openalex.org/S2485537415,2,0.7066,https://openalex.org/W4328007428;https://openalex.org/W2910600015
https://openalex.org/A5011435561,https://openalex.org/S2485537415,4,0.6706,https://openalex.org/W4402626791;https://openalex.org/W3037496935;https://openalex.org/W3028827502;https://openalex.org/W4394896986
https://openalex.org/A5086205276,https://openalex.org/S2485537415,2,0.9153,https://openalex.org/W4396680754;https://openalex.org/W4392796849
https://openalex.org/A5086205276,https://openalex.org/S2764955546,2,0.5759,https://openalex.org/W2790052700;https://openalex.org/W4384461115
https://openalex.org/A5002757668,https://openalex.org/S4210172076,2,0.841,https://openalex.org/W4311960212;https://openalex.org/W4402749956
https://openalex.org/A5000436758,https://openalex.org/S101949793,2,0.7602,https://openalex.org/W3118374273;https://openalex.org/W4205590035
https://openalex.org/A5050900731,https://openalex.org/S4210205812,4,0.6419,https://openalex.org/W4281645443;https://openalex.org/W4226268529;https://openalex.org/W4281929445;https://openalex.org/W3204973948
https://openalex.org/A5048787386,https://openalex.org/S101949793,2,0.7861,https://openalex.org/W2932099065;https://openalex.org/W3012651208
https://openalex.org/A5048787386,https://openalex.org/S43295729,2,0.7322,https://openalex.org/W3212690841;https://openalex.org/W4200230955
https://openalex.org/A5016877422,https://openalex.org/S139930977,2,0.7264,https://openalex.org/W4211252815;https://openalex.org/W3127903075
https://openalex.org/A5016877422,https://openalex.org/S2729999759,3,0.715,https://openalex.org/W4226066980;https://openalex.org/W4383220086;https://openalex.org/W4389777786
https://openalex.org/A5043265354,https://openalex.org/S196734849,2,0.9057,https://openalex.org/W4396592628;https://openalex.org/W4283395262
https://openalex.org/A5043265354,https://openalex.org/S4210192031,3,0.8688,https://openalex.org/W4390960149;https://openalex.org/W4392240430;https://openalex.org/W4311111480
https://openalex.org/A5067249512,https://openalex.org/S2485537415,3,0.6279,https://openalex.org/W4366503836;https://openalex.org/W2965496000;https://openalex.org/W4290716752
https://openalex.org/A5067249512,https://openalex.org/S101949793,2,0.7637,https://openalex.org/W2971169380;https://openalex.org/W2943587817
https://openalex.org/A5040601882,https://openalex.org/S4210216316,4,0.7476,https://openalex.org/W4291238827;https://openalex.org/W2489148018;https://openalex.org/W4293256859;https://openalex.org/W4388667358
https://openalex.org/A5009820747,https://openalex.org/S4210205812,4,0.7711,https://openalex.org/W3034936015;https://openalex.org/W3028447773;https://openalex.org/W3136906447;https://openalex.org/W3083339279
https://openalex.org/A5031834098,https://openalex.org/S997959834,4,0.7691,https://openalex.org/W3013783389;https://openalex.org/W2943015871;https://openalex.org/W1602827451;https://openalex.org/W3006752102
https://openalex.org/A5019552678,https://openalex.org/S2729999759,4,0.8076,https://openalex.org/W2912924812;https://openalex.org/W3045462440;https://openalex.org/W3085552234;https://openalex.org/W3128754101
https://openalex.org/A5062866950,https://openalex.org/S2485537415,4,0.7869,https://openalex.org/W3177655429;https://openalex.org/W4205129187;https://openalex.org/W3092431010;https://openalex.org/W3096764957
https://openalex.org/A5070429678,https://openalex.org/S2485537415,4,0.8604,https://openalex.org/W2924610876;https://openalex.org/W4386275771;https://openalex.org/W4205129187;https://openalex.org/W3131836387
https://openalex.org/A5052314657,https://openalex.org/S202381698,2,0.762,https://openalex.org/W2620760558;https://openalex.org/W2238296078
https://openalex.org/A5100672590,https://openalex.org/S2485537415,3,0.6396,https://openalex.org/W4285222672;https://openalex.org/W2906003738;https://openalex.org/W2959408896
https://openalex.org/A5042196931,https://openalex.org/S2485537415,2,0.8696,https://openalex.org/W4385288643;https://openalex.org/W4386275771
https://openalex.org/A5046006076,https://openalex.org/S155526855,2,0.7851,https://openalex.org/W2915977242;https://openalex.org/W2180877453
https://openalex.org/A5046006076,https://openalex.org/S2729999759,2,0.7252,https://openalex.org/W2888296173;https://openalex.org/W4390075086
https://openalex.org/A5073641543,https://openalex.org/S52395412,3,0.7552,https://openalex.org/W3108030349;https://openalex.org/W3014589900;https://openalex.org/W2955219525
https://openalex.org/A5100409530,https://openalex.org/S2485537415,4,0.7207,https://openalex.org/W2884851420;https://openalex.org/W3002142755;https://openalex.org/W2791319131;https://openalex.org/W3038641858
https://openalex.org/A5103149594,https://openalex.org/S4210205812,2,0.7966,https://openalex.org/W4296466899;https://openalex.org/W4403301615
https://openalex.org/A5103149594,https://openalex.org/S2485537415,2,0.838,https://openalex.org/W3002142755;https://openalex.org/W2791319131
https://openalex.org/A5075830877,https://openalex.org/S101949793,2,0.5992,https://openalex.org/W4295087958;https://openalex.org/W3151676082
https://openalex.org/A5083411784,https://openalex.org/S202381698,2,0.6761,https://openalex.org/W2784010253;https://openalex.org/W2907954597
https://openalex.org/A5103215657,https://openalex.org/S2485537415,3,0.7428,https://openalex.org/W2909082165;https://openalex.org/W3097756421;https://openalex.org/W3046082810
https://openalex.org/A5109565051,https://openalex.org/S2729999759,2,0.9022,https://openalex.org/W4403296360;https://openalex.org/W4391494845
https://openalex.org/A5058186043,https://openalex.org/S4210205812,2,0.7271,https://openalex.org/W4293527323;https://openalex.org/W4297347660
https://openalex.org/A5078909305,https://openalex.org/S190680769,2,0.6996,https://openalex.org/W2764270061;https://openalex.org/W2296595605
https://openalex.org/A5009212787,https://openalex.org/S17147534,2,0.8326,https://openalex.org/W2786814109;https://openalex.org/W1930201302
https://openalex.org/A5009212787,https://openalex.org/S2764650051,2,0.7718,https://openalex.org/W2555887493;https://openalex.org/W3120954751
https://openalex.org/A5043999174,https://openalex.org/S2485537415,2,0.5936,https://openalex.org/W3110077713;https://openalex.org/W2967729586
https://openalex.org/A5061050264,https://openalex.org/S178776955,3,0.8004,https://openalex.org/W4210699640;https://openalex.org/W4379086687;https://openalex.org/W2923894441
https://openalex.org/A5041054091,https://openalex.org/S178776955,3,0.8004,https://openalex.org/W4210699640;https://openalex.org/W4379086687;https://openalex.org/W2923894441
https://openalex.org/A5101686448,https://openalex.org/S3569471,2,0.8052,https://openalex.org/W4385455659;https://openalex.org/W3157853314
https://openalex.org/A5034476404,https://openalex.org/S2729999759,4,0.7249,https://openalex.org/W2995238850;https://openalex.org/W2912904516;https://openalex.org/W4383220086;https://openalex.org/W4389777786
https://openalex.org/A5084720361,https://openalex.org/S2485537415,4,0.61,https://openalex.org/W4391428196;https://openalex.org/W4382468081;https://openalex.org/W3208020934;https://openalex.org/W4377224392
https://openalex.org/A5065717258,https://openalex.org/S2729999759,4,0.816,https://openalex.org/W3159959439;https://openalex.org/W3016828850;https://openalex.org/W4394743141;https://openalex.org/W3186289945
https://openalex.org/A5036965203,https://openalex.org/S2485537415,3,0.729,https://openalex.org/W2998135150;https://openalex.org/W3003580126;https://openalex.org/W2991113277
https://openalex.org/A5038354395,https://openalex.org/S4210192031,2,0.6606,https://openalex.org/W4322628880;https://openalex.org/W4385948419
https://openalex.org/A5076657750,https://openalex.org/S2485537415,3,0.6291,https://openalex.org/W3176795340;https://openalex.org/W3019327776;https://openalex.org/W3043445890
https://openalex.org/A5035499884,https://openalex.org/S2485537415,3,0.6904,https://openalex.org/W3135582920;https://openalex.org/W3120554003;https://openalex.org/W3158097960
https://openalex.org/A5018458084,https://openalex.org/S2485537415,2,0.6369,https://openalex.org/W4392902599;https://openalex.org/W4383751019
https://openalex.org/A5018458084,https://openalex.org/S2737955091,2,0.7089,https://openalex.org/W1623534659;https://openalex.org/W2825938391
https://openalex.org/A5057120104,https://openalex.org/S4210205812,4,0.7595,https://openalex.org/W3212905267;https://openalex.org/W3083389769;https://openalex.org/W3127404465;https://openalex.org/W3134398094
https://openalex.org/A5100452550,https://openalex.org/S107516304,3,0.8319,https://openalex.org/W2902516827;https://openalex.org/W3115897805;https://openalex.org/W2883657435
https://openalex.org/A5086000078,https://openalex.org/S2729999759,3,0.7549,https://openalex.org/W2963842551;https://openalex.org/W2963899396;https://openalex.org/W2964298349
https://openalex.org/A5038236474,https://openalex.org/S101949793,2,0.7839,https://openalex.org/W4214930549;https://openalex.org/W3216833217
https://openalex.org/A5007909581,https://openalex.org/S2485537415,2,0.5813,https://openalex.org/W4392567324;https://openalex.org/W4390905307
https://openalex.org/A5089641116,https://openalex.org/S2485537415,2,0.5838,https://openalex.org/W4394730918;https://openalex.org/W4390905307
https://openalex.org/A5076787107,https://openalex.org/S4210205812,2,0.8172,https://openalex.org/W3199816041;https://openalex.org/W2993162563
https://openalex.org/A5108121027,https://openalex.org/S2485537415,4,0.6895,https://openalex.org/W4226084339;https://openalex.org/W3013276295;https://openalex.org/W4392543668;https://openalex.org/W4205924007
https://openalex.org/A5024458365,https://openalex.org/S4210213891,3,0.7651,https://openalex.org/W4387450715;https://openalex.org/W3187293469;https://openalex.org/W4402481124
https://openalex.org/A5007794565,https://openalex.org/S2729999759,3,0.8027,https://openalex.org/W2972447203;https://openalex.org/W2952744660;https://openalex.org/W3155766495
https://openalex.org/A5052346902,https://openalex.org/S2729999759,4,0.7237,https://openalex.org/W1539746312;https://openalex.org/W2745986546;https://openalex.org/W3178064270;https://openalex.org/W3041559793
https://openalex.org/A5079873660,https://openalex.org/S2737955091,3,0.9193,https://openalex.org/W2964551072;https://openalex.org/W2990580840;https://openalex.org/W3013997935
https://openalex.org/A5084198564,https://openalex.org/S2485537415,2,0.8463,https://openalex.org/W3187056701;https://openalex.org/W3015280435
https://openalex.org/A5022619382,https://openalex.org/S2485537415,4,0.7368,https://openalex.org/W2991170427;https://openalex.org/W3028754898;https://openalex.org/W2968853227;https://openalex.org/W2953687571
https://openalex.org/A5047996469,https://openalex.org/S4210205812,2,0.735,https://openalex.org/W3039724609;https://openalex.org/W3083526914
https://openalex.org/A5036926068,https://openalex.org/S3569471,2,0.7264,https://openalex.org/W4200350610;https://openalex.org/W4388990971
https://openalex.org/A5088355968,https://openalex.org/S2485537415,2,0.8321,https://openalex.org/W3177655429;https://openalex.org/W3039665270
https://openalex.org/A5087636608,https://openalex.org/S2729999759,3,0.75,https://openalex.org/W3045462440;https://openalex.org/W4383212185;https://openalex.org/W3135427360
https://openalex.org/A5000683189,https://openalex.org/S4210205812,4,0.6622,https://openalex.org/W4223890113;https://openalex.org/W4296101946;https://openalex.org/W4323848631;https://openalex.org/W4220924176
https://openalex.org/A5022167669,https://openalex.org/S2485537415,2,0.7276,https://openalex.org/W3013595070;https://openalex.org/W2916179546
https://openalex.org/A5002141677,https://openalex.org/S4210177785,3,0.836,https://openalex.org/W4206999655;https://openalex.org/W4313547826;https://openalex.org/W4283709215
https://openalex.org/A5087846152,https://openalex.org/S4210192031,4,0.836,https://openalex.org/W4303856673;https://openalex.org/W4323312983;https://openalex.org/W4309786545;https://openalex.org/W4304806451
https://openalex.org/A5089994425,https://openalex.org/S4210192031,4,0.836,https://openalex.org/W4303856673;https://openalex.org/W4323312983;https://openalex.org/W4309786545;https://openalex.org/W4304806451
https://openalex.org/A5050567281,https://openalex.org/S2485537415,2,0.8406,https://openalex.org/W3044427673;https://openalex.org/W4386472968
https://openalex.org/A5043459521,https://openalex.org/S52395412,3,0.7947,https://openalex.org/W3088646411;https://openalex.org/W2951364005;https://openalex.org/W3163233738
https://openalex.org/A5046313742,https://openalex.org/S4210206423,2,0.9068,https://openalex.org/W4387265244;https://openalex.org/W4387873795
https://openalex.org/A5071367253,https://openalex.org/S2595095599,2,0.7673,https://openalex.org/W3212380917;https://openalex.org/W4233216703
https://openalex.org/A5065368839,https://openalex.org/S202381698,2,0.7339,https://openalex.org/W4396611057;https://openalex.org/W3196927838
https://openalex.org/A5065368839,https://openalex.org/S155526855,2,0.8501,https://openalex.org/W2997833324;https://openalex.org/W3194727116
https://openalex.org/A5015250468,https://openalex.org/S2485537415,4,0.8288,https://openalex.org/W2995164854;https://openalex.org/W3159734327;https://openalex.org/W4396886488;https://openalex.org/W2995873665
https://openalex.org/A5049008935,https://openalex.org/S4210177785,4,0.8829,https://openalex.org/W3014754116;https://openalex.org/W2793314278;https://openalex.org/W3118232860;https://openalex.org/W3172375847
https://openalex.org/A5086551021,https://openalex.org/S4210205812,2,0.8863,https://openalex.org/W4323047476;https://openalex.org/W4313889431
https://openalex.org/A5067940140,https://openalex.org/S4210172076,2,0.9178,https://openalex.org/W4361006741;https://openalex.org/W4368367207
https://openalex.org/A5067299655,https://openalex.org/S2485537415,4,0.6936,https://openalex.org/W4225744797;https://openalex.org/W2992482380;https://openalex.org/W3119627319;https://openalex.org/W3186956668
https://openalex.org/A5026965117,https://openalex.org/S196734849,2,0.8546,https://openalex.org/W4323359744;https://openalex.org/W4221077687
https://openalex.org/A5024851595,https://openalex.org/S2485537415,3,0.6731,https://openalex.org/W4392567235;https://openalex.org/W4328031341;https://openalex.org/W3206033013
https://openalex.org/A5028787159,https://openalex.org/S2485537415,3,0.62,https://openalex.org/W4328031341;https://openalex.org/W2874411262;https://openalex.org/W4312370735
https://openalex.org/A5015854284,https://openalex.org/S4210172076,2,0.8305,https://openalex.org/W3110148606;https://openalex.org/W4224318308
https://openalex.org/A5004665770,https://openalex.org/S4210172076,2,0.8305,https://openalex.org/W3110148606;https://openalex.org/W4224318308
https://openalex.org/A5101707147,https://openalex.org/S4210205812,2,0.8127,https://openalex.org/W2999969016;https://openalex.org/W4297988740
https://openalex.org/A5101707147,https://openalex.org/S101949793,2,0.8246,https://openalex.org/W4297225315;https://openalex.org/W3093104061
https://openalex.org/A5034642477,https://openalex.org/S4210172076,4,0.8353,https://openalex.org/W2988325738;https://openalex.org/W3039652078;https://openalex.org/W3110722024;https://openalex.org/W4312126576
https://openalex.org/A5060791953,https://openalex.org/S2485537415,3,0.6137,https://openalex.org/W4312532246;https://openalex.org/W3161857679;https://openalex.org/W4400111494
https://openalex.org/A5000245959,https://openalex.org/S196734849,2,0.8546,https://openalex.org/W4323359744;https://openalex.org/W4221077687
https://openalex.org/A5031223376,https://openalex.org/S2485537415,2,0.7791,https://openalex.org/W2947318733;https://openalex.org/W2921612866
https://openalex.org/A5031223376,https://openalex.org/S43295729,2,0.8752,https://openalex.org/W2945641879;https://openalex.org/W2950731991
https://openalex.org/A5101516565,https://openalex.org/S2485537415,2,0.9451,https://openalex.org/W3023922173;https://openalex.org/W3037205033
https://openalex.org/A5101516565,https://openalex.org/S43295729,2,0.8784,https://openalex.org/W3184071296;https://openalex.org/W4388017960
https://openalex.org/A5078863502,https://openalex.org/S2485537415,3,0.691,https://openalex.org/W3082944873;https://openalex.org/W3049405423;https://openalex.org/W4383751644
https://openalex.org/A5062907646,https://openalex.org/S2485537415,2,0.9266,https://openalex.org/W4388854585;https://openalex.org/W4386432097
https://openalex.org/A5015323440,https://openalex.org/S2485537415,3,0.6717,https://openalex.org/W4386275771;https://openalex.org/W4389633789;https://openalex.org/W4397026385
https://openalex.org/A5035884247,https://openalex.org/S2485537415,3,0.6242,https://openalex.org/W4383172105;https://openalex.org/W4403446022;https://openalex.org/W4401114032
https://openalex.org/A5100396872,https://openalex.org/S2485537415,2,0.6199,https://openalex.org/W3138405307;https://openalex.org/W3194137065
https://openalex.org/A5002609594,https://openalex.org/S101949793,3,0.6979,https://openalex.org/W3113132366;https://openalex.org/W3000452360;https://openalex.org/W4285596537
https://openalex.org/A5032408801,https://openalex.org/S4210205812,3,0.6597,https://openalex.org/W4313247468;https://openalex.org/W3194642784;https://openalex.org/W4225158825
https://openalex.org/A5061777284,https://openalex.org/S4210205812,4,0.7195,https://openalex.org/W3197662463;https://openalex.org/W4313247468;https://openalex.org/W3194642784;https://openalex.org/W4225158825
https://openalex.org/A5076776322,https://openalex.org/S4210205812,2,0.9667,https://openalex.org/W3197662463;https://openalex.org/W3194642784
https://openalex.org/A5101605222,https://openalex.org/S2485537415,3,0.7789,https://openalex.org/W2992616003;https://openalex.org/W2803781749;https://openalex.org/W4313158095
https://openalex.org/A5101687671,https://openalex.org/S202381698,2,0.7361,https://openalex.org/W3144386263;https://openalex.org/W3118404085
https://openalex.org/A5100701572,https://openalex.org/S155526855,3,0.6803,https://openalex.org/W2962838727;https://openalex.org/W2145809663;https://openalex.org/W2119408773
https://openalex.org/A5069118378,https://openalex.org/S178776955,3,0.845,https://openalex.org/W4224212763;https://openalex.org/W3197107517;https://openalex.org/W4386833486
https://openalex.org/A5100371517,https://openalex.org/S2485537415,2,0.6305,https://openalex.org/W2998301895;https://openalex.org/W2962167362
https://openalex.org/A5052630971,https://openalex.org/S4210192031,3,0.7111,https://openalex.org/W2994977269;https://openalex.org/W3092063291;https://openalex.org/W2997917529
https://openalex.org/A5041429327,https://openalex.org/S2485537415,3,0.6034,https://openalex.org/W4382311624;https://openalex.org/W4401536980;https://openalex.org/W3170302026
https://openalex.org/A5039812471,https://openalex.org/S2485537415,3,0.6621,https://openalex.org/W3104507548;https://openalex.org/W2587891104;https://openalex.org/W2563367938
https://openalex.org/A5100445470,https://openalex.org/S2485537415,3,0.6002,https://openalex.org/W2969077034;https://openalex.org/W2587891104;https://openalex.org/W2972417230
https://openalex.org/A5015094039,https://openalex.org/S149016011,2,0.624,https://openalex.org/W3005135893;https://openalex.org/W3008319333
https://openalex.org/A5026015539,https://openalex.org/S4210192031,2,0.7062,https://openalex.org/W4213370678;https://openalex.org/W3211064917
https://openalex.org/A5018844842,https://openalex.org/S2485537415,2,0.6826,https://openalex.org/W4385976039;https://openalex.org/W2999613663
https://openalex.org/A5008160637,https://openalex.org/S2485537415,4,0.6921,https://openalex.org/W4390187248;https://openalex.org/W4387385665;https://openalex.org/W4377966862;https://openalex.org/W4381327695
https://openalex.org/A5040007583,https://openalex.org/S2485537415,2,0.591,https://openalex.org/W3049405423;https://openalex.org/W2894849172
https://openalex.org/A5064467549,https://openalex.org/S2485537415,3,0.8129,https://openalex.org/W3162154139;https://openalex.org/W3177327711;https://openalex.org/W3179344078
https://openalex.org/A5061319150,https://openalex.org/S178776955,2,0.9029,https://openalex.org/W4225372421;https://openalex.org/W3128704403
https://openalex.org/A5061319150,https://openalex.org/S43295729,2,0.7015,https://openalex.org/W4387971930;https://openalex.org/W4389546929
https://openalex.org/A5072994282,https://openalex.org/S2485537415,3,0.841,https://openalex.org/W4292387297;https://openalex.org/W3155222352;https://openalex.org/W3121224937
https://openalex.org/A5108059718,https://openalex.org/S2485537415,2,0.7001,https://openalex.org/W4205395483;https://openalex.org/W3173355548
https://openalex.org/A5004922965,https://openalex.org/S2485537415,2,0.7001,https://openalex.org/W4205395483;https://openalex.org/W3173355548
https://openalex.org/A5045655777,https://openalex.org/S4210206423,3,0.8595,https://openalex.org/W4392125619;https://openalex.org/W4390236313;https://openalex.org/W4387880690
https://openalex.org/A5108016584,https://openalex.org/S207319443,2,0.8126,https://openalex.org/W3123526537;https://openalex.org/W3115248358
https://openalex.org/A5009916794,https://openalex.org/S4210172076,3,0.7172,https://openalex.org/W3205636410;https://openalex.org/W4306743888;https://openalex.org/W3194691339
https://openalex.org/A5102833310,https://openalex.org/S2485537415,4,0.845,https://openalex.org/W2794841009;https://openalex.org/W2902191103;https://openalex.org/W2917365454;https://openalex.org/W2903059019
https://openalex.org/A5047541986,https://openalex.org/S2485537415,4,0.7408,https://openalex.org/W3126373676;https://openalex.org/W3195566117;https://openalex.org/W3020297671;https://openalex.org/W3161779450
https://openalex.org/A5007620149,https://openalex.org/S2729999759,4,0.7454,https://openalex.org/W2549835527;https://openalex.org/W3129009457;https://openalex.org/W4307680525;https://openalex.org/W4296710617
https://openalex.org/A5100340627,https://openalex.org/S2485537415,2,0.7444,https://openalex.org/W3208085809;https://openalex.org/W2808027476
https://openalex.org/A5024437840,https://openalex.org/S2729999759,2,0.7229,https://openalex.org/W2175392422;https://openalex.org/W1940741243
https://openalex.org/A5075191048,https://openalex.org/S107516304,2,0.7923,https://openalex.org/W4294763143;https://openalex.org/W2993436875
https://openalex.org/A5030752272,https://openalex.org/S4210206423,2,0.8092,https://openalex.org/W4387763987;https://openalex.org/W4384108464
https://openalex.org/A5103140610,https://openalex.org/S2729999759,4,0.7124,https://openalex.org/W4380995299;https://openalex.org/W3137010024;https://openalex.org/W4394871583;https://openalex.org/W4403051469
https://openalex.org/A5100693811,https://openalex.org/S195231649,2,0.7837,https://openalex.org/W4220889482;https://openalex.org/W4281661226
https://openalex.org/A5027802880,https://openalex.org/S107516304,2,0.8041,https://openalex.org/W2939631812;https://openalex.org/W3110815301
https://openalex.org/A5036160994,https://openalex.org/S107516304,2,0.8413,https://openalex.org/W3095791468;https://openalex.org/W3118197078
https://openalex.org/A5074395069,https://openalex.org/S2485537415,3,0.7423,https://openalex.org/W4323345796;https://openalex.org/W3194963579;https://openalex.org/W4383113550
https://openalex.org/A5018181792,https://openalex.org/S32837994,2,0.7245,https://openalex.org/W2620867888;https://openalex.org/W2786814511
https://openalex.org/A5101659303,https://openalex.org/S2764413287,2,0.8484,https://openalex.org/W4390122313;https://openalex.org/W4403180927
https://openalex.org/A5043972731,https://openalex.org/S190680769,2,0.8333,https://openalex.org/W4391445495;https://openalex.org/W4400886146
https://openalex.org/A5057893924,https://openalex.org/S2485537415,3,0.6788,https://openalex.org/W4387092456;https://openalex.org/W3198065645;https://openalex.org/W3046174388
https://openalex.org/A5085556432,https://openalex.org/S107516304,2,0.6936,https://openalex.org/W4362665241;https://openalex.org/W4291201944
https://openalex.org/A5043360663,https://openalex.org/S4210177785,4,0.8243,https://openalex.org/W4376875647;https://openalex.org/W4362511463;https://openalex.org/W2753022982;https://openalex.org/W2750684970
https://openalex.org/A5032257745,https://openalex.org/S2485537415,4,0.8809,https://openalex.org/W4382201918;https://openalex.org/W4300553212;https://openalex.org/W4392908601;https://openalex.org/W4386883109
https://openalex.org/A5018214137,https://openalex.org/S101949793,2,0.8735,https://openalex.org/W4389306537;https://openalex.org/W4390613385
https://openalex.org/A5087374847,https://openalex.org/S2485537415,2,0.7701,https://openalex.org/W4403826725;https://openalex.org/W4387546302
https://openalex.org/A5087374847,https://openalex.org/S4210205812,2,0.8816,https://openalex.org/W3105293490;https://openalex.org/W4282828036
https://openalex.org/A5063900529,https://openalex.org/S4210205812,2,0.8816,https://openalex.org/W3105293490;https://openalex.org/W4282828036
https://openalex.org/A5063900529,https://openalex.org/S2485537415,2,0.7701,https://openalex.org/W4387546302;https://openalex.org/W4403826725
https://openalex.org/A5081525024,https://openalex.org/S2729999759,4,0.6955,https://openalex.org/W4381569546;https://openalex.org/W4287120901;https://openalex.org/W4386902339;https://openalex.org/W2511632062
https://openalex.org/A5102802605,https://openalex.org/S2485537415,4,0.6646,https://openalex.org/W4312854033;https://openalex.org/W2988259599;https://openalex.org/W2895831816;https://openalex.org/W3041096702
https://openalex.org/A5010583900,https://openalex.org/S2485537415,2,0.8153,https://openalex.org/W4377009415;https://openalex.org/W3175896293
https://openalex.org/A5010583900,https://openalex.org/S4210205812,2,0.7121,https://openalex.org/W3129763081;https://openalex.org/W4402900998
https://openalex.org/A5070375172,https://openalex.org/S2485537415,2,0.7077,https://openalex.org/W4386322023;https://openalex.org/W4386736893
https://openalex.org/A5013384377,https://openalex.org/S4210205812,2,0.7262,https://openalex.org/W3209875211;https://openalex.org/W4321242712
https://openalex.org/A5013384377,https://openalex.org/S4210238752,2,0.73,https://openalex.org/W4403734512;https://openalex.org/W4403389774
https://openalex.org/A5027509451,https://openalex.org/S195231649,2,0.6611,https://openalex.org/W3045117717;https://openalex.org/W4311040747
https://openalex.org/A5027509451,https://openalex.org/S2485537415,2,0.9157,https://openalex.org/W3048957734;https://openalex.org/W4312765511
https://openalex.org/A5080385405,https://openalex.org/S2485537415,4,0.8601,https://openalex.org/W4389076605;https://openalex.org/W3198665149;https://openalex.org/W4206413566;https://openalex.org/W4293370550
https://openalex.org/A5100751311,https://openalex.org/S2485537415,2,0.6342,https://openalex.org/W2397681440;https://openalex.org/W2400441649
https://openalex.org/A5011080351,https://openalex.org/S2485537415,3,0.6727,https://openalex.org/W3196959425;https://openalex.org/W4404238271;https://openalex.org/W4399449473
https://openalex.org/A5051571958,https://openalex.org/S4210172076,2,0.8354,https://openalex.org/W4309173360;https://openalex.org/W4377104219
https://openalex.org/A5053781299,https://openalex.org/S4210219776,2,0.5851,https://openalex.org/W4381251876;https://openalex.org/W4310382865
https://openalex.org/A5053781299,https://openalex.org/S4210205812,2,0.5316,https://openalex.org/W4391959090;https://openalex.org/W4404066817
https://openalex.org/A5070531407,https://openalex.org/S2485537415,4,0.7087,https://openalex.org/W4386065314;https://openalex.org/W4396542442;https://openalex.org/W4405205181;https://openalex.org/W4382999399
https://openalex.org/A5024075091,https://openalex.org/S202381698,2,0.694,https://openalex.org/W4313249511;https://openalex.org/W3217621440
https://openalex.org/A5024075091,https://openalex.org/S2485537415,2,0.8582,https://openalex.org/W2900105190;https://openalex.org/W3045938310
https://openalex.org/A5003500465,https://openalex.org/S196734849,2,0.8797,https://openalex.org/W4403769595;https://openalex.org/W4399046414
https://openalex.org/A5086463273,https://openalex.org/S2485537415,4,0.7467,https://openalex.org/W4395056567;https://openalex.org/W4401069859;https://openalex.org/W4399601462;https://openalex.org/W4404469611
https://openalex.org/A5090673358,https://openalex.org/S2485537415,4,0.7467,https://openalex.org/W4395056567;https://openalex.org/W4401069859;https://openalex.org/W4399601462;https://openalex.org/W4404469611
https://openalex.org/A5024079346,https://openalex.org/S2485537415,4,0.6874,https://openalex.org/W4386736893;https://openalex.org/W4388505260;https://openalex.org/W4389665058;https://openalex.org/W4387831813
https://openalex.org/A5071495765,https://openalex.org/S4210205812,2,0.8289,https://openalex.org/W3104605662;https://openalex.org/W2964088022
https://openalex.org/A5016704080,https://openalex.org/S178776955,2,0.7144,https://openalex.org/W4387580655;https://openalex.org/W4392104205
https://openalex.org/A5100670242,https://openalex.org/S4210192031,2,0.6847,https://openalex.org/W4322743038;https://openalex.org/W4402371161
https://openalex.org/A5073826651,https://openalex.org/S2485537415,2,0.5971,https://openalex.org/W4226492624;https://openalex.org/W4379053041
https://openalex.org/A5063211322,https://openalex.org/S2485537415,2,0.8011,https://openalex.org/W4391305567;https://openalex.org/W4382766972
https://openalex.org/A5080489693,https://openalex.org/S2485537415,4,0.7216,https://openalex.org/W4401748074;https://openalex.org/W4405907076;https://openalex.org/W4405838422;https://openalex.org/W4400275747
https://openalex.org/A5039561400,https://openalex.org/S2485537415,3,0.6327,https://openalex.org/W4388642365;https://openalex.org/W4405709115;https://openalex.org/W4394897057
https://openalex.org/A5001584274,https://openalex.org/S2485537415,4,0.6758,https://openalex.org/W4404840408;https://openalex.org/W4388262306;https://openalex.org/W4402916471;https://openalex.org/W4312559184
https://openalex.org/A5032347395,https://openalex.org/S4210200687,2,0.7781,https://openalex.org/W4405954117;https://openalex.org/W4381996328
https://openalex.org/A5052246117,https://openalex.org/S4210205812,2,0.857,https://openalex.org/W3208863786;https://openalex.org/W4322629485
https://openalex.org/A5058768577,https://openalex.org/S2485537415,2,0.5128,https://openalex.org/W4313003963;https://openalex.org/W2797854610
https://openalex.org/A5026719663,https://openalex.org/S195231649,2,0.6969,https://openalex.org/W4229077765;https://openalex.org/W2126991420
https://openalex.org/A5101533266,https://openalex.org/S2485537415,2,0.7608,https://openalex.org/W2988385652;https://openalex.org/W2972417230
https://openalex.org/A5063156730,https://openalex.org/S202381698,3,0.7868,https://openalex.org/W2259317772;https://openalex.org/W2742430148;https://openalex.org/W2895807593
https://openalex.org/A5082390177,https://openalex.org/S101949793,2,0.5705,https://openalex.org/W4281758115;https://openalex.org/W2905770299
https://openalex.org/A5082390177,https://openalex.org/S2485537415,2,0.7744,https://openalex.org/W2974511542;https://openalex.org/W2951156590
https://openalex.org/A5100732087,https://openalex.org/S2485537415,4,0.7729,https://openalex.org/W3000235499;https://openalex.org/W2961742849;https://openalex.org/W3170663096;https://openalex.org/W3045414636
https://openalex.org/A5002288369,https://openalex.org/S155526855,3,0.7946,https://openalex.org/W4403120224;https://openalex.org/W2429968894;https://openalex.org/W3141413083
https://openalex.org/A5045632024,https://openalex.org/S4210205812,2,0.7623,https://openalex.org/W2995567037;https://openalex.org/W4285803002
https://openalex.org/A5011059906,https://openalex.org/S2485537415,2,0.6164,https://openalex.org/W2945604238;https://openalex.org/W4388819892
https://openalex.org/A5106181602,https://openalex.org/S207319443,2,0.6289,https://openalex.org/W3136657289;https://openalex.org/W3141683523
https://openalex.org/A5028824188,https://openalex.org/S2485537415,2,0.8311,https://openalex.org/W2914373263;https://openalex.org/W3094581989
https://openalex.org/A5067192488,https://openalex.org/S202381698,3,0.8617,https://openalex.org/W4295908057;https://openalex.org/W4210642667;https://openalex.org/W4378195328
https://openalex.org/A5012454094,https://openalex.org/S196734849,2,0.7704,https://openalex.org/W2781527428;https://openalex.org/W4284887546
https://openalex.org/A5049307628,https://openalex.org/S4210219776,2,0.8167,https://openalex.org/W3210578828;https://openalex.org/W3159400182
https://openalex.org/A5082350603,https://openalex.org/S2485537415,4,0.7112,https://openalex.org/W2983826953;https://openalex.org/W3013898566;https://openalex.org/W2974125466;https://openalex.org/W4400228624
https://openalex.org/A5028809134,https://openalex.org/S2485537415,3,0.765,https://openalex.org/W2918288435;https://openalex.org/W2904882903;https://openalex.org/W2941723961
https://openalex.org/A5101613727,https://openalex.org/S107516304,3,0.8319,https://openalex.org/W2902516827;https://openalex.org/W3115897805;https://openalex.org/W2883657435
https://openalex.org/A5010686488,https://openalex.org/S2485537415,2,0.606,https://openalex.org/W4205858138;https://openalex.org/W2969261967
https://openalex.org/A5005393869,https://openalex.org/S2485537415,2,0.8697,https://openalex.org/W2969428710;https://openalex.org/W3046082509
https://openalex.org/A5005393869,https://openalex.org/S4210178049,2,0.7898,https://openalex.org/W3200132285;https://openalex.org/W4405335163
https://openalex.org/A5060650201,https://openalex.org/S52395412,2,0.7074,https://openalex.org/W4388845104;https://openalex.org/W2902872384
https://openalex.org/A5077687293,https://openalex.org/S4210172076,4,0.8353,https://openalex.org/W2988325738;https://openalex.org/W3039652078;https://openalex.org/W3110722024;https://openalex.org/W4312126576
https://openalex.org/A5100419834,https://openalex.org/S2485537415,2,0.6185,https://openalex.org/W2887178861;https://openalex.org/W3003278679
https://openalex.org/A5050097186,https://openalex.org/S2485537415,4,0.752,https://openalex.org/W2946361138;https://openalex.org/W2898240053;https://openalex.org/W3005880646;https://openalex.org/W3013595070
https://openalex.org/A5114767858,https://openalex.org/S4210205812,2,0.5536,https://openalex.org/W2920813268;https://openalex.org/W2802487975
https://openalex.org/A5025023245,https://openalex.org/S2485537415,2,0.9233,https://openalex.org/W3171302872;https://openalex.org/W3173355548
https://openalex.org/A5084641325,https://openalex.org/S2485537415,2,0.6805,https://openalex.org/W4312313119;https://openalex.org/W4402435408
https://openalex.org/A5073865523,https://openalex.org/S101949793,2,0.829,https://openalex.org/W2971704219;https://openalex.org/W2803565927
https://openalex.org/A5013841570,https://openalex.org/S2737955091,2,0.8468,https://openalex.org/W4225315012;https://openalex.org/W4387407477
https://openalex.org/A5011132245,https://openalex.org/S2485537415,2,0.6291,https://openalex.org/W3037100389;https://openalex.org/W3198471657
https://openalex.org/A5046448314,https://openalex.org/S2729999759,2,0.6966,https://openalex.org/W4377116057;https://openalex.org/W4390074240
https://openalex.org/A5085735775,https://openalex.org/S101949793,2,0.829,https://openalex.org/W2971704219;https://openalex.org/W2803565927
https://openalex.org/A5046223852,https://openalex.org/S101949793,2,0.8374,https://openalex.org/W3111055412;https://openalex.org/W3093351461
https://openalex.org/A5034990687,https://openalex.org/S2485537415,2,0.797,https://openalex.org/W2929370848;https://openalex.org/W2899764641
https://openalex.org/A5037869341,https://openalex.org/S2485537415,3,0.8273,https://openalex.org/W3057364895;https://openalex.org/W2970087902;https://openalex.org/W4401691946
https://openalex.org/A5065219991,https://openalex.org/S2485537415,4,0.7555,https://openalex.org/W3134954698;https://openalex.org/W2972256350;https://openalex.org/W3005448316;https://openalex.org/W3094373755
https://openalex.org/A5089151678,https://openalex.org/S125501549,2,0.6783,https://openalex.org/W4399811674;https://openalex.org/W4402527665
https://openalex.org/A5038112805,https://openalex.org/S178776955,3,0.8656,https://openalex.org/W4382296039;https://openalex.org/W3179731822;https://openalex.org/W4391954318
https://openalex.org/A5024937008,https://openalex.org/S4210197006,2,0.803,https://openalex.org/W4296672794;https://openalex.org/W4389200860
https://openalex.org/A5037897289,https://openalex.org/S2485537415,2,0.6668,https://openalex.org/W4312402523;https://openalex.org/W4312699777
https://openalex.org/A5037897289,https://openalex.org/S4210205812,2,0.7209,https://openalex.org/W4404793421;https://openalex.org/W4283725441
https://openalex.org/A5019735827,https://openalex.org/S101949793,3,0.82,https://openalex.org/W2790553631;https://openalex.org/W2973092972;https://openalex.org/W2912688896
https://openalex.org/A5100784138,https://openalex.org/S2485537415,2,0.7322,https://openalex.org/W2906427915;https://openalex.org/W3005101950
https://openalex.org/A5113650311,https://openalex.org/S178776955,4,0.8203,https://openalex.org/W2966821175;https://openalex.org/W4289934167;https://openalex.org/W2997799117;https://openalex.org/W4282833547
https://openalex.org/A5016408387,https://openalex.org/S2485537415,3,0.6029,https://openalex.org/W4366201389;https://openalex.org/W2998745260;https://openalex.org/W4388819892
https://openalex.org/A5042429780,https://openalex.org/S32837994,3,0.656,https://openalex.org/W4313208368;https://openalex.org/W2930936628;https://openalex.org/W4293147592
https://openalex.org/A5012622155,https://openalex.org/S2485537415,2,0.6957,https://openalex.org/W3175257329;https://openalex.org/W2998429090
https://openalex.org/A5076418173,https://openalex.org/S2485537415,3,0.6972,https://openalex.org/W2921575332;https://openalex.org/W3005999566;https://openalex.org/W3129123111
https://openalex.org/A5057235649,https://openalex.org/S139930977,4,0.8041,https://openalex.org/W2972757548;https://openalex.org/W2979901546;https://openalex.org/W4224923707;https://openalex.org/W3142459457
https://openalex.org/A5066330260,https://openalex.org/S4210177785,2,0.8878,https://openalex.org/W2595564133;https://openalex.org/W2932409702
https://openalex.org/A5044349276,https://openalex.org/S2729999759,4,0.7125,https://openalex.org/W2994806031;https://openalex.org/W3163108010;https://openalex.org/W4312605747;https://openalex.org/W3125249653
https://openalex.org/A5100441933,https://openalex.org/S2485537415,2,0.8293,https://openalex.org/W3011517489;https://openalex.org/W2956751376
https://openalex.org/A5031693554,https://openalex.org/S4210192031,2,0.6406,https://openalex.org/W3142351387;https://openalex.org/W4386911245
https://openalex.org/A5054416654,https://openalex.org/S2485537415,3,0.6183,https://openalex.org/W2950023552;https://openalex.org/W4400072132;https://openalex.org/W4285248836
https://openalex.org/A5031742177,https://openalex.org/S107516304,2,0.7536,https://openalex.org/W4200491506;https://openalex.org/W3023154087
https://openalex.org/A5031742177,https://openalex.org/S2764650051,2,0.7424,https://openalex.org/W3126209695;https://openalex.org/W3103720397
https://openalex.org/A5044414661,https://openalex.org/S2485537415,2,0.6245,https://openalex.org/W3166931362;https://openalex.org/W4210843599
https://openalex.org/A5044414661,https://openalex.org/S4210205812,2,0.7708,https://openalex.org/W3203713416;https://openalex.org/W4399736436
https://openalex.org/A5101710164,https://openalex.org/S4210205812,4,0.7912,https://openalex.org/W3203147359;https://openalex.org/W4400975772;https://openalex.org/W4206712611;https://openalex.org/W4213076711
https://openalex.org/A5036110536,https://openalex.org/S107516304,2,0.7146,https://openalex.org/W4283765020;https://openalex.org/W2995684765
https://openalex.org/A5036110536,https://openalex.org/S17147534,2,0.6883,https://openalex.org/W2898543175;https://openalex.org/W2891308229
https://openalex.org/A5101599446,https://openalex.org/S4210205812,3,0.6812,https://openalex.org/W2969186915;https://openalex.org/W3084162558;https://openalex.org/W2902441267
https://openalex.org/A5075606862,https://openalex.org/S4210205812,2,0.7555,https://openalex.org/W3033758662;https://openalex.org/W4306920672
https://openalex.org/A5075606862,https://openalex.org/S2485537415,2,0.8829,https://openalex.org/W2918555272;https://openalex.org/W2811254552
https://openalex.org/A5100621319,https://openalex.org/S2764955546,2,0.8023,https://openalex.org/W4322754751;https://openalex.org/W4362473706
https://openalex.org/A5051582957,https://openalex.org/S2485537415,2,0.8276,https://openalex.org/W4396853145;https://openalex.org/W4400410123
https://openalex.org/A5064307246,https://openalex.org/S2485537415,2,0.8276,https://openalex.org/W4396853145;https://openalex.org/W4400410123
https://openalex.org/A5042885967,https://openalex.org/S2485537415,3,0.7557,https://openalex.org/W3187459817;https://openalex.org/W4380881469;https://openalex.org/W4297094915
https://openalex.org/A5063393302,https://openalex.org/S2485537415,2,0.8422,https://openalex.org/W3036437494;https://openalex.org/W4366333668
https://openalex.org/A5009969418,https://openalex.org/S2485537415,2,0.7174,https://openalex.org/W3080321165;https://openalex.org/W3155365624
https://openalex.org/A5018231646,https://openalex.org/S4210205812,2,0.7737,https://openalex.org/W3093849792;https://openalex.org/W4381434659
https://openalex.org/A5018231646,https://openalex.org/S4210192031,2,0.6715,https://openalex.org/W2994977269;https://openalex.org/W2944201272
https://openalex.org/A5101828077,https://openalex.org/S4210219776,2,0.7666,https://openalex.org/W2055722508;https://openalex.org/W2161143548
https://openalex.org/A5064609702,https://openalex.org/S2485537415,2,0.8752,https://openalex.org/W2978115785;https://openalex.org/W3119817491
https://openalex.org/A5055585044,https://openalex.org/S4210192031,2,0.8778,https://openalex.org/W3202761266;https://openalex.org/W3215201071
https://openalex.org/A5083733054,https://openalex.org/S4210192031,3,0.7809,https://openalex.org/W4296241631;https://openalex.org/W3215201071;https://openalex.org/W3202761266
https://openalex.org/A5021981442,https://openalex.org/S195231649,4,0.7062,https://openalex.org/W3190680029;https://openalex.org/W2991529710;https://openalex.org/W4303699820;https://openalex.org/W3214216130
https://openalex.org/A5090169994,https://openalex.org/S202381698,2,0.7931,https://openalex.org/W4229062925;https://openalex.org/W4226265173
https://openalex.org/A5091750961,https://openalex.org/S2485537415,2,0.5762,https://openalex.org/W4285138359;https://openalex.org/W4205120146
https://openalex.org/A5010183094,https://openalex.org/S2485537415,2,0.7341,https://openalex.org/W4296473275;https://openalex.org/W4386524157
https://openalex.org/A5086604839,https://openalex.org/S195231649,2,0.8063,https://openalex.org/W3048073936;https://openalex.org/W2951073010
https://openalex.org/A5067851924,https://openalex.org/S2485537415,2,0.6908,https://openalex.org/W4225496162;https://openalex.org/W3111706064
https://openalex.org/A5077727968,https://openalex.org/S196734849,2,0.8205,https://openalex.org/W4365447539;https://openalex.org/W4309668563
https://openalex.org/A5056526024,https://openalex.org/S4210205812,3,0.8655,https://openalex.org/W3022203235;https://openalex.org/W2973765358;https://openalex.org/W4220883484
https://openalex.org/A5101971395,https://openalex.org/S4210205812,3,0.7564,https://openalex.org/W3128968443;https://openalex.org/W4220654517;https://openalex.org/W4220964874
https://openalex.org/A5030029772,https://openalex.org/S2485537415,3,0.7437,https://openalex.org/W4290717778;https://openalex.org/W4285818912;https://openalex.org/W4285124443
https://openalex.org/A5101618320,https://openalex.org/S2485537415,2,0.6838,https://openalex.org/W4399767746;https://openalex.org/W4391807537
https://openalex.org/A5027634067,https://openalex.org/S2485537415,2,0.6372,https://openalex.org/W3165469371;https://openalex.org/W3135692767
https://openalex.org/A5027634067,https://openalex.org/S101949793,2,0.7585,https://openalex.org/W3035259122;https://openalex.org/W3009175007
https://openalex.org/A5052717053,https://openalex.org/S4210178049,3,0.8401,https://openalex.org/W3095609162;https://openalex.org/W3163920200;https://openalex.org/W4205704613
https://openalex.org/A5101613484,https://openalex.org/S139930977,4,0.8131,https://openalex.org/W3111378514;https://openalex.org/W2884092934;https://openalex.org/W4376223516;https://openalex.org/W4399552717
https://openalex.org/A5039358911,https://openalex.org/S101949793,3,0.7802,https://openalex.org/W2588222224;https://openalex.org/W2944433629;https://openalex.org/W2610359437
https://openalex.org/A5045817487,https://openalex.org/S43295729,2,0.7842,https://openalex.org/W4283722877;https://openalex.org/W4288721502
https://openalex.org/A5102836037,https://openalex.org/S4210177785,4,0.8921,https://openalex.org/W3014754116;https://openalex.org/W3118232860;https://openalex.org/W3172375847;https://openalex.org/W2566450153
https://openalex.org/A5073592819,https://openalex.org/S101949793,2,0.7044,https://openalex.org/W4281934552;https://openalex.org/W3205414399
https://openalex.org/A5076465098,https://openalex.org/S52395412,3,0.8025,https://openalex.org/W4328049322;https://openalex.org/W3164925589;https://openalex.org/W4291250580
https://openalex.org/A5102825308,https://openalex.org/S2729999759,4,0.7109,https://openalex.org/W4317897818;https://openalex.org/W4389777845;https://openalex.org/W4385859687;https://openalex.org/W4382623032
https://openalex.org/A5060174190,https://openalex.org/S4210213891,2,0.7262,https://openalex.org/W2934840414;https://openalex.org/W4312116675
https://openalex.org/A5060174190,https://openalex.org/S2485537415,2,0.6939,https://openalex.org/W3084036021;https://openalex.org/W4207041344
https://openalex.org/A5085158698,https://openalex.org/S2485537415,3,0.7148,https://openalex.org/W3113817755;https://openalex.org/W4313065982;https://openalex.org/W3133540197
https://openalex.org/A5061599954,https://openalex.org/S4210177785,3,0.8852,https://openalex.org/W2954719570;https://openalex.org/W3208870581;https://openalex.org/W4285678711
https://openalex.org/A5086100690,https://openalex.org/S2485537415,4,0.7572,https://openalex.org/W3216440707;https://openalex.org/W3093580008;https://openalex.org/W4294811342;https://openalex.org/W4397026373
https://openalex.org/A5018070548,https://openalex.org/S2485537415,4,0.8809,https://openalex.org/W4382201918;https://openalex.org/W4300553212;https://openalex.org/W4392908601;https://openalex.org/W4386883109
https://openalex.org/A5037096829,https://openalex.org/S190629608,2,0.7239,https://openalex.org/W4313238134;https://openalex.org/W4309606685
https://openalex.org/A5059049462,https://openalex.org/S2764413287,2,0.8484,https://openalex.org/W4390122313;https://openalex.org/W4403180927
https://openalex.org/A5055565936,https://openalex.org/S2485537415,2,0.6456,https://openalex.org/W4386472968;https://openalex.org/W4382138536
https://openalex.org/A5026066711,https://openalex.org/S2738286576,3,0.8381,https://openalex.org/W2587322021;https://openalex.org/W2782256729;https://openalex.org/W2756108392
https://openalex.org/A5032227198,https://openalex.org/S2595095599,2,0.737,https://openalex.org/W2071810814;https://openalex.org/W3001500946
https://openalex.org/A5032227198,https://openalex.org/S4210214273,2,0.6809,https://openalex.org/W4403729413;https://openalex.org/W2810548302
https://openalex.org/A5100442123,https://openalex.org/S2485537415,2,0.6921,https://openalex.org/W2922442527;https://openalex.org/W2907213813
https://openalex.org/A5058492651,https://openalex.org/S195231649,3,0.7522,https://openalex.org/W4200425376;https://openalex.org/W3217783452;https://openalex.org/W4223513214
https://openalex.org/A5060347694,https://openalex.org/S2729999759,4,0.757,https://openalex.org/W3157700644;https://openalex.org/W4381686872;https://openalex.org/W4226365369;https://openalex.org/W3031177401
https://openalex.org/A5020165816,https://openalex.org/S2485537415,2,0.9121,https://openalex.org/W4362514639;https://openalex.org/W4312565960
https://openalex.org/A5100444635,https://openalex.org/S4210219776,2,0.7734,https://openalex.org/W2997125665;https://openalex.org/W2939048927
https://openalex.org/A5038161265,https://openalex.org/S2485537415,2,0.6564,https://openalex.org/W4387682158;https://openalex.org/W3031176502
https://openalex.org/A5046867197,https://openalex.org/S4210205812,4,0.7369,https://openalex.org/W3119996911;https://openalex.org/W3201401182;https://openalex.org/W3013744179;https://openalex.org/W3205154325
https://openalex.org/A5047517734,https://openalex.org/S2485537415,4,0.6974,https://openalex.org/W2997254516;https://openalex.org/W4312552362;https://openalex.org/W3187131739;https://openalex.org/W4385731902
https://openalex.org/A5024600603,https://openalex.org/S2485537415,3,0.7262,https://openalex.org/W2892358926;https://openalex.org/W2794953472;https://openalex.org/W2903606428
https://openalex.org/A5043674345,https://openalex.org/S2729999759,4,0.8139,https://openalex.org/W2963737810;https://openalex.org/W2963139548;https://openalex.org/W2955326314;https://openalex.org/W2919000501
https://openalex.org/A5057526407,https://openalex.org/S4210205812,3,0.6868,https://openalex.org/W4403952481;https://openalex.org/W4210672761;https://openalex.org/W4388525526
https://openalex.org/A5037093143,https://openalex.org/S2485537415,3,0.841,https://openalex.org/W4292387297;https://openalex.org/W3155222352;https://openalex.org/W3121224937
https://openalex.org/A5073889784,https://openalex.org/S190680769,2,0.8381,https://openalex.org/W4384406773;https://openalex.org/W4285795717
https://openalex.org/A5081120128,https://openalex.org/S139930977,4,0.7842,https://openalex.org/W2561997573;https://openalex.org/W2359586820;https://openalex.org/W2982572682;https://openalex.org/W3177275367
https://openalex.org/A5039165527,https://openalex.org/S2485537415,2,0.7318,https://openalex.org/W3000143928;https://openalex.org/W4285228649
https://openalex.org/A5087026788,https://openalex.org/S178776955,4,0.8916,https://openalex.org/W4298145759;https://openalex.org/W4378882591;https://openalex.org/W4295279609;https://openalex.org/W4382721714
https://openalex.org/A5061544554,https://openalex.org/S2485537415,2,0.8886,https://openalex.org/W2982391183;https://openalex.org/W4312434355
https://openalex.org/A5061544554,https://openalex.org/S3035462843,2,0.9018,https://openalex.org/W4283218295;https://openalex.org/W4313389684
https://openalex.org/A5017431053,https://openalex.org/S107516304,2,0.8806,https://openalex.org/W4386410427;https://openalex.org/W4390501743
https://openalex.org/A5017431053,https://openalex.org/S2596394214,2,0.7856,https://openalex.org/W4221027080;https://openalex.org/W4288064372
https://openalex.org/A5032889999,https://openalex.org/S2485537415,2,0.869,https://openalex.org/W4313477820;https://openalex.org/W4294811231
https://openalex.org/A5062600336,https://openalex.org/S190629608,2,0.7239,https://openalex.org/W4313238134;https://openalex.org/W4309606685
https://openalex.org/A5041673632,https://openalex.org/S2485537415,4,0.6445,https://openalex.org/W4379985145;https://openalex.org/W4291653327;https://openalex.org/W4387951960;https://openalex.org/W4391248677
https://openalex.org/A5000489917,https://openalex.org/S4210219776,3,0.7887,https://openalex.org/W3082525560;https://openalex.org/W2789918156;https://openalex.org/W2793856177
https://openalex.org/A5034820084,https://openalex.org/S52395412,2,0.8149,https://openalex.org/W2922239620;https://openalex.org/W3203183413
https://openalex.org/A5038894120,https://openalex.org/S4210206423,2,0.6679,https://openalex.org/W4388633247;https://openalex.org/W4391930172
https://openalex.org/A5029498299,https://openalex.org/S101949793,3,0.779,https://openalex.org/W4391027668;https://openalex.org/W4402765377;https://openalex.org/W4319316358
https://openalex.org/A5090355098,https://openalex.org/S2485537415,4,0.6869,https://openalex.org/W4392157446;https://openalex.org/W4404307326;https://openalex.org/W2901160118;https://openalex.org/W4312441539
https://openalex.org/A5031124833,https://openalex.org/S4210205812,2,0.6786,https://openalex.org/W4381248805;https://openalex.org/W4213173126
https://openalex.org/A5067651075,https://openalex.org/S2485537415,2,0.5925,https://openalex.org/W2902237356;https://openalex.org/W4367666333
https://openalex.org/A5067651075,https://openalex.org/S195231649,2,0.9231,https://openalex.org/W2804966426;https://openalex.org/W3090616938
https://openalex.org/A5062724090,https://openalex.org/S2485537415,2,0.66,https://openalex.org/W3157976823;https://openalex.org/W3181622257
https://openalex.org/A5082196815,https://openalex.org/S4210177785,2,0.8195,https://openalex.org/W4295533116;https://openalex.org/W4205699867
https://openalex.org/A5100699921,https://openalex.org/S2764650051,3,0.7296,https://openalex.org/W4391910237;https://openalex.org/W4403600390;https://openalex.org/W3212899834
https://openalex.org/A5034519027,https://openalex.org/S2485537415,2,0.7953,https://openalex.org/W4205699222;https://openalex.org/W3020340069
https://openalex.org/A5034519027,https://openalex.org/S4210192031,2,0.809,https://openalex.org/W4362591590;https://openalex.org/W4323314898
https://openalex.org/A5009283470,https://openalex.org/S2485537415,4,0.7623,https://openalex.org/W2987573151;https://openalex.org/W4392543717;https://openalex.org/W4391892412;https://openalex.org/W3165891254
https://openalex.org/A5080935353,https://openalex.org/S4210205812,3,0.6794,https://openalex.org/W4220864053;https://openalex.org/W4295814349;https://openalex.org/W4323847908
https://openalex.org/A5010990835,https://openalex.org/S190629608,2,0.6279,https://openalex.org/W4323855133;https://openalex.org/W4381461339
https://openalex.org/A5065914489,https://openalex.org/S190629608,2,0.6279,https://openalex.org/W4323855133;https://openalex.org/W4381461339
https://openalex.org/A5077011518,https://openalex.org/S202381698,2,0.7518,https://openalex.org/W2122162550;https://openalex.org/W2905998260
https://openalex.org/A5034369995,https://openalex.org/S178776955,3,0.7828,https://openalex.org/W2582417415;https://openalex.org/W4382296039;https://openalex.org/W4391102446
https://openalex.org/A5102754287,https://openalex.org/S2485537415,2,0.8693,https://openalex.org/W4393864551;https://openalex.org/W4393906041
https://openalex.org/A5101975138,https://openalex.org/S2485537415,2,0.6673,https://openalex.org/W4403674420;https://openalex.org/W3204253572
https://openalex.org/A5101975138,https://openalex.org/S101949793,2,0.8225,https://openalex.org/W3196072164;https://openalex.org/W3110748370
https://openalex.org/A5077228753,https://openalex.org/S195231649,2,0.9077,https://openalex.org/W3185446235;https://openalex.org/W3179632094
https://openalex.org/A5100706919,https://openalex.org/S195231649,2,0.9077,https://openalex.org/W3185446235;https://openalex.org/W3179632094
https://openalex.org/A5009152648,https://openalex.org/S2485537415,3,0.7469,https://openalex.org/W4392309188;https://openalex.org/W4365130512;https://openalex.org/W4377966851
https://openalex.org/A5042993941,https://openalex.org/S2485537415,2,0.6786,https://openalex.org/W4397026385;https://openalex.org/W4396759088
https://openalex.org/A5054298041,https://openalex.org/S195231649,2,0.8356,https://openalex.org/W3199178291;https://openalex.org/W3143746401
https://openalex.org/A5031261567,https://openalex.org/S4210205812,2,0.6401,https://openalex.org/W4405696918;https://openalex.org/W4404067076
https://openalex.org/A5100405230,https://openalex.org/S2764955546,2,0.7417,https://openalex.org/W4385696946;https://openalex.org/W4390371819
https://openalex.org/A5100405230,https://openalex.org/S4210205812,2,0.7167,https://openalex.org/W4393235540;https://openalex.org/W4401322062
https://openalex.org/A5100527280,https://openalex.org/S4210192031,4,0.7792,https://openalex.org/W4390986415;https://openalex.org/W4386638827;https://openalex.org/W4307265273;https://openalex.org/W4377041917
https://openalex.org/A5044028164,https://openalex.org/S4210206423,4,0.8046,https://openalex.org/W4393934399;https://openalex.org/W4387780042;https://openalex.org/W4390973969;https://openalex.org/W4391883813
https://openalex.org/A5057012845,https://openalex.org/S43295729,3,0.8179,https://openalex.org/W4400879760;https://openalex.org/W4295204248;https://openalex.org/W4307940493
https://openalex.org/A5016184654,https://openalex.org/S155526855,3,0.8072,https://openalex.org/W2810095012;https://openalex.org/W4223508017;https://openalex.org/W4378193594
https://openalex.org/A5073619925,https://openalex.org/S101949793,2,0.841,https://openalex.org/W4387581532;https://openalex.org/W4396615549
https://openalex.org/A5086471874,https://openalex.org/S2485537415,3,0.6395,https://openalex.org/W3109714390;https://openalex.org/W4387951960;https://openalex.org/W4391248677
https://openalex.org/A5064323671,https://openalex.org/S4210197006,2,0.7138,https://openalex.org/W4388646529;https://openalex.org/W4360866164
https://openalex.org/A5064323671,https://openalex.org/S2595095599,2,0.8271,https://openalex.org/W2800209879;https://openalex.org/W3103906305
https://openalex.org/A5074942095,https://openalex.org/S2485537415,4,0.8197,https://openalex.org/W4394711256;https://openalex.org/W4399990310;https://openalex.org/W4386608750;https://openalex.org/W4401878697
https://openalex.org/A5100750974,https://openalex.org/S178776955,4,0.7768,https://openalex.org/W4289934167;https://openalex.org/W4388945724;https://openalex.org/W4387185108;https://openalex.org/W4394961770
https://openalex.org/A5101545477,https://openalex.org/S178776955,4,0.8171,https://openalex.org/W4388020241;https://openalex.org/W4393564367;https://openalex.org/W4385347174;https://openalex.org/W4400742111
https://openalex.org/A5022631295,https://openalex.org/S107516304,2,0.8806,https://openalex.org/W4386410427;https://openalex.org/W4390501743
https://openalex.org/A5022631295,https://openalex.org/S2596394214,2,0.7856,https://openalex.org/W4221027080;https://openalex.org/W4288064372
https://openalex.org/A5060362188,https://openalex.org/S4210192031,4,0.7688,https://openalex.org/W4388857097;https://openalex.org/W3188062743;https://openalex.org/W4214912893;https://openalex.org/W4401638034
https://openalex.org/A5083019855,https://openalex.org/S4210219776,2,0.8055,https://openalex.org/W2772899235;https://openalex.org/W3093542232
https://openalex.org/A5063131254,https://openalex.org/S4210192031,2,0.7893,https://openalex.org/W4391384240;https://openalex.org/W4224264214
https://openalex.org/A5063131254,https://openalex.org/S2485537415,2,0.5828,https://openalex.org/W3100762626;https://openalex.org/W4312568262
https://openalex.org/A5100416489,https://openalex.org/S196734849,2,0.6549,https://openalex.org/W4394615197;https://openalex.org/W4405895711
https://openalex.org/A5045844661,https://openalex.org/S196734849,2,0.8772,https://openalex.org/W4382987973;https://openalex.org/W4402905056
https://openalex.org/A5045844661,https://openalex.org/S101949793,2,0.7873,https://openalex.org/W4400409116;https://openalex.org/W4400646696
https://openalex.org/A5027630663,https://openalex.org/S3035462843,2,0.9093,https://openalex.org/W4392372091;https://openalex.org/W4398240896
https://openalex.org/A5035603167,https://openalex.org/S195231649,2,0.6718,https://openalex.org/W4394726121;https://openalex.org/W4391755230
https://openalex.org/A5039264326,https://openalex.org/S139930977,3,0.7552,https://openalex.org/W4313637732;https://openalex.org/W2765645152;https://openalex.org/W2571958538
https://openalex.org/A5054358420,https://openalex.org/S4210192031,4,0.761,https://openalex.org/W4328107714;https://openalex.org/W4383068560;https://openalex.org/W4366090944;https://openalex.org/W4386848428
https://openalex.org/A5081905634,https://openalex.org/S178776955,4,0.8224,https://openalex.org/W4389078181;https://openalex.org/W4367173110;https://openalex.org/W4286490899;https://openalex.org/W4392595228
https://openalex.org/A5107390081,https://openalex.org/S4210178049,4,0.7152,https://openalex.org/W4323362183;https://openalex.org/W3215418478;https://openalex.org/W2989839763;https://openalex.org/W4402751610
https://openalex.org/A5060632261,https://openalex.org/S4210205812,3,0.8998,https://openalex.org/W4320496145;https://openalex.org/W4389221541;https://openalex.org/W4386742462
https://openalex.org/A5037216378,https://openalex.org/S4210205812,4,0.8008,https://openalex.org/W4391263166;https://openalex.org/W4392361869;https://openalex.org/W4391576080;https://openalex.org/W4389098633
https://openalex.org/A5019832813,https://openalex.org/S4210205812,3,0.6617,https://openalex.org/W4402412716;https://openalex.org/W4391322998;https://openalex.org/W4401701393
https://openalex.org/A5068783691,https://openalex.org/S2485537415,2,0.9131,https://openalex.org/W3095232705;https://openalex.org/W4312822384
https://openalex.org/A5068783691,https://openalex.org/S4210205812,2,0.8113,https://openalex.org/W4403598486;https://openalex.org/W4397022466
https://openalex.org/A5053250970,https://openalex.org/S4210216316,2,0.7775,https://openalex.org/W4285794235;https://openalex.org/W4404541871
https://openalex.org/A5066073372,https://openalex.org/S2485537415,4,0.7441,https://openalex.org/W3090474612;https://openalex.org/W4396597005;https://openalex.org/W4206596421;https://openalex.org/W4403094388
https://openalex.org/A5080920610,https://openalex.org/S2485537415,4,0.7009,https://openalex.org/W4403331203;https://openalex.org/W4384519225;https://openalex.org/W4381800631;https://openalex.org/W4403094388
https://openalex.org/A5040262351,https://openalex.org/S32837994,3,0.8149,https://openalex.org/W2786439263;https://openalex.org/W4235597412;https://openalex.org/W2913197351
https://openalex.org/A5036921402,https://openalex.org/S4210205812,2,0.8183,https://openalex.org/W4283397819;https://openalex.org/W4321598855
https://openalex.org/A5038939201,https://openalex.org/S2485537415,3,0.7724,https://openalex.org/W2952793289;https://openalex.org/W2795584780;https://openalex.org/W4226337759
https://openalex.org/A5039069271,https://openalex.org/S17147534,2,0.8326,https://openalex.org/W2786814109;https://openalex.org/W1930201302
https://openalex.org/A5039069271,https://openalex.org/S2764650051,2,0.7718,https://openalex.org/W2555887493;https://openalex.org/W3120954751
https://openalex.org/A5040909488,https://openalex.org/S4210177785,4,0.7838,https://openalex.org/W2593267889;https://openalex.org/W2170370788;https://openalex.org/W2516653071;https://openalex.org/W2262764541
https://openalex.org/A5012049132,https://openalex.org/S4210177785,3,0.7768,https://openalex.org/W2593267889;https://openalex.org/W2516653071;https://openalex.org/W2262764541
https://openalex.org/A5002462356,https://openalex.org/S155526855,3,0.7614,https://openalex.org/W2774310971;https://openalex.org/W4383533168;https://openalex.org/W4200382561
https://openalex.org/A5016166175,https://openalex.org/S2485537415,4,0.7943,https://openalex.org/W2982243238;https://openalex.org/W3114858549;https://openalex.org/W3128128512;https://openalex.org/W3020816427
https://openalex.org/A5054715965,https://openalex.org/S2485537415,3,0.6608,https://openalex.org/W3148711710;https://openalex.org/W3112072862;https://openalex.org/W3096069948
https://openalex.org/A5076384646,https://openalex.org/S101949793,2,0.7959,https://openalex.org/W3023853940;https://openalex.org/W2994999286
https://openalex.org/A5033896100,https://openalex.org/S2485537415,2,0.591,https://openalex.org/W3021291609;https://openalex.org/W2941707966
https://openalex.org/A5049750015,https://openalex.org/S2485537415,2,0.8501,https://openalex.org/W3096252612;https://openalex.org/W2936331919
https://openalex.org/A5063767897,https://openalex.org/S2764846071,2,0.6464,https://openalex.org/W2533337140;https://openalex.org/W2892155146
https://openalex.org/A5032091275,https://openalex.org/S2485537415,2,0.5692,https://openalex.org/W3009251324;https://openalex.org/W2729929678
https://openalex.org/A5046344792,https://openalex.org/S2485537415,2,0.662,https://openalex.org/W2930842027;https://openalex.org/W2981869801
https://openalex.org/A5063227535,https://openalex.org/S196734849,2,0.5831,https://openalex.org/W4404723645;https://openalex.org/W4389487200
https://openalex.org/A5028888571,https://openalex.org/S2764955546,4,0.8769,https://openalex.org/W3110065779;https://openalex.org/W4385782632;https://openalex.org/W2910520856;https://openalex.org/W4223584521
https://openalex.org/A5048645102,https://openalex.org/S2737955091,2,0.8109,https://openalex.org/W4390547705;https://openalex.org/W3150242420
https://openalex.org/A5101950373,https://openalex.org/S2485537415,3,0.6169,https://openalex.org/W3048904600;https://openalex.org/W4384080273;https://openalex.org/W4401070068
https://openalex.org/A5063874940,https://openalex.org/S2485537415,3,0.8396,https://openalex.org/W3095569156;https://openalex.org/W3087909342;https://openalex.org/W3096069948
https://openalex.org/A5027440671,https://openalex.org/S2485537415,3,0.8228,https://openalex.org/W3095569156;https://openalex.org/W3034866437;https://openalex.org/W3087909342
https://openalex.org/A5002351422,https://openalex.org/S178776955,4,0.8916,https://openalex.org/W4298145759;https://openalex.org/W4378882591;https://openalex.org/W4295279609;https://openalex.org/W4382721714
https://openalex.org/A5100666072,https://openalex.org/S2485537415,2,0.8604,https://openalex.org/W2964276548;https://openalex.org/W2964240490
https://openalex.org/A5100666072,https://openalex.org/S195231649,2,0.8316,https://openalex.org/W2803970458;https://openalex.org/W2941846502
https://openalex.org/A5100460696,https://openalex.org/S2485537415,2,0.7774,https://openalex.org/W3012200903;https://openalex.org/W2973098761
https://openalex.org/A5078332598,https://openalex.org/S2485537415,3,0.6699,https://openalex.org/W2998091506;https://openalex.org/W3198470495;https://openalex.org/W4210389245
https://openalex.org/A5028724616,https://openalex.org/S202381698,2,0.7919,https://openalex.org/W2973226665;https://openalex.org/W2891455056
https://openalex.org/A5028724616,https://openalex.org/S2485537415,2,0.7773,https://openalex.org/W2624470268;https://openalex.org/W3035816739
https://openalex.org/A5067730154,https://openalex.org/S4210178049,2,0.6751,https://openalex.org/W4311376210;https://openalex.org/W3213680128
https://openalex.org/A5100449169,https://openalex.org/S4210205812,3,0.7076,https://openalex.org/W4297347595;https://openalex.org/W4221013356;https://openalex.org/W4328125665
https://openalex.org/A5100437036,https://openalex.org/S195231649,2,0.6946,https://openalex.org/W4313573793;https://openalex.org/W4313472717
https://openalex.org/A5011947453,https://openalex.org/S195231649,2,0.6946,https://openalex.org/W4224311455;https://openalex.org/W4319598206
https://openalex.org/A5090215557,https://openalex.org/S2729999759,3,0.7447,https://openalex.org/W4385267227;https://openalex.org/W4389777845;https://openalex.org/W4385859687
https://openalex.org/A5037846871,https://openalex.org/S4210205812,2,0.8564,https://openalex.org/W3116348227;https://openalex.org/W2975230940
https://openalex.org/A5055015531,https://openalex.org/S4210219776,2,0.8072,https://openalex.org/W3207991690;https://openalex.org/W2805206852
https://openalex.org/A5079178505,https://openalex.org/S4210192031,2,0.7827,https://openalex.org/W4366829055;https://openalex.org/W4315700700
https://openalex.org/A5052454197,https://openalex.org/S4210205812,3,0.782,https://openalex.org/W2991396862;https://openalex.org/W4318206869;https://openalex.org/W2986572042
https://openalex.org/A5007584947,https://openalex.org/S2485537415,2,0.8063,https://openalex.org/W2919675040;https://openalex.org/W2954001206
https://openalex.org/A5030950144,https://openalex.org/S2485537415,2,0.8063,https://openalex.org/W2919675040;https://openalex.org/W2954001206
https://openalex.org/A5084189341,https://openalex.org/S34838331,2,0.6696,https://openalex.org/W4220917335;https://openalex.org/W4392662445
https://openalex.org/A5084189341,https://openalex.org/S190629608,2,0.6698,https://openalex.org/W4224271690;https://openalex.org/W4280496504
https://openalex.org/A5006421021,https://openalex.org/S2485537415,2,0.8008,https://openalex.org/W2977881783;https://openalex.org/W4293146223
https://openalex.org/A5007952996,https://openalex.org/S3035462843,2,0.8652,https://openalex.org/W4308652747;https://openalex.org/W4306392787
https://openalex.org/A5101899176,https://openalex.org/S2485537415,2,0.6569,https://openalex.org/W2793169573;https://openalex.org/W2668217484
https://openalex.org/A5043572903,https://openalex.org/S2485537415,4,0.6953,https://openalex.org/W3106756765;https://openalex.org/W3096072226;https://openalex.org/W3034997295;https://openalex.org/W2979137222
https://openalex.org/A5062591338,https://openalex.org/S4210177785,2,0.8473,https://openalex.org/W4205413228;https://openalex.org/W3092985612
https://openalex.org/A5056914205,https://openalex.org/S190629608,2,0.789,https://openalex.org/W2752973482;https://openalex.org/W3115362193
https://openalex.org/A5101632967,https://openalex.org/S4210205812,2,0.7016,https://openalex.org/W4304606812;https://openalex.org/W4316673439
https://openalex.org/A5080817530,https://openalex.org/S4210205812,2,0.7636,https://openalex.org/W3131525935;https://openalex.org/W4205255874
https://openalex.org/A5080817530,https://openalex.org/S207319443,2,0.7211,https://openalex.org/W2579283467;https://openalex.org/W4307811458
https://openalex.org/A5048223919,https://openalex.org/S2485537415,4,0.7112,https://openalex.org/W2983826953;https://openalex.org/W3013898566;https://openalex.org/W2974125466;https://openalex.org/W4400228624
https://openalex.org/A5069697936,https://openalex.org/S2485537415,4,0.802,https://openalex.org/W3197154997;https://openalex.org/W3040300753;https://openalex.org/W2962700793;https://openalex.org/W2911798429
https://openalex.org/A5081939964,https://openalex.org/S4210205812,4,0.7395,https://openalex.org/W3198087786;https://openalex.org/W4375862648;https://openalex.org/W4366421748;https://openalex.org/W3207011459
https://openalex.org/A5028393159,https://openalex.org/S2485537415,4,0.7418,https://openalex.org/W3141423234;https://openalex.org/W4398249679;https://openalex.org/W4315605985;https://openalex.org/W4285154955
https://openalex.org/A5016293435,https://openalex.org/S4210205812,2,0.6183,https://openalex.org/W4362577639;https://openalex.org/W4296095549
https://openalex.org/A5056938538,https://openalex.org/S4210192031,3,0.7964,https://openalex.org/W4317433959;https://openalex.org/W4200471585;https://openalex.org/W4400088857
https://openalex.org/A5100732105,https://openalex.org/S43295729,4,0.9212,https://openalex.org/W4323317490;https://openalex.org/W4328125298;https://openalex.org/W4381149367;https://openalex.org/W4376954599
https://openalex.org/A5079605672,https://openalex.org/S4210205812,2,0.6719,https://openalex.org/W3036832735;https://openalex.org/W3082517502
https://openalex.org/A5083148508,https://openalex.org/S2485537415,2,0.6853,https://openalex.org/W2935713639;https://openalex.org/W4389040660
https://openalex.org/A5100676081,https://openalex.org/S2485537415,2,0.7389,https://openalex.org/W2970434332;https://openalex.org/W2979539654
https://openalex.org/A5072294864,https://openalex.org/S2485537415,2,0.7389,https://openalex.org/W2970434332;https://openalex.org/W2979539654
https://openalex.org/A5020068498,https://openalex.org/S155526855,4,0.7146,https://openalex.org/W4391017630;https://openalex.org/W2945975900;https://openalex.org/W2924677654;https://openalex.org/W1862599395
https://openalex.org/A5046921334,https://openalex.org/S32837994,2,0.7585,https://openalex.org/W3173135174;https://openalex.org/W4387217768
https://openalex.org/A5052823514,https://openalex.org/S4210205812,3,0.8651,https://openalex.org/W4360615702;https://openalex.org/W4395010933;https://openalex.org/W4286111442
https://openalex.org/A5101826257,https://openalex.org/S4210178049,2,0.9426,https://openalex.org/W4402066383;https://openalex.org/W4401187287
https://openalex.org/A5101849635,https://openalex.org/S4210206423,2,0.8828,https://openalex.org/W4403228607;https://openalex.org/W4403978148
https://openalex.org/A5058481925,https://openalex.org/S2485537415,3,0.8335,https://openalex.org/W4399425873;https://openalex.org/W2762016725;https://openalex.org/W4210646523
https://openalex.org/A5011810133,https://openalex.org/S2485537415,3,0.6895,https://openalex.org/W4381249162;https://openalex.org/W4396594857;https://openalex.org/W4399767534
https://openalex.org/A5043874320,https://openalex.org/S2485537415,2,0.6525,https://openalex.org/W4385256174;https://openalex.org/W4400488247
https://openalex.org/A5084077142,https://openalex.org/S4210192031,2,0.6177,https://openalex.org/W4400079260;https://openalex.org/W4382787607
https://openalex.org/A5069178881,https://openalex.org/S2485537415,2,0.7618,https://openalex.org/W2790330428;https://openalex.org/W3197060355
https://openalex.org/A5081573359,https://openalex.org/S2729999759,4,0.7314,https://openalex.org/W4406237254;https://openalex.org/W2114590102;https://openalex.org/W4385859649;https://openalex.org/W4390075256
https://openalex.org/A5100782898,https://openalex.org/S3569471,2,0.7424,https://openalex.org/W3007416014;https://openalex.org/W2979800178
https://openalex.org/A5100670772,https://openalex.org/S2485537415,2,0.9226,https://openalex.org/W3108562470;https://openalex.org/W2898680164
https://openalex.org/A5079217170,https://openalex.org/S4210192031,2,0.7755,https://openalex.org/W3038593035;https://openalex.org/W4225758403
https://openalex.org/A5050239788,https://openalex.org/S195231649,3,0.8741,https://openalex.org/W2963064735;https://openalex.org/W2901810526;https://openalex.org/W2944466891
https://openalex.org/A5060858053,https://openalex.org/S4511983,4,0.7704,https://openalex.org/W3011098327;https://openalex.org/W2756011149;https://openalex.org/W3186505255;https://openalex.org/W2754022918
https://openalex.org/A5100422098,https://openalex.org/S2485537415,2,0.6206,https://openalex.org/W2901663594;https://openalex.org/W3106474382
https://openalex.org/A5087869658,https://openalex.org/S101949793,2,0.7813,https://openalex.org/W3172697069;https://openalex.org/W2905414310
https://openalex.org/A5087869658,https://openalex.org/S4210205812,2,0.8183,https://openalex.org/W4283397819;https://openalex.org/W4321598855
https://openalex.org/A5075352517,https://openalex.org/S4210192031,4,0.6308,https://openalex.org/W3128711488;https://openalex.org/W3213706929;https://openalex.org/W4400942284;https://openalex.org/W4224246368
https://openalex.org/A5080318291,https://openalex.org/S2485537415,2,0.705,https://openalex.org/W3195721426;https://openalex.org/W4312616534
https://openalex.org/A5080318291,https://openalex.org/S101949793,2,0.8921,https://openalex.org/W4210611700;https://openalex.org/W4205940078
https://openalex.org/A5071920054,https://openalex.org/S3569471,3,0.7934,https://openalex.org/W3191183638;https://openalex.org/W3012284917;https://openalex.org/W4388900586
https://openalex.org/A5031247574,https://openalex.org/S4210205812,4,0.6617,https://openalex.org/W3145127497;https://openalex.org/W4200223488;https://openalex.org/W4311532761;https://openalex.org/W4399289455
https://openalex.org/A5070878114,https://openalex.org/S4210219776,3,0.718,https://openalex.org/W2964083623;https://openalex.org/W4224279468;https://openalex.org/W4311793632
https://openalex.org/A5058786170,https://openalex.org/S2485537415,2,0.7177,https://openalex.org/W3125378889;https://openalex.org/W2963965172
https://openalex.org/A5101683953,https://openalex.org/S4210205812,2,0.756,https://openalex.org/W4307122251;https://openalex.org/W4308580434
https://openalex.org/A5045996251,https://openalex.org/S2485537415,3,0.7627,https://openalex.org/W4392114334;https://openalex.org/W4385413402;https://openalex.org/W4403390337
https://openalex.org/A5013361746,https://openalex.org/S4210192031,2,0.77,https://openalex.org/W4319081815;https://openalex.org/W4386712066
https://openalex.org/A5087883863,https://openalex.org/S4210192031,3,0.8265,https://openalex.org/W3211628713;https://openalex.org/W4291511123;https://openalex.org/W3196000014
https://openalex.org/A5074210163,https://openalex.org/S139930977,2,0.845,https://openalex.org/W4224936566;https://openalex.org/W2803728065
https://openalex.org/A5041731635,https://openalex.org/S4210219776,2,0.8362,https://openalex.org/W4386286111;https://openalex.org/W4402516203
https://openalex.org/A5087197748,https://openalex.org/S2485537415,3,0.6872,https://openalex.org/W4381884091;https://openalex.org/W4389164276;https://openalex.org/W3100031421
https://openalex.org/A5081414719,https://openalex.org/S2485537415,2,0.653,https://openalex.org/W4402435304;https://openalex.org/W4383503540
https://openalex.org/A5013340793,https://openalex.org/S195231649,2,0.7679,https://openalex.org/W3195378132;https://openalex.org/W2920854821
https://openalex.org/A5036070371,https://openalex.org/S3569471,3,0.7594,https://openalex.org/W3094768743;https://openalex.org/W3014062889;https://openalex.org/W2766085862
https://openalex.org/A5102929933,https://openalex.org/S2485537415,2,0.7423,https://openalex.org/W3191607794;https://openalex.org/W3188622144
https://openalex.org/A5054238080,https://openalex.org/S4210205812,2,0.8183,https://openalex.org/W4283397819;https://openalex.org/W4321598855
https://openalex.org/A5015702335,https://openalex.org/S4210216316,3,0.8081,https://openalex.org/W4296345146;https://openalex.org/W3199921016;https://openalex.org/W4403877466
https://openalex.org/A5053206926,https://openalex.org/S4210192031,2,0.607,https://openalex.org/W4385278011;https://openalex.org/W4281745309
https://openalex.org/A5101408951,https://openalex.org/S4210192031,3,0.8039,https://openalex.org/W4384068191;https://openalex.org/W4388452811;https://openalex.org/W3087323854
https://openalex.org/A5035171392,https://openalex.org/S4210205812,4,0.6715,https://openalex.org/W4401535290;https://openalex.org/W4200473023;https://openalex.org/W4313328207;https://openalex.org/W4389098761
https://openalex.org/A5043834125,https://openalex.org/S101949793,2,0.7404,https://openalex.org/W4224233852;https://openalex.org/W3216833217
https://openalex.org/A5077692655,https://openalex.org/S2485537415,3,0.657,https://openalex.org/W4379472010;https://openalex.org/W4297094602;https://openalex.org/W3113880833
https://openalex.org/A5039359682,https://openalex.org/S2729999759,2,0.7325,https://openalex.org/W2997521893;https://openalex.org/W2498992962
https://openalex.org/A5040438310,https://openalex.org/S3569471,2,0.8427,https://openalex.org/W4200570495;https://openalex.org/W4309271264
https://openalex.org/A5064466785,https://openalex.org/S2485537415,4,0.686,https://openalex.org/W4394862833;https://openalex.org/W4313855658;https://openalex.org/W4396214746;https://openalex.org/W4394627339
https://openalex.org/A5005207362,https://openalex.org/S4210178049,2,0.7704,https://openalex.org/W4393316945;https://openalex.org/W4319753750
https://openalex.org/A5113881053,https://openalex.org/S4210205812,3,0.6217,https://openalex.org/W4362587001;https://openalex.org/W3190967041;https://openalex.org/W4388859716
https://openalex.org/A5081894037,https://openalex.org/S4210205812,2,0.8347,https://openalex.org/W4403101372;https://openalex.org/W4386408978
https://openalex.org/A5040284711,https://openalex.org/S2485537415,3,0.6822,https://openalex.org/W2055246903;https://openalex.org/W4400524898;https://openalex.org/W4390187158
https://openalex.org/A5084878720,https://openalex.org/S2485537415,3,0.6549,https://openalex.org/W3198965389;https://openalex.org/W4390204190;https://openalex.org/W3167765143
https://openalex.org/A5046915242,https://openalex.org/S32837994,2,0.7739,https://openalex.org/W2745171265;https://openalex.org/W2927198256
https://openalex.org/A5045898884,https://openalex.org/S4210192031,2,0.7755,https://openalex.org/W3038593035;https://openalex.org/W4225758403
https://openalex.org/A5100779835,https://openalex.org/S3569471,3,0.8026,https://openalex.org/W3000164708;https://openalex.org/W2954044313;https://openalex.org/W2907757875
https://openalex.org/A5014955909,https://openalex.org/S4210192031,3,0.72,https://openalex.org/W3022614286;https://openalex.org/W4364375150;https://openalex.org/W3138644744
https://openalex.org/A5003843948,https://openalex.org/S4210178049,2,0.8508,https://openalex.org/W4200131942;https://openalex.org/W3199405737
https://openalex.org/A5101446264,https://openalex.org/S2738286576,4,0.722,https://openalex.org/W2782238939;https://openalex.org/W2583497406;https://openalex.org/W2588766520;https://openalex.org/W2802446884
https://openalex.org/A5023108032,https://openalex.org/S4210205812,3,0.7668,https://openalex.org/W4210774219;https://openalex.org/W4210419403;https://openalex.org/W4224998975
https://openalex.org/A5053337495,https://openalex.org/S178776955,4,0.7632,https://openalex.org/W4387185108;https://openalex.org/W4394961770;https://openalex.org/W4385497312;https://openalex.org/W4366486265
https://openalex.org/A5089249426,https://openalex.org/S4210205812,2,0.6419,https://openalex.org/W3215462566;https://openalex.org/W4224297377
https://openalex.org/A5103018982,https://openalex.org/S4210205812,2,0.7031,https://openalex.org/W4386219862;https://openalex.org/W4390174538
https://openalex.org/A5086432357,https://openalex.org/S4511983,4,0.8049,https://openalex.org/W2783371987;https://openalex.org/W2575390451;https://openalex.org/W2299731084;https://openalex.org/W2578658214
https://openalex.org/A5002046734,https://openalex.org/S139930977,4,0.7834,https://openalex.org/W2778562959;https://openalex.org/W1221313983;https://openalex.org/W2759829967;https://openalex.org/W2911930742
https://openalex.org/A5012085281,https://openalex.org/S4210205812,2,0.6714,https://openalex.org/W2740205663;https://openalex.org/W4401975731
https://openalex.org/A5005199779,https://openalex.org/S195231649,2,0.8504,https://openalex.org/W4386121277;https://openalex.org/W4293527431
https://openalex.org/A5102274699,https://openalex.org/S2485537415,3,0.75,https://openalex.org/W2940245516;https://openalex.org/W2984080744;https://openalex.org/W2913857093
https://openalex.org/A5048544691,https://openalex.org/S195231649,2,0.8698,https://openalex.org/W4387501564;https://openalex.org/W4303699810
https://openalex.org/A5001126437,https://openalex.org/S207319443,3,0.6864,https://openalex.org/W2886553409;https://openalex.org/W2889661415;https://openalex.org/W4304588900
https://openalex.org/A5051792648,https://openalex.org/S4210192031,2,0.8575,https://openalex.org/W4385603732;https://openalex.org/W4318215046
https://openalex.org/A5101997874,https://openalex.org/S2485537415,2,0.6456,https://openalex.org/W3014829836;https://openalex.org/W4391640606
https://openalex.org/A5100390733,https://openalex.org/S178776955,2,0.8107,https://openalex.org/W3131408648;https://openalex.org/W3110347303
https://openalex.org/A5085751460,https://openalex.org/S3035462843,2,0.7013,https://openalex.org/W3149374825;https://openalex.org/W4280490647
https://openalex.org/A5051234199,https://openalex.org/S107516304,2,0.6476,https://openalex.org/W2961904766;https://openalex.org/W3151852496
https://openalex.org/A5009769445,https://openalex.org/S4210192031,2,0.6935,https://openalex.org/W4388771442;https://openalex.org/W3121822014
https://openalex.org/A5100660064,https://openalex.org/S195231649,2,0.8155,https://openalex.org/W2984693682;https://openalex.org/W4285039152
https://openalex.org/A5101903408,https://openalex.org/S4210205812,4,0.7941,https://openalex.org/W2968074150;https://openalex.org/W4385274493;https://openalex.org/W2971699529;https://openalex.org/W3201269042
https://openalex.org/A5100415757,https://openalex.org/S155526855,2,0.7838,https://openalex.org/W4220674272;https://openalex.org/W4285726048
https://openalex.org/A5080268629,https://openalex.org/S4210205812,3,0.848,https://openalex.org/W3109774950;https://openalex.org/W4285802838;https://openalex.org/W4220826258
https://openalex.org/A5083472980,https://openalex.org/S4210219776,2,0.7075,https://openalex.org/W4386074177;https://openalex.org/W4280651269
https://openalex.org/A5044849571,https://openalex.org/S4210178049,2,0.6802,https://openalex.org/W4366090063;https://openalex.org/W4292488281
https://openalex.org/A5044849571,https://openalex.org/S202381698,2,0.7872,https://openalex.org/W3007492632;https://openalex.org/W2976159718
https://openalex.org/A5001047332,https://openalex.org/S137468011,4,0.7709,https://openalex.org/W3096738560;https://openalex.org/W4311805006;https://openalex.org/W4402905484;https://openalex.org/W4402912294
https://openalex.org/A5100335624,https://openalex.org/S101949793,2,0.7696,https://openalex.org/W2999263364;https://openalex.org/W4210838292
https://openalex.org/A5000171098,https://openalex.org/S4210196574,4,0.7298,https://openalex.org/W2752528483;https://openalex.org/W4409852315;https://openalex.org/W4391523386;https://openalex.org/W4409897371
https://openalex.org/A5110259880,https://openalex.org/S137468011,4,0.7709,https://openalex.org/W3096738560;https://openalex.org/W4311805006;https://openalex.org/W4402905484;https://openalex.org/W4402912294
https://openalex.org/A5004953265,https://openalex.org/S139930977,2,0.7028,https://openalex.org/W4404908682;https://openalex.org/W2905950556
https://openalex.org/A5016010132,https://openalex.org/S2485537415,2,0.8671,https://openalex.org/W2966559104;https://openalex.org/W2979783877
https://openalex.org/A5084467223,https://openalex.org/S137468011,3,0.7663,https://openalex.org/W3096110975;https://openalex.org/W4402905484;https://openalex.org/W4402912294
https://openalex.org/A5044273137,https://openalex.org/S2485537415,2,0.6497,https://openalex.org/W3130362871;https://openalex.org/W4386266758
https://openalex.org/A5052815615,https://openalex.org/S997959834,2,0.7549,https://openalex.org/W2964151515;https://openalex.org/W4402685576
https://openalex.org/A5018821266,https://openalex.org/S202381698,3,0.7861,https://openalex.org/W2898181981;https://openalex.org/W2802704833;https://openalex.org/W2800101573
https://openalex.org/A5037794437,https://openalex.org/S2485537415,2,0.5861,https://openalex.org/W2899329739;https://openalex.org/W2890132903
https://openalex.org/A5037794437,https://openalex.org/S4210192031,2,0.8963,https://openalex.org/W4391822640;https://openalex.org/W4399046940
https://openalex.org/A5036173588,https://openalex.org/S4210172076,2,0.7808,https://openalex.org/W4310039996;https://openalex.org/W2981544556
https://openalex.org/A5000366852,https://openalex.org/S2485537415,4,0.7326,https://openalex.org/W3023646756;https://openalex.org/W2950577166;https://openalex.org/W3005022906;https://openalex.org/W3021799569
https://openalex.org/A5070579118,https://openalex.org/S2485537415,2,0.6238,https://openalex.org/W3092895577;https://openalex.org/W4387831704
https://openalex.org/A5070579118,https://openalex.org/S4210205812,2,0.6919,https://openalex.org/W4385360143;https://openalex.org/W4400947555
https://openalex.org/A5002034958,https://openalex.org/S202381698,3,0.6828,https://openalex.org/W3175894820;https://openalex.org/W4317987998;https://openalex.org/W2959375352
https://openalex.org/A5063247971,https://openalex.org/S2485537415,3,0.7199,https://openalex.org/W4312894902;https://openalex.org/W4392174004;https://openalex.org/W4401633956
https://openalex.org/A5013016135,https://openalex.org/S4210192031,3,0.8836,https://openalex.org/W4306392384;https://openalex.org/W4280575541;https://openalex.org/W4378808318
https://openalex.org/A5077413102,https://openalex.org/S4210177785,4,0.8305,https://openalex.org/W4376875647;https://openalex.org/W2753022982;https://openalex.org/W2750684970;https://openalex.org/W4403262530
https://openalex.org/A5090952886,https://openalex.org/S4210205812,2,0.9136,https://openalex.org/W4223648795;https://openalex.org/W4229014348
https://openalex.org/A5090952886,https://openalex.org/S2485537415,2,0.8463,https://openalex.org/W3187056701;https://openalex.org/W3015280435
https://openalex.org/A5050344371,https://openalex.org/S2485537415,3,0.7177,https://openalex.org/W2964146889;https://openalex.org/W2970620880;https://openalex.org/W2963736975
https://openalex.org/A5088135366,https://openalex.org/S2729999759,3,0.782,https://openalex.org/W2471349142;https://openalex.org/W1737751673;https://openalex.org/W3216667583
https://openalex.org/A5037117333,https://openalex.org/S4210192031,2,0.6687,https://openalex.org/W4384202382;https://openalex.org/W4283121654
https://openalex.org/A5086048470,https://openalex.org/S2485537415,3,0.6972,https://openalex.org/W2921575332;https://openalex.org/W3005999566;https://openalex.org/W3129123111
https://openalex.org/A5100767704,https://openalex.org/S2485537415,2,0.639,https://openalex.org/W2807933273;https://openalex.org/W3024002852
https://openalex.org/A5103087343,https://openalex.org/S2485537415,2,0.4923,https://openalex.org/W4387010460;https://openalex.org/W4386903110
https://openalex.org/A5072596372,https://openalex.org/S2485537415,4,0.7138,https://openalex.org/W3045100301;https://openalex.org/W2942925444;https://openalex.org/W3000431166;https://openalex.org/W2967645217
https://openalex.org/A5000430690,https://openalex.org/S4210205812,2,0.7271,https://openalex.org/W4293527323;https://openalex.org/W4297347660
https://openalex.org/A5044240037,https://openalex.org/S4210192031,2,0.5553,https://openalex.org/W4404483747;https://openalex.org/W4381925270
https://openalex.org/A5064452080,https://openalex.org/S4210205812,2,0.7368,https://openalex.org/W4280576278;https://openalex.org/W4283779202
https://openalex.org/A5053421619,https://openalex.org/S4210172076,2,0.676,https://openalex.org/W3157757133;https://openalex.org/W2997597791
https://openalex.org/A5050004764,https://openalex.org/S127898559,3,0.7492,https://openalex.org/W4305054127;https://openalex.org/W2962786672;https://openalex.org/W3167639409
https://openalex.org/A5101786459,https://openalex.org/S4210205812,4,0.7358,https://openalex.org/W4327958258;https://openalex.org/W4392657779;https://openalex.org/W4388532107;https://openalex.org/W4321457839
https://openalex.org/A5024916839,https://openalex.org/S3569471,2,0.8427,https://openalex.org/W4200570495;https://openalex.org/W4309271264
https://openalex.org/A5043599202,https://openalex.org/S52395412,2,0.7569,https://openalex.org/W2949944067;https://openalex.org/W2896113901
https://openalex.org/A5071005386,https://openalex.org/S2485537415,4,0.7977,https://openalex.org/W2941799245;https://openalex.org/W2926264417;https://openalex.org/W2958093046;https://openalex.org/W2974174128
https://openalex.org/A5028140714,https://openalex.org/S196734849,2,0.7783,https://openalex.org/W2895559788;https://openalex.org/W2607075141
https://openalex.org/A5070905937,https://openalex.org/S2729999759,3,0.7369,https://openalex.org/W2534253848;https://openalex.org/W1746111881;https://openalex.org/W2963991316
https://openalex.org/A5005161117,https://openalex.org/S2485537415,3,0.662,https://openalex.org/W2924610876;https://openalex.org/W4389633789;https://openalex.org/W4397026385
https://openalex.org/A5112862689,https://openalex.org/S2729999759,2,0.742,https://openalex.org/W4313459382;https://openalex.org/W3205597237
https://openalex.org/A5100738747,https://openalex.org/S64187185,2,0.8289,https://openalex.org/W2615446936;https://openalex.org/W3121329610
https://openalex.org/A5100738747,https://openalex.org/S178776955,2,0.8386,https://openalex.org/W4382489352;https://openalex.org/W3014506381
https://openalex.org/A5033532011,https://openalex.org/S2485537415,3,0.63,https://openalex.org/W2785637175;https://openalex.org/W4390204227;https://openalex.org/W4385257416
https://openalex.org/A5063986559,https://openalex.org/S107516304,3,0.7475,https://openalex.org/W2927032858;https://openalex.org/W3214234195;https://openalex.org/W2966001690
https://openalex.org/A5012470628,https://openalex.org/S2729999759,4,0.8029,https://openalex.org/W2534253848;https://openalex.org/W2972799129;https://openalex.org/W1746111881;https://openalex.org/W2481467102
https://openalex.org/A5100614110,https://openalex.org/S2485537415,2,0.5951,https://openalex.org/W4206464561;https://openalex.org/W4206680457
https://openalex.org/A5059992863,https://openalex.org/S4210178049,2,0.7942,https://openalex.org/W3183729494;https://openalex.org/W2604808181
https://openalex.org/A5036241261,https://openalex.org/S4210172076,3,0.7172,https://openalex.org/W3205636410;https://openalex.org/W4306743888;https://openalex.org/W3194691339
https://openalex.org/A5077316921,https://openalex.org/S4210195431,2,0.8083,https://openalex.org/W2940900531;https://openalex.org/W2991289251
https://openalex.org/A5065677543,https://openalex.org/S2485537415,4,0.7261,https://openalex.org/W4287887190;https://openalex.org/W4404787888;https://openalex.org/W3093862315;https://openalex.org/W3147507998
https://openalex.org/A5010316094,https://openalex.org/S4210195431,2,0.8523,https://openalex.org/W4400098873;https://openalex.org/W4385381606
https://openalex.org/A5079058585,https://openalex.org/S4210177785,3,0.8209,https://openalex.org/W3149029499;https://openalex.org/W2327543411;https://openalex.org/W2559193574
https://openalex.org/A5007045654,https://openalex.org/S190680769,2,0.6019,https://openalex.org/W2764270061;https://openalex.org/W2917640812
https://openalex.org/A5007045654,https://openalex.org/S2485537415,2,0.702,https://openalex.org/W2892952105;https://openalex.org/W2964510579
https://openalex.org/A5085811655,https://openalex.org/S2485537415,2,0.6827,https://openalex.org/W4297094728;https://openalex.org/W2901160118
https://openalex.org/A5079763100,https://openalex.org/S4210177785,3,0.8734,https://openalex.org/W2900654702;https://openalex.org/W4205413228;https://openalex.org/W3048100079
https://openalex.org/A5078219264,https://openalex.org/S4210205812,2,0.8227,https://openalex.org/W4362558246;https://openalex.org/W4327958857
https://openalex.org/A5078219264,https://openalex.org/S2485537415,2,0.9254,https://openalex.org/W4213072767;https://openalex.org/W4297094638
https://openalex.org/A5100328989,https://openalex.org/S2485537415,2,0.5653,https://openalex.org/W2912348516;https://openalex.org/W2916755661
https://openalex.org/A5001987532,https://openalex.org/S2729999759,4,0.7204,https://openalex.org/W1814992895;https://openalex.org/W4327656064;https://openalex.org/W2962753250;https://openalex.org/W1660828347
https://openalex.org/A5080843935,https://openalex.org/S17147534,2,0.8326,https://openalex.org/W2786814109;https://openalex.org/W1930201302
https://openalex.org/A5080843935,https://openalex.org/S2764650051,2,0.7718,https://openalex.org/W2555887493;https://openalex.org/W3120954751
https://openalex.org/A5045821992,https://openalex.org/S17147534,2,0.8326,https://openalex.org/W2786814109;https://openalex.org/W1930201302
https://openalex.org/A5045821992,https://openalex.org/S2764650051,2,0.7718,https://openalex.org/W2555887493;https://openalex.org/W3120954751
https://openalex.org/A5050360222,https://openalex.org/S107516304,2,0.8413,https://openalex.org/W3095791468;https://openalex.org/W3118197078
https://openalex.org/A5035582844,https://openalex.org/S2485537415,2,0.6983,https://openalex.org/W4401415327;https://openalex.org/W3198331626
https://openalex.org/A5035582844,https://openalex.org/S4210205812,2,0.7327,https://openalex.org/W3184219057;https://openalex.org/W3159506165
https://openalex.org/A5023626139,https://openalex.org/S2485537415,2,0.7434,https://openalex.org/W4205951200;https://openalex.org/W4205363784
https://openalex.org/A5044038055,https://openalex.org/S2485537415,2,0.618,https://openalex.org/W4321770495;https://openalex.org/W3199409388
https://openalex.org/A5065228901,https://openalex.org/S2485537415,4,0.7152,https://openalex.org/W3006227201;https://openalex.org/W3039026167;https://openalex.org/W4390075090;https://openalex.org/W4392114309
https://openalex.org/A5100369916,https://openalex.org/S2485537415,4,0.8441,https://openalex.org/W3013098034;https://openalex.org/W3034124771;https://openalex.org/W3014001067;https://openalex.org/W2955181859
https://openalex.org/A5100691268,https://openalex.org/S2485537415,2,0.7653,https://openalex.org/W2942060393;https://openalex.org/W2921612866
https://openalex.org/A5100691268,https://openalex.org/S43295729,2,0.8752,https://openalex.org/W2945641879;https://openalex.org/W2950731991
https://openalex.org/A5063261470,https://openalex.org/S2485537415,2,0.7791,https://openalex.org/W2947318733;https://openalex.org/W2921612866
https://openalex.org/A5063261470,https://openalex.org/S43295729,2,0.8752,https://openalex.org/W2945641879;https://openalex.org/W2950731991
https://openalex.org/A5050229964,https://openalex.org/S2485537415,2,0.624,https://openalex.org/W4402772374;https://openalex.org/W4405717965
https://openalex.org/A5085661326,https://openalex.org/S2764955546,2,0.7545,https://openalex.org/W4366133584;https://openalex.org/W3175242887
https://openalex.org/A5007877210,https://openalex.org/S178776955,3,0.7831,https://openalex.org/W2582417415;https://openalex.org/W4311910667;https://openalex.org/W4401389640
https://openalex.org/A5089657515,https://openalex.org/S2485537415,2,0.7252,https://openalex.org/W3120554003;https://openalex.org/W4362654551
https://openalex.org/A5070313706,https://openalex.org/S2485537415,3,0.6904,https://openalex.org/W3135582920;https://openalex.org/W3120554003;https://openalex.org/W3158097960
https://openalex.org/A5018586987,https://openalex.org/S2764846071,2,0.6224,https://openalex.org/W4285148873;https://openalex.org/W4405557565
https://openalex.org/A5110579339,https://openalex.org/S2729999759,4,0.8289,https://openalex.org/W2963842551;https://openalex.org/W4392616472;https://openalex.org/W2964298349;https://openalex.org/W2769298630
https://openalex.org/A5088995685,https://openalex.org/S64187185,2,0.7613,https://openalex.org/W3110877008;https://openalex.org/W4377982009
https://openalex.org/A5088995685,https://openalex.org/S178776955,2,0.7635,https://openalex.org/W2894936931;https://openalex.org/W3129143844
https://openalex.org/A5090196764,https://openalex.org/S2485537415,3,0.6391,https://openalex.org/W2945434935;https://openalex.org/W3038588646;https://openalex.org/W2901160118
https://openalex.org/A5021302609,https://openalex.org/S2485537415,2,0.8223,https://openalex.org/W3013620532;https://openalex.org/W3036198722
https://openalex.org/A5023508792,https://openalex.org/S139930977,2,0.6884,https://openalex.org/W4315487473;https://openalex.org/W2770392471
https://openalex.org/A5082450455,https://openalex.org/S2485537415,2,0.7242,https://openalex.org/W2943963359;https://openalex.org/W3176162574
https://openalex.org/A5078640326,https://openalex.org/S4210177785,4,0.8293,https://openalex.org/W2905969903;https://openalex.org/W3139087012;https://openalex.org/W3048100079;https://openalex.org/W3092985612
https://openalex.org/A5024011609,https://openalex.org/S4210219776,2,0.7071,https://openalex.org/W2943360842;https://openalex.org/W2739836671
https://openalex.org/A5024011609,https://openalex.org/S190629608,2,0.7676,https://openalex.org/W2472490454;https://openalex.org/W2739077999
https://openalex.org/A5068336830,https://openalex.org/S43295729,2,0.8657,https://openalex.org/W4290755839;https://openalex.org/W3128287246
https://openalex.org/A5031643080,https://openalex.org/S2485537415,2,0.893,https://openalex.org/W4312894902;https://openalex.org/W4392174004
https://openalex.org/A5013135449,https://openalex.org/S2485537415,3,0.6069,https://openalex.org/W3197264024;https://openalex.org/W3048922236;https://openalex.org/W4226177417
https://openalex.org/A5030827985,https://openalex.org/S2485537415,2,0.6515,https://openalex.org/W4389317814;https://openalex.org/W3128592100
https://openalex.org/A5023882029,https://openalex.org/S2485537415,2,0.6719,https://openalex.org/W3135582920;https://openalex.org/W4389474056
https://openalex.org/A5010457539,https://openalex.org/S2485537415,3,0.6981,https://openalex.org/W3138407803;https://openalex.org/W3001420715;https://openalex.org/W2901160118
https://openalex.org/A5069082023,https://openalex.org/S2485537415,2,0.6309,https://openalex.org/W3125306021;https://openalex.org/W4377224552
https://openalex.org/A5018875253,https://openalex.org/S2737955091,4,0.835,https://openalex.org/W2936503027;https://openalex.org/W4381542508;https://openalex.org/W2962200422;https://openalex.org/W4364361380
https://openalex.org/A5010515107,https://openalex.org/S4210177785,4,0.838,https://openalex.org/W4206999655;https://openalex.org/W3048603647;https://openalex.org/W4405044227;https://openalex.org/W4226070044
https://openalex.org/A5036609264,https://openalex.org/S4210177785,4,0.7898,https://openalex.org/W4206999655;https://openalex.org/W3048603647;https://openalex.org/W4226231938;https://openalex.org/W4226070044
https://openalex.org/A5027957798,https://openalex.org/S4210177785,4,0.8268,https://openalex.org/W4206999655;https://openalex.org/W4283730429;https://openalex.org/W2906087715;https://openalex.org/W4283709215
https://openalex.org/A5033550609,https://openalex.org/S4210172076,2,0.9521,https://openalex.org/W3217179860;https://openalex.org/W3213612848
https://openalex.org/A5037494059,https://openalex.org/S196734849,2,0.6867,https://openalex.org/W4282917384;https://openalex.org/W4306845373
https://openalex.org/A5015419380,https://openalex.org/S195231649,2,0.9195,https://openalex.org/W3203527101;https://openalex.org/W3203897255
https://openalex.org/A5023043106,https://openalex.org/S196734849,2,0.9272,https://openalex.org/W3015841640;https://openalex.org/W3203002989
https://openalex.org/A5042601761,https://openalex.org/S2729999759,3,0.7035,https://openalex.org/W2604397416;https://openalex.org/W4390075086;https://openalex.org/W3038831159
https://openalex.org/A5100455129,https://openalex.org/S2485537415,2,0.5026,https://openalex.org/W2970787329;https://openalex.org/W4285114383
https://openalex.org/A5055963487,https://openalex.org/S2485537415,3,0.858,https://openalex.org/W3033057870;https://openalex.org/W3082306581;https://openalex.org/W3023596779
https://openalex.org/A5103020232,https://openalex.org/S101949793,3,0.6598,https://openalex.org/W2766193290;https://openalex.org/W4377103829;https://openalex.org/W4403835585
https://openalex.org/A5047401370,https://openalex.org/S2485537415,3,0.7354,https://openalex.org/W2906498146;https://openalex.org/W3037722013;https://openalex.org/W2785373760
https://openalex.org/A5051609871,https://openalex.org/S2485537415,2,0.6096,https://openalex.org/W3197384740;https://openalex.org/W4391147980
https://openalex.org/A5100724297,https://openalex.org/S4210205812,2,0.8553,https://openalex.org/W4394807356;https://openalex.org/W4399431975
https://openalex.org/A5082001657,https://openalex.org/S2485537415,4,0.7104,https://openalex.org/W4210750094;https://openalex.org/W2618957889;https://openalex.org/W4239782249;https://openalex.org/W3185117254
https://openalex.org/A5060822647,https://openalex.org/S2485537415,2,0.6871,https://openalex.org/W3111112601;https://openalex.org/W4293057253
https://openalex.org/A5023752569,https://openalex.org/S4210172076,3,0.8325,https://openalex.org/W3110148606;https://openalex.org/W4224318308;https://openalex.org/W4313362506
https://openalex.org/A5011964320,https://openalex.org/S202381698,2,0.7846,https://openalex.org/W2259317772;https://openalex.org/W2742430148
https://openalex.org/A5039433858,https://openalex.org/S4210205812,2,0.8127,https://openalex.org/W2999969016;https://openalex.org/W4297988740
https://openalex.org/A5039433858,https://openalex.org/S101949793,2,0.8246,https://openalex.org/W4297225315;https://openalex.org/W3093104061
https://openalex.org/A5047937328,https://openalex.org/S4210172076,4,0.8353,https://openalex.org/W2988325738;https://openalex.org/W3039652078;https://openalex.org/W3110722024;https://openalex.org/W4312126576
https://openalex.org/A5021812637,https://openalex.org/S196734849,3,0.806,https://openalex.org/W4323359744;https://openalex.org/W4221077687;https://openalex.org/W3197873762
https://openalex.org/A5102784579,https://openalex.org/S2485537415,3,0.6769,https://openalex.org/W3048536933;https://openalex.org/W2991479668;https://openalex.org/W3209221832
https://openalex.org/A5101404695,https://openalex.org/S2729999759,4,0.7208,https://openalex.org/W3136215575;https://openalex.org/W3194769714;https://openalex.org/W2765383698;https://openalex.org/W3132730484
https://openalex.org/A5086877012,https://openalex.org/S2485537415,4,0.6439,https://openalex.org/W2971626200;https://openalex.org/W3116676518;https://openalex.org/W2605123956;https://openalex.org/W3198381997
https://openalex.org/A5056505424,https://openalex.org/S107516304,4,0.8281,https://openalex.org/W3041935397;https://openalex.org/W2939631812;https://openalex.org/W3110815301;https://openalex.org/W2912435773
https://openalex.org/A5073199165,https://openalex.org/S4210192031,4,0.7116,https://openalex.org/W3216513665;https://openalex.org/W4386333039;https://openalex.org/W4392013691;https://openalex.org/W4296360208
https://openalex.org/A5063638393,https://openalex.org/S2485537415,4,0.7007,https://openalex.org/W2774823188;https://openalex.org/W2884175112;https://openalex.org/W2945808996;https://openalex.org/W2980950969
https://openalex.org/A5006463391,https://openalex.org/S149016011,2,0.8148,https://openalex.org/W2901774292;https://openalex.org/W4388947824
https://openalex.org/A5101583277,https://openalex.org/S2729999759,4,0.7288,https://openalex.org/W2175392422;https://openalex.org/W4313459318;https://openalex.org/W3203869270;https://openalex.org/W4391853105
https://openalex.org/A5003714034,https://openalex.org/S155526855,3,0.7271,https://openalex.org/W4391099575;https://openalex.org/W2303034160;https://openalex.org/W4313450446
https://openalex.org/A5086107524,https://openalex.org/S2485537415,2,0.6937,https://openalex.org/W3216673337;https://openalex.org/W4386320374
https://openalex.org/A5086107524,https://openalex.org/S196734849,2,0.6867,https://openalex.org/W4282917384;https://openalex.org/W4306845373
https://openalex.org/A5074066409,https://openalex.org/S4210238752,2,0.7409,https://openalex.org/W4382583857;https://openalex.org/W4283374372
https://openalex.org/A5006519315,https://openalex.org/S178776955,3,0.8503,https://openalex.org/W3200289607;https://openalex.org/W4380355087;https://openalex.org/W4403454784
https://openalex.org/A5086225982,https://openalex.org/S178776955,3,0.8384,https://openalex.org/W3200289607;https://openalex.org/W4380355087;https://openalex.org/W4310239129
https://openalex.org/A5035054833,https://openalex.org/S4210172076,3,0.8475,https://openalex.org/W4280592693;https://openalex.org/W4381805988;https://openalex.org/W4396773893
https://openalex.org/A5033264635,https://openalex.org/S196734849,2,0.9272,https://openalex.org/W3015841640;https://openalex.org/W3203002989
https://openalex.org/A5055938662,https://openalex.org/S2485537415,2,0.8312,https://openalex.org/W2901078833;https://openalex.org/W2971882842
https://openalex.org/A5043372470,https://openalex.org/S2485537415,4,0.7764,https://openalex.org/W3021041857;https://openalex.org/W3034707934;https://openalex.org/W4398226261;https://openalex.org/W4206347061
https://openalex.org/A5054952302,https://openalex.org/S125501549,2,0.6399,https://openalex.org/W4297105455;https://openalex.org/W4200272499
https://openalex.org/A5020634024,https://openalex.org/S101949793,2,0.6499,https://openalex.org/W3096167185;https://openalex.org/W3142507299
https://openalex.org/A5055420596,https://openalex.org/S2485537415,2,0.6921,https://openalex.org/W2922442527;https://openalex.org/W2907213813
https://openalex.org/A5021639521,https://openalex.org/S2485537415,2,0.8938,https://openalex.org/W4386261835;https://openalex.org/W4323891929
https://openalex.org/A5021639521,https://openalex.org/S4210205812,2,0.6313,https://openalex.org/W4293685926;https://openalex.org/W4285594766
https://openalex.org/A5033880574,https://openalex.org/S4210205812,3,0.6796,https://openalex.org/W3081459453;https://openalex.org/W2808358301;https://openalex.org/W4362467977
https://openalex.org/A5100737914,https://openalex.org/S2485537415,4,0.7102,https://openalex.org/W2896374468;https://openalex.org/W2913957986;https://openalex.org/W3017952061;https://openalex.org/W2998825278
https://openalex.org/A5058957048,https://openalex.org/S2485537415,2,0.744,https://openalex.org/W4285258410;https://openalex.org/W4312441539
https://openalex.org/A5055697525,https://openalex.org/S196734849,4,0.8193,https://openalex.org/W2401520370;https://openalex.org/W2885650974;https://openalex.org/W4390945377;https://openalex.org/W3082933974
https://openalex.org/A5101512101,https://openalex.org/S101949793,2,0.769,https://openalex.org/W2743826023;https://openalex.org/W2753418768
https://openalex.org/A5053152000,https://openalex.org/S2485537415,2,0.7058,https://openalex.org/W4394897028;https://openalex.org/W3193740800
https://openalex.org/A5062921553,https://openalex.org/S2485537415,4,0.6531,https://openalex.org/W3044892747;https://openalex.org/W3020943492;https://openalex.org/W4401990717;https://openalex.org/W2944500604
https://openalex.org/A5100668161,https://openalex.org/S2485537415,4,0.7652,https://openalex.org/W4361029889;https://openalex.org/W3215109545;https://openalex.org/W2965533141;https://openalex.org/W4214677562
https://openalex.org/A5059193388,https://openalex.org/S202381698,2,0.7864,https://openalex.org/W3174604867;https://openalex.org/W4391773718
https://openalex.org/A5059193388,https://openalex.org/S9692511,2,0.7675,https://openalex.org/W3169345943;https://openalex.org/W4309307625
https://openalex.org/A5003128469,https://openalex.org/S2764650051,2,0.7528,https://openalex.org/W2891377710;https://openalex.org/W4392413980
https://openalex.org/A5066265052,https://openalex.org/S2485537415,2,0.6499,https://openalex.org/W4386266758;https://openalex.org/W4400524758
https://openalex.org/A5100454683,https://openalex.org/S4210205812,2,0.7989,https://openalex.org/W3091427154;https://openalex.org/W3137599438
https://openalex.org/A5100454683,https://openalex.org/S101949793,2,0.8365,https://openalex.org/W3189286258;https://openalex.org/W3110803781
https://openalex.org/A5070511738,https://openalex.org/S2729999759,4,0.686,https://openalex.org/W746041417;https://openalex.org/W2995238850;https://openalex.org/W2963729324;https://openalex.org/W2912904516
https://openalex.org/A5015491341,https://openalex.org/S196734849,2,0.8011,https://openalex.org/W4389899904;https://openalex.org/W4403240524
https://openalex.org/A5015491341,https://openalex.org/S2764650051,2,0.6849,https://openalex.org/W4391910237;https://openalex.org/W4403600390
https://openalex.org/A5100349055,https://openalex.org/S101949793,2,0.6258,https://openalex.org/W4292553540;https://openalex.org/W3135007512
https://openalex.org/A5100392409,https://openalex.org/S2485537415,3,0.6459,https://openalex.org/W3196543311;https://openalex.org/W4391992303;https://openalex.org/W4366722841
https://openalex.org/A5059739611,https://openalex.org/S2485537415,3,0.6829,https://openalex.org/W4313151162;https://openalex.org/W3164594127;https://openalex.org/W3186035148
https://openalex.org/A5023500196,https://openalex.org/S17147534,2,0.7745,https://openalex.org/W4225109414;https://openalex.org/W4378172411
https://openalex.org/A5023500196,https://openalex.org/S4210195431,2,0.7473,https://openalex.org/W3075432525;https://openalex.org/W3149972283
https://openalex.org/A5109903300,https://openalex.org/S4210205812,2,0.7847,https://openalex.org/W4362474933;https://openalex.org/W4401991458
https://openalex.org/A5075214304,https://openalex.org/S2485537415,3,0.6371,https://openalex.org/W3120655260;https://openalex.org/W4225921062;https://openalex.org/W4386472892
https://openalex.org/A5070993565,https://openalex.org/S34838331,3,0.7089,https://openalex.org/W3138042070;https://openalex.org/W3038288326;https://openalex.org/W2779041272
https://openalex.org/A5029758903,https://openalex.org/S4210177785,2,0.8604,https://openalex.org/W3121892657;https://openalex.org/W3008724309
https://openalex.org/A5106920582,https://openalex.org/S2485537415,2,0.6186,https://openalex.org/W3011276388;https://openalex.org/W3186943679
https://openalex.org/A5100454211,https://openalex.org/S4210205812,2,0.6377,https://openalex.org/W3153616811;https://openalex.org/W4392657779
https://openalex.org/A5112221423,https://openalex.org/S19032547,2,0.739,https://openalex.org/W2778292275;https://openalex.org/W2950069687
https://openalex.org/A5023088189,https://openalex.org/S4210172076,2,0.8853,https://openalex.org/W4229016538;https://openalex.org/W4316039145
https://openalex.org/A5073502206,https://openalex.org/S2485537415,4,0.7034,https://openalex.org/W4390777229;https://openalex.org/W4386322023;https://openalex.org/W4386736893;https://openalex.org/W4387831813
https://openalex.org/A5007928903,https://openalex.org/S139930977,3,0.7088,https://openalex.org/W4390718108;https://openalex.org/W2770650464;https://openalex.org/W2573662212
https://openalex.org/A5085139485,https://openalex.org/S196734849,2,0.879,https://openalex.org/W4308885876;https://openalex.org/W4388895542
https://openalex.org/A5032240816,https://openalex.org/S4210206423,2,0.8085,https://openalex.org/W4392949442;https://openalex.org/W4393253569
https://openalex.org/A5100695378,https://openalex.org/S207319443,2,0.7834,https://openalex.org/W3126861513;https://openalex.org/W3094515844
https://openalex.org/A5024924150,https://openalex.org/S2485537415,2,0.7106,https://openalex.org/W2979082816;https://openalex.org/W2895479289
https://openalex.org/A5046079618,https://openalex.org/S4210192031,4,0.8415,https://openalex.org/W4200281614;https://openalex.org/W4306392384;https://openalex.org/W4280575541;https://openalex.org/W4378808318
https://openalex.org/A5049500386,https://openalex.org/S4210172076,3,0.8853,https://openalex.org/W4308868318;https://openalex.org/W4309690130;https://openalex.org/W4386222914
https://openalex.org/A5052378073,https://openalex.org/S190680769,2,0.8333,https://openalex.org/W4391445495;https://openalex.org/W4400886146
https://openalex.org/A5049862247,https://openalex.org/S2485537415,3,0.6629,https://openalex.org/W2922490081;https://openalex.org/W4312834201;https://openalex.org/W3177717267
https://openalex.org/A5100704230,https://openalex.org/S195231649,2,0.8272,https://openalex.org/W4224212468;https://openalex.org/W4309009687
https://openalex.org/A5004152189,https://openalex.org/S4210219776,2,0.8435,https://openalex.org/W3183852519;https://openalex.org/W4385555100
https://openalex.org/A5020881468,https://openalex.org/S155526855,2,1.0,https://openalex.org/W4383533118;https://openalex.org/W4381432831
https://openalex.org/A5025210432,https://openalex.org/S4210177785,3,0.8852,https://openalex.org/W2954719570;https://openalex.org/W3208870581;https://openalex.org/W4285678711
https://openalex.org/A5082935073,https://openalex.org/S2485537415,4,0.8809,https://openalex.org/W4382201918;https://openalex.org/W4300553212;https://openalex.org/W4392908601;https://openalex.org/W4386883109
https://openalex.org/A5017904569,https://openalex.org/S2764846071,2,0.8585,https://openalex.org/W2924093092;https://openalex.org/W2902102801
https://openalex.org/A5113113768,https://openalex.org/S2764846071,3,0.7803,https://openalex.org/W2924093092;https://openalex.org/W2805470984;https://openalex.org/W2902102801
https://openalex.org/A5080348548,https://openalex.org/S2485537415,4,0.7638,https://openalex.org/W3216440707;https://openalex.org/W2897981614;https://openalex.org/W3093580008;https://openalex.org/W4294811342
https://openalex.org/A5029582839,https://openalex.org/S2485537415,2,0.641,https://openalex.org/W2995485526;https://openalex.org/W4405269896
https://openalex.org/A5044120766,https://openalex.org/S2485537415,2,0.8316,https://openalex.org/W3140611135;https://openalex.org/W4400579165
https://openalex.org/A5034159054,https://openalex.org/S202381698,3,0.7962,https://openalex.org/W4362521891;https://openalex.org/W2800101573;https://openalex.org/W4405092228
https://openalex.org/A5026797013,https://openalex.org/S2485537415,3,0.7211,https://openalex.org/W4386275534;https://openalex.org/W4401878928;https://openalex.org/W4285061598
https://openalex.org/A5046343080,https://openalex.org/S4210205812,2,0.9667,https://openalex.org/W3197662463;https://openalex.org/W3194642784
https://openalex.org/A5047846736,https://openalex.org/S4210192031,2,0.8654,https://openalex.org/W4311545701;https://openalex.org/W4286717657
https://openalex.org/A5017025137,https://openalex.org/S4210219776,2,0.5851,https://openalex.org/W4381251876;https://openalex.org/W4310382865
https://openalex.org/A5017025137,https://openalex.org/S4210205812,2,0.5316,https://openalex.org/W4391959090;https://openalex.org/W4404066817
https://openalex.org/A5056113902,https://openalex.org/S101949793,2,0.5908,https://openalex.org/W4388221731;https://openalex.org/W4322772057
https://openalex.org/A5001536467,https://openalex.org/S2485537415,2,0.5493,https://openalex.org/W4386536193;https://openalex.org/W4389428546
https://openalex.org/A5067919401,https://openalex.org/S2729999759,4,0.7285,https://openalex.org/W4381686872;https://openalex.org/W3001434439;https://openalex.org/W2962753370;https://openalex.org/W3136215575
https://openalex.org/A5072417913,https://openalex.org/S4210205812,2,0.7271,https://openalex.org/W4293527323;https://openalex.org/W4297347660
https://openalex.org/A5028514360,https://openalex.org/S4210192031,2,0.939,https://openalex.org/W4402357025;https://openalex.org/W4403835881
https://openalex.org/A5038058440,https://openalex.org/S2485537415,4,0.7467,https://openalex.org/W4395056567;https://openalex.org/W4401069859;https://openalex.org/W4399601462;https://openalex.org/W4404469611
https://openalex.org/A5027095726,https://openalex.org/S2485537415,2,0.6345,https://openalex.org/W4382138536;https://openalex.org/W4293370708
https://openalex.org/A5071305952,https://openalex.org/S4210178049,3,0.725,https://openalex.org/W4391228531;https://openalex.org/W4405726743;https://openalex.org/W4389398188
https://openalex.org/A5063010096,https://openalex.org/S4210206423,2,0.8092,https://openalex.org/W4387763987;https://openalex.org/W4384108464
https://openalex.org/A5066440569,https://openalex.org/S2485537415,3,0.6348,https://openalex.org/W4403598640;https://openalex.org/W4392174004;https://openalex.org/W4401633956
https://openalex.org/A5080664764,https://openalex.org/S2485537415,3,0.6828,https://openalex.org/W4285145194;https://openalex.org/W4393864958;https://openalex.org/W4403295200
https://openalex.org/A5051125028,https://openalex.org/S101949793,3,0.779,https://openalex.org/W4391027668;https://openalex.org/W4402765377;https://openalex.org/W4319316358
https://openalex.org/A5073404100,https://openalex.org/S20211220,4,0.6968,https://openalex.org/W3020238131;https://openalex.org/W4399953397;https://openalex.org/W4405893789;https://openalex.org/W4405283898
https://openalex.org/A5003371787,https://openalex.org/S101949793,2,0.6486,https://openalex.org/W3036519495;https://openalex.org/W4213023492
https://openalex.org/A5033887495,https://openalex.org/S2485537415,2,0.6673,https://openalex.org/W4403674420;https://openalex.org/W3204253572
https://openalex.org/A5033887495,https://openalex.org/S101949793,2,0.8225,https://openalex.org/W3196072164;https://openalex.org/W3110748370
https://openalex.org/A5082979463,https://openalex.org/S2485537415,3,0.8733,https://openalex.org/W4401246653;https://openalex.org/W2900105190;https://openalex.org/W3045938310
https://openalex.org/A5063257512,https://openalex.org/S4210205812,2,0.857,https://openalex.org/W3208863786;https://openalex.org/W4322629485
https://openalex.org/A5100606266,https://openalex.org/S2485537415,2,0.7197,https://openalex.org/W3021199811;https://openalex.org/W3134623377
https://openalex.org/A5048013249,https://openalex.org/S43295729,3,0.8459,https://openalex.org/W4382468330;https://openalex.org/W4401510266;https://openalex.org/W4394693211
https://openalex.org/A5006684633,https://openalex.org/S2485537415,2,0.8473,https://openalex.org/W3004784061;https://openalex.org/W2992521775
https://openalex.org/A5006684633,https://openalex.org/S101949793,2,0.8455,https://openalex.org/W4385358220;https://openalex.org/W3192818697
https://openalex.org/A5069520003,https://openalex.org/S2485537415,3,0.821,https://openalex.org/W3010645399;https://openalex.org/W3145336456;https://openalex.org/W2957767832
https://openalex.org/A5056700552,https://openalex.org/S2485537415,3,0.821,https://openalex.org/W3010645399;https://openalex.org/W3145336456;https://openalex.org/W2957767832
https://openalex.org/A5025685899,https://openalex.org/S196734849,2,0.8784,https://openalex.org/W2745578724;https://openalex.org/W4405843261
https://openalex.org/A5025685899,https://openalex.org/S178776955,2,0.7225,https://openalex.org/W2898551707;https://openalex.org/W2762080095
https://openalex.org/A5046555644,https://openalex.org/S195231649,2,0.7048,https://openalex.org/W2967342924;https://openalex.org/W2999902236
https://openalex.org/A5058594241,https://openalex.org/S4210205812,3,0.7604,https://openalex.org/W3091427154;https://openalex.org/W3196176241;https://openalex.org/W3137599438
https://openalex.org/A5067214173,https://openalex.org/S2729999759,2,0.7372,https://openalex.org/W4285298706;https://openalex.org/W4385859634
https://openalex.org/A5082112397,https://openalex.org/S4210172076,4,0.8353,https://openalex.org/W2988325738;https://openalex.org/W3039652078;https://openalex.org/W3110722024;https://openalex.org/W4312126576
https://openalex.org/A5033558251,https://openalex.org/S2485537415,3,0.6965,https://openalex.org/W4285412986;https://openalex.org/W3135582920;https://openalex.org/W3093674982
https://openalex.org/A5012673747,https://openalex.org/S2485537415,2,0.6731,https://openalex.org/W2977542692;https://openalex.org/W4285130930
https://openalex.org/A5048915657,https://openalex.org/S2729999759,3,0.6631,https://openalex.org/W2570431255;https://openalex.org/W2510403706;https://openalex.org/W1839584883
https://openalex.org/A5100660168,https://openalex.org/S4210205812,2,0.6333,https://openalex.org/W3035394311;https://openalex.org/W3186811744
https://openalex.org/A5100407346,https://openalex.org/S101949793,2,0.7992,https://openalex.org/W2803565927;https://openalex.org/W2984339156
https://openalex.org/A5006869135,https://openalex.org/S2485537415,4,0.6174,https://openalex.org/W2994696538;https://openalex.org/W4386536278;https://openalex.org/W2988847635;https://openalex.org/W4205694765
https://openalex.org/A5043565079,https://openalex.org/S2485537415,3,0.6622,https://openalex.org/W2769676836;https://openalex.org/W4402217765;https://openalex.org/W4387546350
https://openalex.org/A5100752720,https://openalex.org/S4210219776,2,0.7812,https://openalex.org/W2617625325;https://openalex.org/W2800866107
https://openalex.org/A5011141471,https://openalex.org/S2485537415,2,0.6963,https://openalex.org/W3109549323;https://openalex.org/W3188425338
https://openalex.org/A5080888075,https://openalex.org/S4210177785,4,0.8341,https://openalex.org/W2912250273;https://openalex.org/W2738769391;https://openalex.org/W2793249006;https://openalex.org/W2906465680
https://openalex.org/A5039348608,https://openalex.org/S196734849,2,0.8635,https://openalex.org/W4398781593;https://openalex.org/W3205057988
https://openalex.org/A5039348608,https://openalex.org/S4210177785,2,0.7977,https://openalex.org/W2751126092;https://openalex.org/W2533907245
https://openalex.org/A5034083660,https://openalex.org/S196734849,2,0.8638,https://openalex.org/W3162016615;https://openalex.org/W3205057988
https://openalex.org/A5034083660,https://openalex.org/S4210177785,2,0.7977,https://openalex.org/W2751126092;https://openalex.org/W2533907245
https://openalex.org/A5049386377,https://openalex.org/S4210205812,2,0.8305,https://openalex.org/W4362608848;https://openalex.org/W3210440504
https://openalex.org/A5053721942,https://openalex.org/S2485537415,2,0.7799,https://openalex.org/W2953143151;https://openalex.org/W2889035719
https://openalex.org/A5010806818,https://openalex.org/S2485537415,3,0.7203,https://openalex.org/W3037937102;https://openalex.org/W2902708118;https://openalex.org/W2912785012
https://openalex.org/A5100356635,https://openalex.org/S2485537415,2,0.6825,https://openalex.org/W3120856336;https://openalex.org/W3048717973
https://openalex.org/A5100356635,https://openalex.org/S195231649,2,0.6202,https://openalex.org/W4387422852;https://openalex.org/W4387843736
https://openalex.org/A5072389850,https://openalex.org/S195231649,2,0.6202,https://openalex.org/W4387422852;https://openalex.org/W4387843736
https://openalex.org/A5022399023,https://openalex.org/S2485537415,4,0.804,https://openalex.org/W3134954698;https://openalex.org/W2972256350;https://openalex.org/W3020340069;https://openalex.org/W3005448316
https://openalex.org/A5014961410,https://openalex.org/S2485537415,3,0.7657,https://openalex.org/W2945887213;https://openalex.org/W3047833017;https://openalex.org/W2992558707
https://openalex.org/A5018501285,https://openalex.org/S101949793,2,0.7671,https://openalex.org/W3036971864;https://openalex.org/W2887320834
https://openalex.org/A5018501285,https://openalex.org/S2485537415,2,0.8741,https://openalex.org/W4404914429;https://openalex.org/W3178853440
https://openalex.org/A5058253407,https://openalex.org/S101949793,2,0.644,https://openalex.org/W2547544609;https://openalex.org/W4212802944
https://openalex.org/A5100348617,https://openalex.org/S43295729,2,0.724,https://openalex.org/W4288721502;https://openalex.org/W4308121896
https://openalex.org/A5075411914,https://openalex.org/S4210177785,2,0.7984,https://openalex.org/W4313529762;https://openalex.org/W2955987583
https://openalex.org/A5067332736,https://openalex.org/S2485537415,4,0.6732,https://openalex.org/W2912010041;https://openalex.org/W2979753287;https://openalex.org/W2946229570;https://openalex.org/W2915003171
https://openalex.org/A5069933043,https://openalex.org/S2485537415,4,0.6926,https://openalex.org/W3090474612;https://openalex.org/W4206596421;https://openalex.org/W4391454566;https://openalex.org/W3128032569
https://openalex.org/A5003627780,https://openalex.org/S4210205812,2,0.7167,https://openalex.org/W3128527071;https://openalex.org/W3207710923
https://openalex.org/A5101544979,https://openalex.org/S2485537415,3,0.7046,https://openalex.org/W2735584150;https://openalex.org/W2743219614;https://openalex.org/W2773997834
https://openalex.org/A5058762356,https://openalex.org/S2485537415,2,0.814,https://openalex.org/W4285222470;https://openalex.org/W2918555272
https://openalex.org/A5058762356,https://openalex.org/S207319443,2,0.857,https://openalex.org/W3162632210;https://openalex.org/W3203207319
https://openalex.org/A5051101842,https://openalex.org/S2485537415,3,0.7557,https://openalex.org/W3187459817;https://openalex.org/W4380881469;https://openalex.org/W4297094915
https://openalex.org/A5087621349,https://openalex.org/S2485537415,4,0.6756,https://openalex.org/W2964737815;https://openalex.org/W2908377234;https://openalex.org/W2987084308;https://openalex.org/W3000172280
https://openalex.org/A5001571390,https://openalex.org/S2485537415,4,0.6332,https://openalex.org/W3007667276;https://openalex.org/W3003693574;https://openalex.org/W4205282737;https://openalex.org/W3201801356
https://openalex.org/A5011466065,https://openalex.org/S202381698,2,0.6353,https://openalex.org/W2564768568;https://openalex.org/W3187560926
https://openalex.org/A5077655502,https://openalex.org/S2485537415,3,0.8127,https://openalex.org/W2971741626;https://openalex.org/W3106428744;https://openalex.org/W3146530908
https://openalex.org/A5067451440,https://openalex.org/S2485537415,2,0.8379,https://openalex.org/W2767225265;https://openalex.org/W3048784946
https://openalex.org/A5087247680,https://openalex.org/S2485537415,3,0.7428,https://openalex.org/W3046082810;https://openalex.org/W2909082165;https://openalex.org/W3097756421
https://openalex.org/A5050435146,https://openalex.org/S2485537415,2,0.6011,https://openalex.org/W2898468067;https://openalex.org/W3165514883
https://openalex.org/A5065153070,https://openalex.org/S107516304,2,0.7938,https://openalex.org/W3108089567;https://openalex.org/W4281480917
https://openalex.org/A5109365133,https://openalex.org/S4210205812,3,0.6575,https://openalex.org/W3027558920;https://openalex.org/W3143003892;https://openalex.org/W3089581105
https://openalex.org/A5039833822,https://openalex.org/S2485537415,2,0.9131,https://openalex.org/W3095232705;https://openalex.org/W4312822384
https://openalex.org/A5039833822,https://openalex.org/S4210205812,2,0.8113,https://openalex.org/W4403598486;https://openalex.org/W4397022466
https://openalex.org/A5024811407,https://openalex.org/S2485537415,2,0.5762,https://openalex.org/W4285138359;https://openalex.org/W4205120146
https://openalex.org/A5015611293,https://openalex.org/S2485537415,2,0.7341,https://openalex.org/W4296473275;https://openalex.org/W4386524157
https://openalex.org/A5013908300,https://openalex.org/S4210177785,4,0.8908,https://openalex.org/W3118840012;https://openalex.org/W3168290438;https://openalex.org/W4365815729;https://openalex.org/W3201077454
https://openalex.org/A5076394591,https://openalex.org/S202381698,2,0.778,https://openalex.org/W3174604867;https://openalex.org/W4220788331
https://openalex.org/A5043642303,https://openalex.org/S3035462843,2,0.7986,https://openalex.org/W4288535745;https://openalex.org/W4398220115
https://openalex.org/A5043642303,https://openalex.org/S2764955546,2,0.7897,https://openalex.org/W4293581841;https://openalex.org/W4385335960
https://openalex.org/A5023156035,https://openalex.org/S4210205812,4,0.7632,https://openalex.org/W4399042379;https://openalex.org/W4386250719;https://openalex.org/W4390805862;https://openalex.org/W3212672225
https://openalex.org/A5100337209,https://openalex.org/S2485537415,2,0.6636,https://openalex.org/W2964583479;https://openalex.org/W2799126587
https://openalex.org/A5025420478,https://openalex.org/S2485537415,3,0.7965,https://openalex.org/W2789326804;https://openalex.org/W4226400506;https://openalex.org/W3161223230
https://openalex.org/A5080158125,https://openalex.org/S4210177785,4,0.8365,https://openalex.org/W4308888978;https://openalex.org/W4396216118;https://openalex.org/W3017072419;https://openalex.org/W3042885143
https://openalex.org/A5100384727,https://openalex.org/S190629608,2,0.6898,https://openalex.org/W4391361641;https://openalex.org/W3208313084
https://openalex.org/A5010318941,https://openalex.org/S2485537415,3,0.8888,https://openalex.org/W2894849172;https://openalex.org/W4285038778;https://openalex.org/W4386472892
https://openalex.org/A5073822077,https://openalex.org/S155526855,2,0.7892,https://openalex.org/W1930176176;https://openalex.org/W2950568044
https://openalex.org/A5034613932,https://openalex.org/S2485537415,3,0.8146,https://openalex.org/W3135959923;https://openalex.org/W3150538710;https://openalex.org/W3046650424
https://openalex.org/A5077586396,https://openalex.org/S107516304,2,0.7938,https://openalex.org/W3108089567;https://openalex.org/W4281480917
https://openalex.org/A5062591167,https://openalex.org/S101949793,2,0.7404,https://openalex.org/W4224233852;https://openalex.org/W3216833217
https://openalex.org/A5111972280,https://openalex.org/S4210192031,2,0.7167,https://openalex.org/W2995550338;https://openalex.org/W3006986403
https://openalex.org/A5027175315,https://openalex.org/S202381698,2,0.69,https://openalex.org/W2905753780;https://openalex.org/W2801599720
https://openalex.org/A5027175315,https://openalex.org/S2485537415,2,0.743,https://openalex.org/W4291910406;https://openalex.org/W3141951428
https://openalex.org/A5007301470,https://openalex.org/S207319443,2,0.8861,https://openalex.org/W4322722557;https://openalex.org/W4300863627
https://openalex.org/A5007301470,https://openalex.org/S2485537415,2,0.8879,https://openalex.org/W3045675141;https://openalex.org/W3116815687
https://openalex.org/A5046949056,https://openalex.org/S2485537415,4,0.8023,https://openalex.org/W4391216255;https://openalex.org/W4386362977;https://openalex.org/W4312530056;https://openalex.org/W4380785284
https://openalex.org/A5100763409,https://openalex.org/S4210205812,2,0.6172,https://openalex.org/W3091517403;https://openalex.org/W3199655532
https://openalex.org/A5015041196,https://openalex.org/S2898612692,2,0.821,https://openalex.org/W4404723553;https://openalex.org/W4394859574
https://openalex.org/A5101830057,https://openalex.org/S4210206423,2,0.8026,https://openalex.org/W4403190195;https://openalex.org/W4404958229
https://openalex.org/A5100300843,https://openalex.org/S101949793,3,0.7801,https://openalex.org/W4292553540;https://openalex.org/W4400409116;https://openalex.org/W4400646696
https://openalex.org/A5086438337,https://openalex.org/S2485537415,4,0.8059,https://openalex.org/W3019510337;https://openalex.org/W2980477689;https://openalex.org/W3001441057;https://openalex.org/W2996398454
https://openalex.org/A5101413116,https://openalex.org/S2485537415,3,0.7609,https://openalex.org/W3096813810;https://openalex.org/W3045933227;https://openalex.org/W4393972805
https://openalex.org/A5026073038,https://openalex.org/S4210192031,2,0.8529,https://openalex.org/W4229441976;https://openalex.org/W4297236574
https://openalex.org/A5016554996,https://openalex.org/S4210178049,2,0.7922,https://openalex.org/W3185249749;https://openalex.org/W4394854408
https://openalex.org/A5101672664,https://openalex.org/S178776955,3,0.8044,https://openalex.org/W4385658359;https://openalex.org/W3179575405;https://openalex.org/W4220997510
https://openalex.org/A5026683905,https://openalex.org/S196734849,3,0.723,https://openalex.org/W2407995777;https://openalex.org/W2797337085;https://openalex.org/W4405843308
https://openalex.org/A5030009288,https://openalex.org/S2485537415,3,0.6599,https://openalex.org/W4382752155;https://openalex.org/W2999918333;https://openalex.org/W3043962629
https://openalex.org/A5011840659,https://openalex.org/S2485537415,3,0.6728,https://openalex.org/W3136181012;https://openalex.org/W4323020953;https://openalex.org/W3088878551
https://openalex.org/A5043741534,https://openalex.org/S2485537415,3,0.8289,https://openalex.org/W4285817834;https://openalex.org/W3194963579;https://openalex.org/W3094651830
https://openalex.org/A5087519542,https://openalex.org/S178776955,3,0.8362,https://openalex.org/W4367173110;https://openalex.org/W4286490899;https://openalex.org/W4392595228
https://openalex.org/A5032295494,https://openalex.org/S2485537415,4,0.6795,https://openalex.org/W2735584150;https://openalex.org/W2990517999;https://openalex.org/W2743219614;https://openalex.org/W2773997834
https://openalex.org/A5100345786,https://openalex.org/S101949793,2,0.8217,https://openalex.org/W2766432229;https://openalex.org/W2809234301
https://openalex.org/A5103085805,https://openalex.org/S2729999759,3,0.6978,https://openalex.org/W3185979432;https://openalex.org/W2774940746;https://openalex.org/W4385859634
https://openalex.org/A5100636658,https://openalex.org/S4210205812,2,0.857,https://openalex.org/W3208863786;https://openalex.org/W4322629485
https://openalex.org/A5074401924,https://openalex.org/S2485537415,2,0.8965,https://openalex.org/W3096387087;https://openalex.org/W3210319947
https://openalex.org/A5018868023,https://openalex.org/S17147534,2,0.8541,https://openalex.org/W3211382224;https://openalex.org/W4285817165
https://openalex.org/A5021775532,https://openalex.org/S4210173132,2,0.8222,https://openalex.org/W4383227027;https://openalex.org/W4385616960
https://openalex.org/A5059775848,https://openalex.org/S4210192031,3,0.6888,https://openalex.org/W4400808276;https://openalex.org/W4401067561;https://openalex.org/W4405188486
https://openalex.org/A5030967950,https://openalex.org/S2485537415,2,0.7502,https://openalex.org/W3122748288;https://openalex.org/W4390204239
https://openalex.org/A5030967950,https://openalex.org/S139930977,2,0.8123,https://openalex.org/W2511246649;https://openalex.org/W4298091974
https://openalex.org/A5101769043,https://openalex.org/S101949793,4,0.809,https://openalex.org/W4205341374;https://openalex.org/W3196962087;https://openalex.org/W4211050207;https://openalex.org/W3132667007
https://openalex.org/A5087620056,https://openalex.org/S2485537415,2,0.869,https://openalex.org/W4313477820;https://openalex.org/W4294811231
https://openalex.org/A5069884464,https://openalex.org/S4210205812,2,0.6066,https://openalex.org/W4303578926;https://openalex.org/W4280644658
https://openalex.org/A5074623625,https://openalex.org/S202381698,4,0.8195,https://openalex.org/W4383506623;https://openalex.org/W4385754981;https://openalex.org/W4280507017;https://openalex.org/W4390496682
https://openalex.org/A5041083459,https://openalex.org/S2485537415,3,0.7276,https://openalex.org/W3106756765;https://openalex.org/W3096072226;https://openalex.org/W2979137222
https://openalex.org/A5005053437,https://openalex.org/S52395412,2,0.8149,https://openalex.org/W2922239620;https://openalex.org/W3203183413
https://openalex.org/A5103328740,https://openalex.org/S4210219776,2,0.7143,https://openalex.org/W3023160946;https://openalex.org/W4283799773
https://openalex.org/A5000005424,https://openalex.org/S2485537415,4,0.6754,https://openalex.org/W3088085086;https://openalex.org/W4285066558;https://openalex.org/W2990386266;https://openalex.org/W4365807638
https://openalex.org/A5055757510,https://openalex.org/S2485537415,3,0.7086,https://openalex.org/W3025887701;https://openalex.org/W3157976823;https://openalex.org/W3181622257
https://openalex.org/A5017499347,https://openalex.org/S2737955091,2,0.8354,https://openalex.org/W4284713787;https://openalex.org/W4386307926
https://openalex.org/A5022474498,https://openalex.org/S2485537415,4,0.6347,https://openalex.org/W4401210375;https://openalex.org/W4403095508;https://openalex.org/W4394966870;https://openalex.org/W4386320374
https://openalex.org/A5023524652,https://openalex.org/S202381698,2,0.7494,https://openalex.org/W4291008710;https://openalex.org/W4393929058
https://openalex.org/A5075386896,https://openalex.org/S4210205812,3,0.694,https://openalex.org/W4405925681;https://openalex.org/W4322629454;https://openalex.org/W4393900856
https://openalex.org/A5057295313,https://openalex.org/S2485537415,4,0.7623,https://openalex.org/W2987573151;https://openalex.org/W4392543717;https://openalex.org/W4391892412;https://openalex.org/W3165891254
https://openalex.org/A5100398242,https://openalex.org/S137468011,2,0.7181,https://openalex.org/W3197536313;https://openalex.org/W4311803301
https://openalex.org/A5012988436,https://openalex.org/S190629608,2,0.6279,https://openalex.org/W4323855133;https://openalex.org/W4381461339
https://openalex.org/A5091716203,https://openalex.org/S196734849,3,0.8522,https://openalex.org/W4400401916;https://openalex.org/W4381190358;https://openalex.org/W4387950318
https://openalex.org/A5018168193,https://openalex.org/S196734849,2,0.7256,https://openalex.org/W4390012859;https://openalex.org/W4383343039
https://openalex.org/A5018168193,https://openalex.org/S2898612692,2,0.8065,https://openalex.org/W4393951060;https://openalex.org/W4388450680
https://openalex.org/A5015299890,https://openalex.org/S196734849,2,0.7488,https://openalex.org/W4367312982;https://openalex.org/W4388335322
https://openalex.org/A5015299890,https://openalex.org/S2485537415,2,0.6106,https://openalex.org/W2762748827;https://openalex.org/W2767312243
https://openalex.org/A5004866559,https://openalex.org/S2485537415,2,0.8604,https://openalex.org/W2964240490;https://openalex.org/W2964276548
https://openalex.org/A5004866559,https://openalex.org/S195231649,2,0.8316,https://openalex.org/W2803970458;https://openalex.org/W2941846502
https://openalex.org/A5055244952,https://openalex.org/S195231649,2,0.8356,https://openalex.org/W3199178291;https://openalex.org/W3143746401
https://openalex.org/A5046524792,https://openalex.org/S195231649,2,0.8356,https://openalex.org/W3199178291;https://openalex.org/W3143746401
https://openalex.org/A5089242361,https://openalex.org/S195231649,2,0.8356,https://openalex.org/W3199178291;https://openalex.org/W3143746401
https://openalex.org/A5067508321,https://openalex.org/S4210177785,4,0.8217,https://openalex.org/W3048603647;https://openalex.org/W2906087715;https://openalex.org/W4281923263;https://openalex.org/W4226070044
https://openalex.org/A5012694577,https://openalex.org/S4210205812,3,0.668,https://openalex.org/W4401535404;https://openalex.org/W4309544507;https://openalex.org/W4386307206
https://openalex.org/A5067088014,https://openalex.org/S2485537415,3,0.6112,https://openalex.org/W3125856089;https://openalex.org/W4385153959;https://openalex.org/W3034354639
https://openalex.org/A5038916444,https://openalex.org/S4210205812,3,0.786,https://openalex.org/W4224991115;https://openalex.org/W4385704401;https://openalex.org/W4382403396
https://openalex.org/A5085073001,https://openalex.org/S4210238752,3,0.7985,https://openalex.org/W4405441697;https://openalex.org/W3027282180;https://openalex.org/W2963219110
https://openalex.org/A5071929303,https://openalex.org/S2485537415,2,0.7484,https://openalex.org/W4392007333;https://openalex.org/W4403095871
https://openalex.org/A5100687323,https://openalex.org/S4210192031,3,0.6414,https://openalex.org/W4400363345;https://openalex.org/W4404482210;https://openalex.org/W4289524420
https://openalex.org/A5083368750,https://openalex.org/S2485537415,2,0.556,https://openalex.org/W4361984769;https://openalex.org/W4385339003
https://openalex.org/A5067697686,https://openalex.org/S178776955,4,0.8171,https://openalex.org/W4388020241;https://openalex.org/W4393564367;https://openalex.org/W4385347174;https://openalex.org/W4400742111
https://openalex.org/A5080014791,https://openalex.org/S2485537415,3,0.566,https://openalex.org/W3206671553;https://openalex.org/W4390187301;https://openalex.org/W3118174724
https://openalex.org/A5054333186,https://openalex.org/S4210205812,3,0.7569,https://openalex.org/W4387408641;https://openalex.org/W4310236396;https://openalex.org/W4392189592
https://openalex.org/A5079543723,https://openalex.org/S2485537415,2,0.7905,https://openalex.org/W4391984631;https://openalex.org/W4391855541
https://openalex.org/A5078410336,https://openalex.org/S2485537415,2,0.7962,https://openalex.org/W4312587903;https://openalex.org/W4386280824
https://openalex.org/A5108047848,https://openalex.org/S3035462843,2,0.9093,https://openalex.org/W4392372091;https://openalex.org/W4398240896
https://openalex.org/A5100701225,https://openalex.org/S178776955,4,0.8171,https://openalex.org/W4388020241;https://openalex.org/W4393564367;https://openalex.org/W4385347174;https://openalex.org/W4400742111
https://openalex.org/A5100708875,https://openalex.org/S2485537415,4,0.8175,https://openalex.org/W3207886734;https://openalex.org/W4389352593;https://openalex.org/W3187784453;https://openalex.org/W4389747926
https://openalex.org/A5078390032,https://openalex.org/S2729999759,4,0.7185,https://openalex.org/W4380995299;https://openalex.org/W3156246620;https://openalex.org/W4402640336;https://openalex.org/W4394871583
https://openalex.org/A5087964642,https://openalex.org/S2485537415,3,0.6823,https://openalex.org/W4392309188;https://openalex.org/W4377966851;https://openalex.org/W4214520787
https://openalex.org/A5074242762,https://openalex.org/S101949793,3,0.6812,https://openalex.org/W3082592266;https://openalex.org/W3212254454;https://openalex.org/W4392865005
https://openalex.org/A5088782416,https://openalex.org/S4210205812,3,0.729,https://openalex.org/W4399624201;https://openalex.org/W4403598596;https://openalex.org/W4405945031
https://openalex.org/A5102920751,https://openalex.org/S2485537415,3,0.7072,https://openalex.org/W4400679579;https://openalex.org/W4367164336;https://openalex.org/W4390187158
https://openalex.org/A5043316752,https://openalex.org/S2485537415,2,0.8534,https://openalex.org/W4205854246;https://openalex.org/W4389891277
https://openalex.org/A5015220542,https://openalex.org/S4210192031,3,0.8424,https://openalex.org/W4404931435;https://openalex.org/W4382448966;https://openalex.org/W4387744395
https://openalex.org/A5041549339,https://openalex.org/S2485537415,3,0.7272,https://openalex.org/W4398151132;https://openalex.org/W3176734149;https://openalex.org/W4403420444
https://openalex.org/A5067320192,https://openalex.org/S17147534,2,0.8326,https://openalex.org/W1930201302;https://openalex.org/W2786814109
https://openalex.org/A5067320192,https://openalex.org/S2764650051,2,0.7718,https://openalex.org/W2555887493;https://openalex.org/W3120954751
https://openalex.org/A5005387471,https://openalex.org/S17147534,2,0.8326,https://openalex.org/W2786814109;https://openalex.org/W1930201302
https://openalex.org/A5005387471,https://openalex.org/S2764650051,2,0.7718,https://openalex.org/W2555887493;https://openalex.org/W3120954751
https://openalex.org/A5051468738,https://openalex.org/S4210177785,3,0.8234,https://openalex.org/W2921675148;https://openalex.org/W3149029499;https://openalex.org/W1532026959
https://openalex.org/A5011055578,https://openalex.org/S4210177785,2,0.7978,https://openalex.org/W2912625945;https://openalex.org/W1529121545
https://openalex.org/A5100731724,https://openalex.org/S2485537415,2,0.6202,https://openalex.org/W2969067394;https://openalex.org/W4312261109
https://openalex.org/A5009604459,https://openalex.org/S195231649,4,0.8257,https://openalex.org/W2579959185;https://openalex.org/W2731253501;https://openalex.org/W2790122812;https://openalex.org/W2773812526
https://openalex.org/A5100700674,https://openalex.org/S2485537415,3,0.8381,https://openalex.org/W2941893836;https://openalex.org/W2977311251;https://openalex.org/W2983922512
https://openalex.org/A5039165136,https://openalex.org/S2485537415,2,0.7977,https://openalex.org/W4379468629;https://openalex.org/W4210631684
https://openalex.org/A5052087501,https://openalex.org/S4210205812,3,0.7668,https://openalex.org/W4210774219;https://openalex.org/W4210419403;https://openalex.org/W4224998975
https://openalex.org/A5089539727,https://openalex.org/S2485537415,2,0.7655,https://openalex.org/W3118913631;https://openalex.org/W2995562199
https://openalex.org/A5036010787,https://openalex.org/S190629608,2,0.5373,https://openalex.org/W3214910743;https://openalex.org/W2749097969
https://openalex.org/A5001601850,https://openalex.org/S139930977,4,0.7453,https://openalex.org/W4392860783;https://openalex.org/W2561521190;https://openalex.org/W3188178217;https://openalex.org/W4391295702
https://openalex.org/A5027585783,https://openalex.org/S4210205812,4,0.6792,https://openalex.org/W3005852761;https://openalex.org/W3119175962;https://openalex.org/W4200223488;https://openalex.org/W4311532761
https://openalex.org/A5089986388,https://openalex.org/S2485537415,4,0.8669,https://openalex.org/W3190013336;https://openalex.org/W3197154997;https://openalex.org/W3040300753;https://openalex.org/W2962700793
https://openalex.org/A5047735571,https://openalex.org/S101949793,2,0.8275,https://openalex.org/W4214551985;https://openalex.org/W4383820155
https://openalex.org/A5047735571,https://openalex.org/S196734849,2,0.7686,https://openalex.org/W4400725244;https://openalex.org/W3213448708
https://openalex.org/A5108768608,https://openalex.org/S2485537415,3,0.8412,https://openalex.org/W2891486768;https://openalex.org/W2999918333;https://openalex.org/W4391164239
https://openalex.org/A5071030042,https://openalex.org/S2485537415,2,0.8766,https://openalex.org/W2891486768;https://openalex.org/W2999918333
https://openalex.org/A5071030042,https://openalex.org/S2729999759,2,0.6962,https://openalex.org/W4404132392;https://openalex.org/W4389777721
https://openalex.org/A5113736630,https://openalex.org/S2485537415,2,0.865,https://openalex.org/W3082329458;https://openalex.org/W2991812981
https://openalex.org/A5100440903,https://openalex.org/S24978797,3,0.6609,https://openalex.org/W3195227903;https://openalex.org/W4377090048;https://openalex.org/W4286206342
https://openalex.org/A5100348301,https://openalex.org/S2485537415,2,0.8775,https://openalex.org/W2945895672;https://openalex.org/W3021540940
https://openalex.org/A5091768235,https://openalex.org/S2485537415,4,0.7524,https://openalex.org/W2974174128;https://openalex.org/W2941799245;https://openalex.org/W2926264417;https://openalex.org/W2942765639
https://openalex.org/A5002132866,https://openalex.org/S2485537415,3,0.7609,https://openalex.org/W3096813810;https://openalex.org/W3045933227;https://openalex.org/W4393972805
https://openalex.org/A5011317656,https://openalex.org/S101949793,3,0.7638,https://openalex.org/W3172677986;https://openalex.org/W3175863571;https://openalex.org/W3046358790
https://openalex.org/A5025406029,https://openalex.org/S4210219776,3,0.7086,https://openalex.org/W2802909724;https://openalex.org/W4376274697;https://openalex.org/W3156983247
https://openalex.org/A5000540474,https://openalex.org/S4210192031,3,0.7528,https://openalex.org/W4328107714;https://openalex.org/W4383068560;https://openalex.org/W4366090944
https://openalex.org/A5084784960,https://openalex.org/S2485537415,2,0.7267,https://openalex.org/W3043424630;https://openalex.org/W3211188186
https://openalex.org/A5103363374,https://openalex.org/S4210177785,2,0.7982,https://openalex.org/W4206738998;https://openalex.org/W4391425656
https://openalex.org/A5037444970,https://openalex.org/S2485537415,2,0.842,https://openalex.org/W2992469153;https://openalex.org/W2955986943
https://openalex.org/A5075337601,https://openalex.org/S2485537415,3,0.885,https://openalex.org/W3177988196;https://openalex.org/W4285038778;https://openalex.org/W4386472892
https://openalex.org/A5033406444,https://openalex.org/S2485537415,2,0.609,https://openalex.org/W2778970600;https://openalex.org/W3048904600
https://openalex.org/A5058877618,https://openalex.org/S2485537415,2,0.7672,https://openalex.org/W3033948091;https://openalex.org/W2971882842
https://openalex.org/A5087780108,https://openalex.org/S202381698,3,0.7111,https://openalex.org/W3161447459;https://openalex.org/W4389725757;https://openalex.org/W4292220009
https://openalex.org/A5030016694,https://openalex.org/S202381698,2,0.7494,https://openalex.org/W4291008710;https://openalex.org/W4393929058
https://openalex.org/A5026514575,https://openalex.org/S2485537415,3,0.914,https://openalex.org/W3097101616;https://openalex.org/W3118687557;https://openalex.org/W3164316111
https://openalex.org/A5031833654,https://openalex.org/S2485537415,2,0.6232,https://openalex.org/W4403446477;https://openalex.org/W4285215180
https://openalex.org/A5012722671,https://openalex.org/S4210219776,2,0.751,https://openalex.org/W4386286111;https://openalex.org/W4322772222
https://openalex.org/A5068354785,https://openalex.org/S4210219776,2,0.8247,https://openalex.org/W2904058445;https://openalex.org/W2912746867
https://openalex.org/A5068354785,https://openalex.org/S2485537415,2,0.7418,https://openalex.org/W2996881991;https://openalex.org/W3049214480
https://openalex.org/A5062527700,https://openalex.org/S2485537415,2,0.7478,https://openalex.org/W2910165910;https://openalex.org/W3004348634
https://openalex.org/A5100652052,https://openalex.org/S2485537415,3,0.8169,https://openalex.org/W3111702039;https://openalex.org/W3170663096;https://openalex.org/W3172248089
https://openalex.org/A5061331291,https://openalex.org/S4210205812,2,0.8651,https://openalex.org/W3196116870;https://openalex.org/W4281644078
https://openalex.org/A5061331291,https://openalex.org/S2485537415,2,0.701,https://openalex.org/W4285127691;https://openalex.org/W4285819014
https://openalex.org/A5081661094,https://openalex.org/S4210228075,3,0.6429,https://openalex.org/W4200568286;https://openalex.org/W4322620041;https://openalex.org/W3153144840
https://openalex.org/A5063576338,https://openalex.org/S4210219776,2,0.6089,https://openalex.org/W4381251876;https://openalex.org/W4392590359
https://openalex.org/A5063576338,https://openalex.org/S4210192031,2,0.6143,https://openalex.org/W4303856703;https://openalex.org/W4210342719
https://openalex.org/A5043145803,https://openalex.org/S202381698,3,0.8617,https://openalex.org/W4295908057;https://openalex.org/W4210642667;https://openalex.org/W4378195328
https://openalex.org/A5047549154,https://openalex.org/S196734849,3,0.7277,https://openalex.org/W4283320911;https://openalex.org/W2948394366;https://openalex.org/W2603413303
https://openalex.org/A5028206076,https://openalex.org/S202381698,2,0.8897,https://openalex.org/W3143418328;https://openalex.org/W4313545247
https://openalex.org/A5047166646,https://openalex.org/S196734849,3,0.6359,https://openalex.org/W4319925257;https://openalex.org/W4392818002;https://openalex.org/W3213448708
https://openalex.org/A5107869419,https://openalex.org/S3569471,2,0.7936,https://openalex.org/W2751182961;https://openalex.org/W2737602068
https://openalex.org/A5019863253,https://openalex.org/S155526855,3,0.7143,https://openalex.org/W2795439700;https://openalex.org/W2526805204;https://openalex.org/W4388691884
https://openalex.org/A5058024618,https://openalex.org/S195231649,4,0.7809,https://openalex.org/W2579959185;https://openalex.org/W3028451766;https://openalex.org/W2790122812;https://openalex.org/W2773812526
https://openalex.org/A5001882647,https://openalex.org/S2485537415,2,0.7976,https://openalex.org/W3085778398;https://openalex.org/W4386232438
https://openalex.org/A5040575439,https://openalex.org/S2485537415,4,0.7302,https://openalex.org/W3200819495;https://openalex.org/W4285228649;https://openalex.org/W3013898566;https://openalex.org/W2974125466
https://openalex.org/A5024724875,https://openalex.org/S4210219776,2,0.7328,https://openalex.org/W4200579154;https://openalex.org/W4207046799
https://openalex.org/A5100424999,https://openalex.org/S178776955,3,0.8362,https://openalex.org/W4367173110;https://openalex.org/W4286490899;https://openalex.org/W4392595228
https://openalex.org/A5091148707,https://openalex.org/S2485537415,4,0.7173,https://openalex.org/W3046809173;https://openalex.org/W2969031145;https://openalex.org/W2946983027;https://openalex.org/W3005350407
https://openalex.org/A5101919658,https://openalex.org/S2485537415,2,0.7577,https://openalex.org/W3123048677;https://openalex.org/W3035018820
https://openalex.org/A5085336408,https://openalex.org/S4210192031,2,0.8575,https://openalex.org/W4385603732;https://openalex.org/W4318215046
https://openalex.org/A5076665413,https://openalex.org/S195231649,3,0.6482,https://openalex.org/W2729098382;https://openalex.org/W4385226602;https://openalex.org/W4382136344
https://openalex.org/A5007020545,https://openalex.org/S4210205812,2,0.6958,https://openalex.org/W4404528087;https://openalex.org/W4394913591
https://openalex.org/A5013472329,https://openalex.org/S155526855,2,0.776,https://openalex.org/W4388834668;https://openalex.org/W2908834655
https://openalex.org/A5101831864,https://openalex.org/S101949793,2,0.8348,https://openalex.org/W2900437198;https://openalex.org/W4384341189
https://openalex.org/A5032920765,https://openalex.org/S4210192031,3,0.6837,https://openalex.org/W3213706929;https://openalex.org/W4210783546;https://openalex.org/W3137076710
https://openalex.org/A5012776735,https://openalex.org/S195231649,2,0.6963,https://openalex.org/W2965255203;https://openalex.org/W3160911599
https://openalex.org/A5014885546,https://openalex.org/S4210173132,3,0.874,https://openalex.org/W4390501846;https://openalex.org/W4402050979;https://openalex.org/W4289109738
https://openalex.org/A5054720315,https://openalex.org/S4210205812,2,0.7636,https://openalex.org/W3131525935;https://openalex.org/W4205255874
https://openalex.org/A5054720315,https://openalex.org/S207319443,2,0.7211,https://openalex.org/W2579283467;https://openalex.org/W4307811458
https://openalex.org/A5077641909,https://openalex.org/S2485537415,3,0.6417,https://openalex.org/W4382862484;https://openalex.org/W4400187958;https://openalex.org/W4285199256
https://openalex.org/A5066506917,https://openalex.org/S101949793,2,0.8275,https://openalex.org/W4214551985;https://openalex.org/W4383820155
https://openalex.org/A5066506917,https://openalex.org/S196734849,2,0.7686,https://openalex.org/W4400725244;https://openalex.org/W3213448708
https://openalex.org/A5081065040,https://openalex.org/S4210178049,2,0.8908,https://openalex.org/W4387904657;https://openalex.org/W4400367311
https://openalex.org/A5103061977,https://openalex.org/S4210205812,3,0.7294,https://openalex.org/W4295765453;https://openalex.org/W4224229733;https://openalex.org/W4399289455
https://openalex.org/A5063343191,https://openalex.org/S3035462843,3,0.8278,https://openalex.org/W4313812508;https://openalex.org/W3213042384;https://openalex.org/W4322503868
https://openalex.org/A5028853933,https://openalex.org/S2485537415,2,0.6659,https://openalex.org/W3208020934;https://openalex.org/W3155307902
https://openalex.org/A5100384175,https://openalex.org/S2485537415,4,0.6428,https://openalex.org/W3094041250;https://openalex.org/W2966167458;https://openalex.org/W2981851169;https://openalex.org/W2960586030
https://openalex.org/A5041017781,https://openalex.org/S101949793,3,0.8005,https://openalex.org/W2901247895;https://openalex.org/W2908702093;https://openalex.org/W2805828916
https://openalex.org/A5088064249,https://openalex.org/S2485537415,2,0.7636,https://openalex.org/W3037880707;https://openalex.org/W4403936868
https://openalex.org/A5088064249,https://openalex.org/S101949793,2,0.7482,https://openalex.org/W4405078558;https://openalex.org/W4400941781
https://openalex.org/A5101744904,https://openalex.org/S2485537415,2,0.6367,https://openalex.org/W4400187958;https://openalex.org/W4285021564
https://openalex.org/A5101744904,https://openalex.org/S43295729,2,0.859,https://openalex.org/W4295094751;https://openalex.org/W4285006229
https://openalex.org/A5064163755,https://openalex.org/S2485537415,2,0.6367,https://openalex.org/W4400187958;https://openalex.org/W4285021564
https://openalex.org/A5064163755,https://openalex.org/S43295729,2,0.859,https://openalex.org/W4295094751;https://openalex.org/W4285006229
https://openalex.org/A5078530959,https://openalex.org/S2729999759,4,0.6847,https://openalex.org/W4402227401;https://openalex.org/W1911647372;https://openalex.org/W4404577235;https://openalex.org/W2511632062
https://openalex.org/A5020329509,https://openalex.org/S4511983,2,0.738,https://openalex.org/W3162788679;https://openalex.org/W4392949976
https://openalex.org/A5101023288,https://openalex.org/S3569471,2,0.7424,https://openalex.org/W3007416014;https://openalex.org/W2979800178
https://openalex.org/A5027890106,https://openalex.org/S101949793,2,0.7696,https://openalex.org/W2903465080;https://openalex.org/W3128078435
https://openalex.org/A5037077763,https://openalex.org/S2485537415,4,0.7224,https://openalex.org/W2946266973;https://openalex.org/W3210303240;https://openalex.org/W2964157387;https://openalex.org/W3034442859
https://openalex.org/A5043808428,https://openalex.org/S4210192031,3,0.684,https://openalex.org/W3216637387;https://openalex.org/W3201158249;https://openalex.org/W4311969561
https://openalex.org/A5042100967,https://openalex.org/S207319443,3,0.6864,https://openalex.org/W2886553409;https://openalex.org/W2889661415;https://openalex.org/W4304588900
https://openalex.org/A5053534802,https://openalex.org/S2485537415,2,0.6604,https://openalex.org/W2955986943;https://openalex.org/W2901663594
https://openalex.org/A5028531406,https://openalex.org/S34838331,3,0.7315,https://openalex.org/W4366829648;https://openalex.org/W4224939791;https://openalex.org/W4313582814
https://openalex.org/A5069710434,https://openalex.org/S195231649,2,0.5979,https://openalex.org/W4282946014;https://openalex.org/W4220667844
https://openalex.org/A5080798381,https://openalex.org/S2485537415,2,0.6525,https://openalex.org/W4285275059;https://openalex.org/W2917731813
https://openalex.org/A5004892921,https://openalex.org/S2485537415,4,0.8196,https://openalex.org/W4392567326;https://openalex.org/W4381250521;https://openalex.org/W3122808444;https://openalex.org/W2923682622
https://openalex.org/A5100621580,https://openalex.org/S3035462843,2,0.7389,https://openalex.org/W3196117461;https://openalex.org/W4381587093
https://openalex.org/A5037672312,https://openalex.org/S3569471,4,0.7452,https://openalex.org/W2751182961;https://openalex.org/W2608813237;https://openalex.org/W2222132570;https://openalex.org/W2737602068
https://openalex.org/A5053487344,https://openalex.org/S2485537415,2,0.6229,https://openalex.org/W2967190996;https://openalex.org/W3195566117
https://openalex.org/A5053487344,https://openalex.org/S43295729,2,0.8117,https://openalex.org/W4361018949;https://openalex.org/W4405293693
https://openalex.org/A5008111431,https://openalex.org/S107516304,2,0.7405,https://openalex.org/W2901135493;https://openalex.org/W3112305567
https://openalex.org/A5067164993,https://openalex.org/S4210192031,3,0.6967,https://openalex.org/W4323314976;https://openalex.org/W4379422005;https://openalex.org/W4396237732
https://openalex.org/A5021771855,https://openalex.org/S190629608,3,0.7358,https://openalex.org/W2895654611;https://openalex.org/W3084956636;https://openalex.org/W4404973628
https://openalex.org/A5054702314,https://openalex.org/S4210192031,3,0.6838,https://openalex.org/W4224232273;https://openalex.org/W4296360039;https://openalex.org/W3193810005
https://openalex.org/A5079948428,https://openalex.org/S4210192031,2,0.8043,https://openalex.org/W4288068993;https://openalex.org/W4289731297
https://openalex.org/A5048984566,https://openalex.org/S149016011,3,0.8841,https://openalex.org/W4403390309;https://openalex.org/W4388262459;https://openalex.org/W4380995532
https://openalex.org/A5079178706,https://openalex.org/S2485537415,4,0.6769,https://openalex.org/W2980950969;https://openalex.org/W2609996576;https://openalex.org/W4404914636;https://openalex.org/W2884175112
https://openalex.org/A5016374907,https://openalex.org/S4210216316,4,0.728,https://openalex.org/W3182871827;https://openalex.org/W4292359990;https://openalex.org/W2496931031;https://openalex.org/W4385373752
https://openalex.org/A5068130953,https://openalex.org/S2485537415,3,0.7708,https://openalex.org/W4226407513;https://openalex.org/W3038946826;https://openalex.org/W4396594856
https://openalex.org/A5058396473,https://openalex.org/S196734849,2,0.6216,https://openalex.org/W4389048133;https://openalex.org/W4404449405
https://openalex.org/A5037485851,https://openalex.org/S4210205812,3,0.7324,https://openalex.org/W4363675415;https://openalex.org/W4360615713;https://openalex.org/W4391682752
https://openalex.org/A5017251198,https://openalex.org/S2485537415,3,0.6581,https://openalex.org/W2951123823;https://openalex.org/W2991644953;https://openalex.org/W2950754393
https://openalex.org/A5065941078,https://openalex.org/S195231649,2,0.8775,https://openalex.org/W2945684526;https://openalex.org/W2944466891
https://openalex.org/A5062615685,https://openalex.org/S127898559,4,0.7696,https://openalex.org/W3201942011;https://openalex.org/W2786371775;https://openalex.org/W2510706041;https://openalex.org/W3157937537
https://openalex.org/A5101967201,https://openalex.org/S101949793,3,0.6812,https://openalex.org/W3082592266;https://openalex.org/W3212254454;https://openalex.org/W4392865005
https://openalex.org/A5012874444,https://openalex.org/S195231649,3,0.7025,https://openalex.org/W4396218991;https://openalex.org/W3200824799;https://openalex.org/W3174504784
https://openalex.org/A5065011438,https://openalex.org/S3569471,2,0.8145,https://openalex.org/W4206304878;https://openalex.org/W4293082518
https://openalex.org/A5100354571,https://openalex.org/S2485537415,2,0.7265,https://openalex.org/W2954981906;https://openalex.org/W2921324918
https://openalex.org/A5055531045,https://openalex.org/S4210192031,2,0.8284,https://openalex.org/W4229439893;https://openalex.org/W4378619223
https://openalex.org/A5082908237,https://openalex.org/S3569471,2,0.8545,https://openalex.org/W4404874526;https://openalex.org/W4321788371
https://openalex.org/A5082908237,https://openalex.org/S43295729,2,0.9109,https://openalex.org/W4293660975;https://openalex.org/W4308866386
https://openalex.org/A5068330560,https://openalex.org/S190629608,2,0.6409,https://openalex.org/W3102209588;https://openalex.org/W3205976355
https://openalex.org/A5101573857,https://openalex.org/S2485537415,3,0.7528,https://openalex.org/W4312854033;https://openalex.org/W4327521659;https://openalex.org/W3041096702
https://openalex.org/A5088379917,https://openalex.org/S101949793,3,0.7826,https://openalex.org/W4283324326;https://openalex.org/W4214720525;https://openalex.org/W2265672336
https://openalex.org/A5044369023,https://openalex.org/S4210172076,2,0.8612,https://openalex.org/W4200599159;https://openalex.org/W4396953284
https://openalex.org/A5100782869,https://openalex.org/S2764955546,2,0.6216,https://openalex.org/W4212803274;https://openalex.org/W3120486233
https://openalex.org/A5017534262,https://openalex.org/S9692511,3,0.8114,https://openalex.org/W3016039392;https://openalex.org/W3127389764;https://openalex.org/W3094560635
https://openalex.org/A5057747903,https://openalex.org/S2738286576,4,0.8119,https://openalex.org/W2600062743;https://openalex.org/W2584170221;https://openalex.org/W4313475704;https://openalex.org/W2799459022
https://openalex.org/A5009604048,https://openalex.org/S107516304,2,0.7397,https://openalex.org/W4294763143;https://openalex.org/W2935480159
https://openalex.org/A5085523573,https://openalex.org/S34838331,3,0.6916,https://openalex.org/W4224939791;https://openalex.org/W4313582814;https://openalex.org/W4297198442
https://openalex.org/A5022644154,https://openalex.org/S195231649,2,0.6499,https://openalex.org/W4296307153;https://openalex.org/W3211288144
https://openalex.org/A5006352222,https://openalex.org/S195231649,2,0.6395,https://openalex.org/W4285088511;https://openalex.org/W4293776723
https://openalex.org/A5082363692,https://openalex.org/S137468011,4,0.7497,https://openalex.org/W2973270235;https://openalex.org/W4245071968;https://openalex.org/W3198903880;https://openalex.org/W2569975586
https://openalex.org/A5086614839,https://openalex.org/S4210216316,4,0.8711,https://openalex.org/W4289767071;https://openalex.org/W4386211643;https://openalex.org/W4232416044;https://openalex.org/W4386211478
https://openalex.org/A5036503167,https://openalex.org/S4210219776,3,0.7086,https://openalex.org/W2802909724;https://openalex.org/W4376274697;https://openalex.org/W3156983247
https://openalex.org/A5035082537,https://openalex.org/S196734849,3,0.772,https://openalex.org/W2948394366;https://openalex.org/W2603413303;https://openalex.org/W2891816967
https://openalex.org/A5000628500,https://openalex.org/S4210216316,2,0.7632,https://openalex.org/W3088074035;https://openalex.org/W3201309899
https://openalex.org/A5052577422,https://openalex.org/S4210216316,2,0.7632,https://openalex.org/W3088074035;https://openalex.org/W3201309899
https://openalex.org/A5034672297,https://openalex.org/S4210216316,2,0.7632,https://openalex.org/W3088074035;https://openalex.org/W3201309899
https://openalex.org/A5102854017,https://openalex.org/S2485537415,2,0.7147,https://openalex.org/W3009874600;https://openalex.org/W3015172951
https://openalex.org/A5063283689,https://openalex.org/S2729999759,4,0.8038,https://openalex.org/W3045654902;https://openalex.org/W4313459352;https://openalex.org/W2929068185;https://openalex.org/W3202673127
https://openalex.org/A5036276180,https://openalex.org/S2485537415,3,0.914,https://openalex.org/W3097101616;https://openalex.org/W3118687557;https://openalex.org/W3164316111
https://openalex.org/A5052933412,https://openalex.org/S4511983,2,0.7036,https://openalex.org/W3000350232;https://openalex.org/W2768706527
https://openalex.org/A5069200204,https://openalex.org/S4210192031,4,0.8027,https://openalex.org/W3087339511;https://openalex.org/W3040497712;https://openalex.org/W3132847598;https://openalex.org/W4393934634
https://openalex.org/A5057000989,https://openalex.org/S4210192031,2,0.872,https://openalex.org/W3216098034;https://openalex.org/W4285730416
https://openalex.org/A5057000989,https://openalex.org/S101949793,2,0.8311,https://openalex.org/W3194135341;https://openalex.org/W4366088396
https://openalex.org/A5064964139,https://openalex.org/S4210192031,4,0.8027,https://openalex.org/W3087339511;https://openalex.org/W3040497712;https://openalex.org/W3132847598;https://openalex.org/W4393934634
https://openalex.org/A5040669170,https://openalex.org/S207319443,3,0.6864,https://openalex.org/W2886553409;https://openalex.org/W2889661415;https://openalex.org/W4304588900
https://openalex.org/A5005505577,https://openalex.org/S4210205812,2,0.8452,https://openalex.org/W2952767732;https://openalex.org/W4303943906
https://openalex.org/A5100659161,https://openalex.org/S2485537415,4,0.6476,https://openalex.org/W2789557754;https://openalex.org/W3033140201;https://openalex.org/W3009660502;https://openalex.org/W2996293399
https://openalex.org/A5036493563,https://openalex.org/S4210205812,4,0.7941,https://openalex.org/W2968074150;https://openalex.org/W4385274493;https://openalex.org/W2971699529;https://openalex.org/W3201269042
https://openalex.org/A5091305859,https://openalex.org/S2485537415,2,0.5786,https://openalex.org/W3042758601;https://openalex.org/W3210590238
https://openalex.org/A5046513588,https://openalex.org/S4210205812,3,0.6334,https://openalex.org/W4313404445;https://openalex.org/W3121156375;https://openalex.org/W3118765387
https://openalex.org/A5006264629,https://openalex.org/S137468011,4,0.7361,https://openalex.org/W1274597083;https://openalex.org/W2752283293;https://openalex.org/W2787719532;https://openalex.org/W2974266994
https://openalex.org/A5024867296,https://openalex.org/S127898559,3,0.8019,https://openalex.org/W2963454293;https://openalex.org/W1932103198;https://openalex.org/W3001919961
https://openalex.org/A5019808453,https://openalex.org/S4210205812,3,0.848,https://openalex.org/W3109774950;https://openalex.org/W4285802838;https://openalex.org/W4220826258
https://openalex.org/A5040167127,https://openalex.org/S4210205812,4,0.7,https://openalex.org/W4295765453;https://openalex.org/W4200223488;https://openalex.org/W4311532761;https://openalex.org/W4296467483
https://openalex.org/A5039750375,https://openalex.org/S101949793,2,0.7984,https://openalex.org/W4286433398;https://openalex.org/W4379144833
https://openalex.org/A5077942586,https://openalex.org/S2485537415,4,0.5814,https://openalex.org/W4386608905;https://openalex.org/W4388666591;https://openalex.org/W4388450982;https://openalex.org/W4388240286
https://openalex.org/A5011417253,https://openalex.org/S4210205812,2,0.752,https://openalex.org/W4389571634;https://openalex.org/W4281709424
https://openalex.org/A5011417253,https://openalex.org/S2485537415,2,0.7809,https://openalex.org/W3123552645;https://openalex.org/W4285268260
https://openalex.org/A5046182700,https://openalex.org/S4210216316,3,0.7955,https://openalex.org/W2469927636;https://openalex.org/W4383618625;https://openalex.org/W4387168313
https://openalex.org/A5003732762,https://openalex.org/S137468011,4,0.6978,https://openalex.org/W2752761276;https://openalex.org/W3197536313;https://openalex.org/W4311803301;https://openalex.org/W4402912010
https://openalex.org/A5016316995,https://openalex.org/S137468011,4,0.7287,https://openalex.org/W1233575567;https://openalex.org/W1236271069;https://openalex.org/W4401421674;https://openalex.org/W4402946750
https://openalex.org/A5102027395,https://openalex.org/S101949793,2,0.7696,https://openalex.org/W2999263364;https://openalex.org/W4210838292
https://openalex.org/A5041368835,https://openalex.org/S4210192031,2,0.6496,https://openalex.org/W4401894237;https://openalex.org/W4396509140
https://openalex.org/A5046427368,https://openalex.org/S139930977,4,0.8473,https://openalex.org/W4399266436;https://openalex.org/W3106612030;https://openalex.org/W3175609846;https://openalex.org/W4399517189
https://openalex.org/A5130128095,https://openalex.org/S4210228265,4,0.7785,https://openalex.org/W7139645755;https://openalex.org/W7139651238;https://openalex.org/W7139411741;https://openalex.org/W7139555831
https://openalex.org/A5100396652,https://openalex.org/S2485537415,2,0.8671,https://openalex.org/W2966559104;https://openalex.org/W2979783877
https://openalex.org/A5072047827,https://openalex.org/S64187185,2,0.7221,https://openalex.org/W4353091694;https://openalex.org/W4313332881
https://openalex.org/A5072047827,https://openalex.org/S202381698,2,0.6632,https://openalex.org/W2341468445;https://openalex.org/W2739036537
https://openalex.org/A5073010916,https://openalex.org/S202381698,2,0.7353,https://openalex.org/W2949495270;https://openalex.org/W4380742454
https://openalex.org/A5073010916,https://openalex.org/S107516304,2,0.7226,https://openalex.org/W4200344262;https://openalex.org/W4311667439
https://openalex.org/A5044042138,https://openalex.org/S2729999759,4,0.7163,https://openalex.org/W3014521650;https://openalex.org/W4385696046;https://openalex.org/W3006892896;https://openalex.org/W4382175668
https://openalex.org/A5032948428,https://openalex.org/S4210192031,2,0.7311,https://openalex.org/W3197574523;https://openalex.org/W4221006327
https://openalex.org/A5006732432,https://openalex.org/S2485537415,3,0.5785,https://openalex.org/W4392567235;https://openalex.org/W4328031341;https://openalex.org/W3196350734
https://openalex.org/A5072911040,https://openalex.org/S2485537415,3,0.6973,https://openalex.org/W4290714600;https://openalex.org/W4387350583;https://openalex.org/W4399939049
https://openalex.org/A5040821463,https://openalex.org/S202381698,3,0.6828,https://openalex.org/W3175894820;https://openalex.org/W4317987998;https://openalex.org/W2959375352
https://openalex.org/A5082878554,https://openalex.org/S2485537415,4,0.7266,https://openalex.org/W3088606091;https://openalex.org/W2917620985;https://openalex.org/W2950409115;https://openalex.org/W2942087303
https://openalex.org/A5089476507,https://openalex.org/S2485537415,2,0.7294,https://openalex.org/W3179438688;https://openalex.org/W4387042344
https://openalex.org/A5090952442,https://openalex.org/S2485537415,3,0.6642,https://openalex.org/W4383751262;https://openalex.org/W4387831813;https://openalex.org/W4387682284
https://openalex.org/A5111705646,https://openalex.org/S127898559,3,0.732,https://openalex.org/W2963454293;https://openalex.org/W1932103198;https://openalex.org/W2810973755
https://openalex.org/A5029425733,https://openalex.org/S196734849,2,0.6558,https://openalex.org/W4323042016;https://openalex.org/W4395007310
https://openalex.org/A5011575768,https://openalex.org/S101949793,2,0.8018,https://openalex.org/W2567290379;https://openalex.org/W2116041897
https://openalex.org/A5081398489,https://openalex.org/S190629608,2,0.6379,https://openalex.org/W4281748453;https://openalex.org/W4322772558
https://openalex.org/A5005517878,https://openalex.org/S101949793,3,0.8623,https://openalex.org/W2564767511;https://openalex.org/W2620741975;https://openalex.org/W2790040946
https://openalex.org/A5067893440,https://openalex.org/S4210177785,4,0.8455,https://openalex.org/W3048100079;https://openalex.org/W3092985612;https://openalex.org/W1529121545;https://openalex.org/W4404421156
https://openalex.org/A5043544976,https://openalex.org/S4210205812,2,0.8964,https://openalex.org/W4200178849;https://openalex.org/W3136331913
https://openalex.org/A5043544976,https://openalex.org/S4210178049,2,0.6447,https://openalex.org/W4311938880;https://openalex.org/W4400504944
https://openalex.org/A5100774903,https://openalex.org/S4210177785,4,0.8908,https://openalex.org/W3118840012;https://openalex.org/W3168290438;https://openalex.org/W4365815729;https://openalex.org/W3201077454
https://openalex.org/A5088009854,https://openalex.org/S2485537415,3,0.6072,https://openalex.org/W3200498707;https://openalex.org/W4399527010;https://openalex.org/W4403598640
https://openalex.org/A5101422551,https://openalex.org/S2485537415,2,0.6861,https://openalex.org/W3023590808;https://openalex.org/W3012174035
https://openalex.org/A5101422551,https://openalex.org/S9692511,2,0.7646,https://openalex.org/W3025489849;https://openalex.org/W2946893955
https://openalex.org/A5032675774,https://openalex.org/S43295729,2,0.7322,https://openalex.org/W3212690841;https://openalex.org/W4200230955
https://openalex.org/A5100327490,https://openalex.org/S4210192031,3,0.7369,https://openalex.org/W4224232273;https://openalex.org/W4296360039;https://openalex.org/W4389047069
https://openalex.org/A5047864176,https://openalex.org/S4210192031,4,0.6663,https://openalex.org/W3154663360;https://openalex.org/W3128711488;https://openalex.org/W3213706929;https://openalex.org/W4210783546
https://openalex.org/A5011364010,https://openalex.org/S101949793,2,0.6299,https://openalex.org/W3204058295;https://openalex.org/W3047034287
https://openalex.org/A5011364010,https://openalex.org/S2485537415,2,0.8109,https://openalex.org/W3095103918;https://openalex.org/W3034665863
https://openalex.org/A5100382119,https://openalex.org/S4210216316,2,0.8806,https://openalex.org/W4383618596;https://openalex.org/W3173931524
https://openalex.org/A5064997605,https://openalex.org/S2485537415,2,0.6572,https://openalex.org/W2965496000;https://openalex.org/W4290716752
https://openalex.org/A5064997605,https://openalex.org/S101949793,2,0.7637,https://openalex.org/W2971169380;https://openalex.org/W2943587817
https://openalex.org/A5019255263,https://openalex.org/S3569471,2,0.907,https://openalex.org/W2746703120;https://openalex.org/W2969430848
https://openalex.org/A5021657351,https://openalex.org/S4210205812,3,0.7508,https://openalex.org/W3121690838;https://openalex.org/W3097295680;https://openalex.org/W3111699195
https://openalex.org/A5090789065,https://openalex.org/S3569471,2,0.8297,https://openalex.org/W2765736136;https://openalex.org/W2582902923
https://openalex.org/A5051901475,https://openalex.org/S4210205812,2,0.659,https://openalex.org/W2158601124;https://openalex.org/W4221134052
https://openalex.org/A5070517866,https://openalex.org/S127898559,4,0.7157,https://openalex.org/W2963142775;https://openalex.org/W3112705869;https://openalex.org/W2949027240;https://openalex.org/W1548944138
https://openalex.org/A5048603098,https://openalex.org/S137468011,4,0.8279,https://openalex.org/W4402904832;https://openalex.org/W3197955610;https://openalex.org/W4402912255;https://openalex.org/W4402912938
https://openalex.org/A5002932153,https://openalex.org/S4210197006,3,0.66,https://openalex.org/W4224661811;https://openalex.org/W3155204957;https://openalex.org/W4281718896
https://openalex.org/A5062886906,https://openalex.org/S155526855,2,1.0,https://openalex.org/W4383533118;https://openalex.org/W4381432831
https://openalex.org/A5010396788,https://openalex.org/S155526855,2,0.8771,https://openalex.org/W1854884267;https://openalex.org/W2519468206
https://openalex.org/A5010950688,https://openalex.org/S2485537415,2,0.8091,https://openalex.org/W2942091739;https://openalex.org/W4206437641
https://openalex.org/A5075834790,https://openalex.org/S2729999759,3,0.7278,https://openalex.org/W3001434439;https://openalex.org/W3169369929;https://openalex.org/W3136215575
https://openalex.org/A5083634004,https://openalex.org/S2485537415,3,0.7442,https://openalex.org/W3106978254;https://openalex.org/W2609731728;https://openalex.org/W2981079945
https://openalex.org/A5037387694,https://openalex.org/S64187185,2,0.8524,https://openalex.org/W3121141908;https://openalex.org/W4213428796
https://openalex.org/A5010675602,https://openalex.org/S64187185,2,0.8524,https://openalex.org/W3121141908;https://openalex.org/W4213428796
https://openalex.org/A5006032775,https://openalex.org/S2729999759,3,0.8417,https://openalex.org/W2798957007;https://openalex.org/W2301095666;https://openalex.org/W2290523257
https://openalex.org/A5053034151,https://openalex.org/S2485537415,2,0.7089,https://openalex.org/W4210242534;https://openalex.org/W4390659221
https://openalex.org/A5112758056,https://openalex.org/S2729999759,2,0.7974,https://openalex.org/W2906152891;https://openalex.org/W1778492285
https://openalex.org/A5073084798,https://openalex.org/S64187185,3,0.8385,https://openalex.org/W2615446936;https://openalex.org/W3121329610;https://openalex.org/W4392886376
https://openalex.org/A5070238515,https://openalex.org/S52395412,3,0.7635,https://openalex.org/W3044552154;https://openalex.org/W3108030349;https://openalex.org/W2955219525
https://openalex.org/A5043393776,https://openalex.org/S2485537415,2,0.619,https://openalex.org/W2921483513;https://openalex.org/W3084522097
https://openalex.org/A5053947885,https://openalex.org/S2729999759,3,0.7379,https://openalex.org/W2963020213;https://openalex.org/W2912924812;https://openalex.org/W3157758108
https://openalex.org/A5019867041,https://openalex.org/S155526855,2,0.675,https://openalex.org/W2891737971;https://openalex.org/W2340721711
https://openalex.org/A5059150661,https://openalex.org/S4210205812,2,0.5887,https://openalex.org/W3109968105;https://openalex.org/W2890190333
https://openalex.org/A5022887237,https://openalex.org/S2485537415,2,0.8045,https://openalex.org/W2775383661;https://openalex.org/W2922199436
https://openalex.org/A5100323550,https://openalex.org/S64187185,2,0.8524,https://openalex.org/W3121141908;https://openalex.org/W4213428796
https://openalex.org/A5065659757,https://openalex.org/S196734849,2,0.6884,https://openalex.org/W2268464208;https://openalex.org/W4311744990
https://openalex.org/A5047071732,https://openalex.org/S52395412,2,0.8149,https://openalex.org/W2922239620;https://openalex.org/W3203183413
https://openalex.org/A5018843444,https://openalex.org/S196734849,2,0.6582,https://openalex.org/W4382797771;https://openalex.org/W4372336638
https://openalex.org/A5031584100,https://openalex.org/S64187185,2,0.8427,https://openalex.org/W4308149258;https://openalex.org/W3186679119
https://openalex.org/A5015518638,https://openalex.org/S2729999759,3,0.7292,https://openalex.org/W2963018920;https://openalex.org/W2510403706;https://openalex.org/W4391494845
https://openalex.org/A5054637446,https://openalex.org/S64187185,2,0.6869,https://openalex.org/W3048941751;https://openalex.org/W4353091694
https://openalex.org/A5038428882,https://openalex.org/S2737955091,2,0.6529,https://openalex.org/W3126752450;https://openalex.org/W3044494610
https://openalex.org/A5058120371,https://openalex.org/S2485537415,3,0.6119,https://openalex.org/W2912010041;https://openalex.org/W3112787034;https://openalex.org/W2915003171
https://openalex.org/A5010732720,https://openalex.org/S4210192031,2,0.6973,https://openalex.org/W4387106050;https://openalex.org/W4403063433
https://openalex.org/A5087303751,https://openalex.org/S2485537415,2,0.8388,https://openalex.org/W3162154139;https://openalex.org/W3179344078
https://openalex.org/A5103070560,https://openalex.org/S17147534,3,0.7718,https://openalex.org/W4402155831;https://openalex.org/W3117036764;https://openalex.org/W3021626742
https://openalex.org/A5101847687,https://openalex.org/S2485537415,2,0.6848,https://openalex.org/W2624887404;https://openalex.org/W2921808911
https://openalex.org/A5089398772,https://openalex.org/S2485537415,2,0.6714,https://openalex.org/W3006227201;https://openalex.org/W4285192560
https://openalex.org/A5057166109,https://openalex.org/S2485537415,3,0.7046,https://openalex.org/W2790452209;https://openalex.org/W2943443346;https://openalex.org/W2929757916
https://openalex.org/A5003777802,https://openalex.org/S2485537415,3,0.8393,https://openalex.org/W3013098034;https://openalex.org/W3034124771;https://openalex.org/W3014001067
https://openalex.org/A5040291435,https://openalex.org/S2485537415,2,0.7631,https://openalex.org/W2998135150;https://openalex.org/W3003580126
https://openalex.org/A5024981683,https://openalex.org/S4210205812,2,0.7224,https://openalex.org/W2969743835;https://openalex.org/W3009239922
https://openalex.org/A5068767089,https://openalex.org/S2485537415,2,0.7344,https://openalex.org/W4316660917;https://openalex.org/W3148438775
https://openalex.org/A5053983423,https://openalex.org/S2485537415,2,0.7251,https://openalex.org/W4385820046;https://openalex.org/W4387587629
https://openalex.org/A5075774125,https://openalex.org/S178776955,2,0.9299,https://openalex.org/W3201058556;https://openalex.org/W4391949113
https://openalex.org/A5103230346,https://openalex.org/S2729999759,2,0.6589,https://openalex.org/W3134891661;https://openalex.org/W3169369929
https://openalex.org/A5089047677,https://openalex.org/S196734849,2,0.8021,https://openalex.org/W3208167090;https://openalex.org/W3195997963
https://openalex.org/A5101954987,https://openalex.org/S2485537415,3,0.6019,https://openalex.org/W2984544647;https://openalex.org/W3118591440;https://openalex.org/W3033036590
https://openalex.org/A5101846166,https://openalex.org/S4210201048,2,0.6996,https://openalex.org/W4281631055;https://openalex.org/W4385989212
https://openalex.org/A5100740642,https://openalex.org/S202381698,2,0.8843,https://openalex.org/W2199793267;https://openalex.org/W2591334920
https://openalex.org/A5077663332,https://openalex.org/S2729999759,3,0.7224,https://openalex.org/W3137010024;https://openalex.org/W4307680525;https://openalex.org/W4296710617
https://openalex.org/A5002849148,https://openalex.org/S2729999759,2,0.7493,https://openalex.org/W3207937903;https://openalex.org/W3137010024
https://openalex.org/A5078565848,https://openalex.org/S155526855,2,0.7846,https://openalex.org/W2979611230;https://openalex.org/W3192142731
https://openalex.org/A5046671659,https://openalex.org/S202381698,2,0.8287,https://openalex.org/W2296662953;https://openalex.org/W2467466851
https://openalex.org/A5002432703,https://openalex.org/S178776955,2,0.782,https://openalex.org/W4300773178;https://openalex.org/W4313589600
https://openalex.org/A5030395215,https://openalex.org/S196734849,3,0.8151,https://openalex.org/W2800292742;https://openalex.org/W3157093734;https://openalex.org/W2978261321
https://openalex.org/A5067079132,https://openalex.org/S4210192031,2,0.7167,https://openalex.org/W2995550338;https://openalex.org/W3006986403
https://openalex.org/A5016422824,https://openalex.org/S2485537415,3,0.8039,https://openalex.org/W2967561222;https://openalex.org/W2946743211;https://openalex.org/W3007040895
https://openalex.org/A5068447696,https://openalex.org/S196734849,2,0.6867,https://openalex.org/W4282917384;https://openalex.org/W4306845373
https://openalex.org/A5101970063,https://openalex.org/S4210177785,2,0.7442,https://openalex.org/W3137946808;https://openalex.org/W4318014893
https://openalex.org/A5002680380,https://openalex.org/S64187185,2,0.7719,https://openalex.org/W4404887069;https://openalex.org/W4377137954
https://openalex.org/A5042387485,https://openalex.org/S137468011,2,0.71,https://openalex.org/W3197372851;https://openalex.org/W3096110975
https://openalex.org/A5019824207,https://openalex.org/S2485537415,3,0.5899,https://openalex.org/W3022606336;https://openalex.org/W2906003738;https://openalex.org/W2959408896
https://openalex.org/A5033605288,https://openalex.org/S202381698,2,0.7846,https://openalex.org/W2259317772;https://openalex.org/W2742430148
https://openalex.org/A5040502396,https://openalex.org/S2485537415,2,0.6526,https://openalex.org/W2964536243;https://openalex.org/W2883281397
https://openalex.org/A5082383017,https://openalex.org/S4210206423,2,0.8633,https://openalex.org/W4391145932;https://openalex.org/W4389923272
https://openalex.org/A5100462845,https://openalex.org/S2485537415,2,0.6925,https://openalex.org/W2804558096;https://openalex.org/W4293193349
https://openalex.org/A5040301937,https://openalex.org/S2764955546,3,0.8125,https://openalex.org/W2942296951;https://openalex.org/W2413317570;https://openalex.org/W2472854096
https://openalex.org/A5091202127,https://openalex.org/S2485537415,2,0.8493,https://openalex.org/W4403977076;https://openalex.org/W4401069859
https://openalex.org/A5057583165,https://openalex.org/S202381698,2,0.789,https://openalex.org/W2516333753;https://openalex.org/W3016265934
https://openalex.org/A5003228724,https://openalex.org/S4210192031,2,0.6406,https://openalex.org/W3142351387;https://openalex.org/W4386911245
https://openalex.org/A5000738330,https://openalex.org/S2485537415,2,0.722,https://openalex.org/W4384161799;https://openalex.org/W2800965800
https://openalex.org/A5064823007,https://openalex.org/S4210219776,2,0.5763,https://openalex.org/W4393526249;https://openalex.org/W2890747986
https://openalex.org/A5019489166,https://openalex.org/S2485537415,3,0.691,https://openalex.org/W4213430631;https://openalex.org/W4387350606;https://openalex.org/W4312581961
https://openalex.org/A5082447472,https://openalex.org/S2729999759,3,0.7548,https://openalex.org/W2548036585;https://openalex.org/W4402640336;https://openalex.org/W2180093461
https://openalex.org/A5068924885,https://openalex.org/S2485537415,2,0.7319,https://openalex.org/W3135579708;https://openalex.org/W4389317800
https://openalex.org/A5048899616,https://openalex.org/S64187185,2,0.8427,https://openalex.org/W4308149258;https://openalex.org/W3186679119
https://openalex.org/A5031626209,https://openalex.org/S64187185,2,0.8427,https://openalex.org/W4308149258;https://openalex.org/W3186679119
https://openalex.org/A5003497675,https://openalex.org/S4210178049,2,0.6182,https://openalex.org/W3136420378;https://openalex.org/W3191769560
https://openalex.org/A5015785439,https://openalex.org/S2729999759,2,0.7088,https://openalex.org/W2935811960;https://openalex.org/W1907444042
https://openalex.org/A5080212972,https://openalex.org/S196734849,3,0.7058,https://openalex.org/W2971810328;https://openalex.org/W4292415547;https://openalex.org/W3080785178
https://openalex.org/A5024296105,https://openalex.org/S2485537415,2,0.7227,https://openalex.org/W2905367344;https://openalex.org/W2942467438
https://openalex.org/A5042568127,https://openalex.org/S2485537415,3,0.7154,https://openalex.org/W2530842809;https://openalex.org/W2919054863;https://openalex.org/W3011794532
https://openalex.org/A5022318517,https://openalex.org/S2485537415,2,0.7341,https://openalex.org/W2998165854;https://openalex.org/W2970032940
https://openalex.org/A5046897313,https://openalex.org/S2485537415,2,0.6459,https://openalex.org/W4403295184;https://openalex.org/W4401109592
https://openalex.org/A5074949168,https://openalex.org/S2485537415,2,0.6909,https://openalex.org/W2997634552;https://openalex.org/W4391621220
https://openalex.org/A5032840064,https://openalex.org/S2485537415,2,0.7752,https://openalex.org/W3008993296;https://openalex.org/W3025740135
https://openalex.org/A5090593333,https://openalex.org/S4210219776,3,0.6566,https://openalex.org/W3125631070;https://openalex.org/W3127804529;https://openalex.org/W3183435761
https://openalex.org/A5011360511,https://openalex.org/S196734849,2,0.8293,https://openalex.org/W2964168673;https://openalex.org/W2135470377
https://openalex.org/A5064062203,https://openalex.org/S2485537415,3,0.8777,https://openalex.org/W2973814487;https://openalex.org/W2966875474;https://openalex.org/W3000621540
https://openalex.org/A5101913211,https://openalex.org/S2485537415,3,0.8703,https://openalex.org/W2968699891;https://openalex.org/W2967532333;https://openalex.org/W3008441132
https://openalex.org/A5043821806,https://openalex.org/S4210195431,2,0.8205,https://openalex.org/W4321611685;https://openalex.org/W4405591076
https://openalex.org/A5055274072,https://openalex.org/S64187185,2,0.8512,https://openalex.org/W4400920957;https://openalex.org/W4405894884
https://openalex.org/A5072211609,https://openalex.org/S64187185,2,0.7419,https://openalex.org/W4400920957;https://openalex.org/W4392886376
https://openalex.org/A5017034254,https://openalex.org/S2485537415,2,0.6864,https://openalex.org/W2908849044;https://openalex.org/W3172756206
https://openalex.org/A5065859612,https://openalex.org/S2485537415,2,0.6864,https://openalex.org/W2908849044;https://openalex.org/W3172756206
https://openalex.org/A5047168544,https://openalex.org/S101949793,2,0.9013,https://openalex.org/W3213237073;https://openalex.org/W4281657272
https://openalex.org/A5026541274,https://openalex.org/S178776955,2,0.7635,https://openalex.org/W2894936931;https://openalex.org/W3129143844
https://openalex.org/A5102920589,https://openalex.org/S2485537415,2,0.7086,https://openalex.org/W3024502805;https://openalex.org/W3005792683
https://openalex.org/A5051865874,https://openalex.org/S2485537415,3,0.6713,https://openalex.org/W3102417241;https://openalex.org/W4293370590;https://openalex.org/W2991010004
https://openalex.org/A5061491967,https://openalex.org/S2485537415,3,0.6713,https://openalex.org/W3102417241;https://openalex.org/W4293370590;https://openalex.org/W2991010004
https://openalex.org/A5025538938,https://openalex.org/S195231649,2,0.7163,https://openalex.org/W4200171560;https://openalex.org/W4303685279
https://openalex.org/A5102786804,https://openalex.org/S2485537415,2,0.8833,https://openalex.org/W4205415902;https://openalex.org/W4321021968
https://openalex.org/A5112713734,https://openalex.org/S2729999759,3,0.7559,https://openalex.org/W2791751435;https://openalex.org/W2990241049;https://openalex.org/W2806120502
https://openalex.org/A5009184228,https://openalex.org/S2485537415,2,0.6726,https://openalex.org/W4312370735;https://openalex.org/W4402436523
https://openalex.org/A5043344696,https://openalex.org/S2729999759,2,0.8099,https://openalex.org/W3202180397;https://openalex.org/W4404132457
https://openalex.org/A5100334429,https://openalex.org/S2485537415,2,0.6184,https://openalex.org/W4312587903;https://openalex.org/W3208975336
https://openalex.org/A5062192039,https://openalex.org/S190680769,2,0.632,https://openalex.org/W2797542802;https://openalex.org/W2912406022
https://openalex.org/A5067070501,https://openalex.org/S4210172076,3,0.84,https://openalex.org/W2988325738;https://openalex.org/W3039652078;https://openalex.org/W3110722024
https://openalex.org/A5054256777,https://openalex.org/S2485537415,2,0.5902,https://openalex.org/W3205211681;https://openalex.org/W4312856466
https://openalex.org/A5107388446,https://openalex.org/S2485537415,2,0.6856,https://openalex.org/W2998745260;https://openalex.org/W2944269451
https://openalex.org/A5091326586,https://openalex.org/S4210192031,2,0.7767,https://openalex.org/W4283010558;https://openalex.org/W4224310989
https://openalex.org/A5062116814,https://openalex.org/S17147534,2,0.8462,https://openalex.org/W3161053278;https://openalex.org/W4280543435
https://openalex.org/A5091112180,https://openalex.org/S178776955,2,0.8837,https://openalex.org/W3040051427;https://openalex.org/W4380628213
https://openalex.org/A5018502199,https://openalex.org/S2485537415,3,0.7504,https://openalex.org/W2774823188;https://openalex.org/W3029330152;https://openalex.org/W3208946447
https://openalex.org/A5089396669,https://openalex.org/S2485537415,2,0.6852,https://openalex.org/W3022478400;https://openalex.org/W3163594393
https://openalex.org/A5074230143,https://openalex.org/S4210192031,2,0.8159,https://openalex.org/W3200802697;https://openalex.org/W4223501034
https://openalex.org/A5031529146,https://openalex.org/S4210192031,2,0.8445,https://openalex.org/W3208021954;https://openalex.org/W3200802697
https://openalex.org/A5001069060,https://openalex.org/S2485537415,2,0.7317,https://openalex.org/W2991479668;https://openalex.org/W3209221832
https://openalex.org/A5015273174,https://openalex.org/S202381698,2,0.8843,https://openalex.org/W2591334920;https://openalex.org/W2199793267
https://openalex.org/A5070936425,https://openalex.org/S2485537415,3,0.7032,https://openalex.org/W4321022102;https://openalex.org/W4327522484;https://openalex.org/W4312336295
https://openalex.org/A5001551147,https://openalex.org/S2485537415,2,0.7708,https://openalex.org/W3013865762;https://openalex.org/W4388273523
https://openalex.org/A5100785616,https://openalex.org/S202381698,2,0.8079,https://openalex.org/W3217621440;https://openalex.org/W4400679355
https://openalex.org/A5036614505,https://openalex.org/S4210200687,3,0.6946,https://openalex.org/W3018268080;https://openalex.org/W4308012639;https://openalex.org/W4362594544
https://openalex.org/A5055831726,https://openalex.org/S2485537415,3,0.7706,https://openalex.org/W3208017723;https://openalex.org/W2995987488;https://openalex.org/W4388486511
https://openalex.org/A5076307452,https://openalex.org/S4210177785,2,0.8471,https://openalex.org/W4391065733;https://openalex.org/W4205413228
https://openalex.org/A5061365692,https://openalex.org/S101949793,2,0.7585,https://openalex.org/W3035259122;https://openalex.org/W3009175007
https://openalex.org/A5077892415,https://openalex.org/S4210205812,2,0.8887,https://openalex.org/W4385308436;https://openalex.org/W3171530662
https://openalex.org/A5100397670,https://openalex.org/S2485537415,3,0.5804,https://openalex.org/W2923280274;https://openalex.org/W2912010041;https://openalex.org/W2915003171
https://openalex.org/A5015701913,https://openalex.org/S2485537415,2,0.8051,https://openalex.org/W3157376848;https://openalex.org/W3160562782
https://openalex.org/A5076714885,https://openalex.org/S2485537415,2,0.8079,https://openalex.org/W4323022359;https://openalex.org/W4399728075
https://openalex.org/A5057553752,https://openalex.org/S4210205812,2,0.7535,https://openalex.org/W2986729576;https://openalex.org/W2972632927
https://openalex.org/A5004714640,https://openalex.org/S4210178049,2,0.9066,https://openalex.org/W4328121670;https://openalex.org/W4392238891
https://openalex.org/A5042241438,https://openalex.org/S4210192031,2,0.8097,https://openalex.org/W4319595422;https://openalex.org/W4289941892
https://openalex.org/A5081993927,https://openalex.org/S2485537415,2,0.8334,https://openalex.org/W4386261835;https://openalex.org/W4387831813
https://openalex.org/A5110809957,https://openalex.org/S2485537415,3,0.6362,https://openalex.org/W4391097175;https://openalex.org/W4312569826;https://openalex.org/W4399485422
https://openalex.org/A5089228629,https://openalex.org/S4210192031,2,0.752,https://openalex.org/W2997917529;https://openalex.org/W2944201272
https://openalex.org/A5033916596,https://openalex.org/S2485537415,3,0.7995,https://openalex.org/W3201208428;https://openalex.org/W2968344872;https://openalex.org/W3006913685
https://openalex.org/A5073189396,https://openalex.org/S2485537415,2,0.7533,https://openalex.org/W3135449691;https://openalex.org/W2971279492
https://openalex.org/A5100431149,https://openalex.org/S178776955,2,0.7661,https://openalex.org/W2953467609;https://openalex.org/W3112727026
https://openalex.org/A5079544172,https://openalex.org/S195231649,2,0.5848,https://openalex.org/W3178472022;https://openalex.org/W3091918465
https://openalex.org/A5100382950,https://openalex.org/S2485537415,2,0.7201,https://openalex.org/W3020206637;https://openalex.org/W2904078227
https://openalex.org/A5038291093,https://openalex.org/S2485537415,3,0.6459,https://openalex.org/W3012458673;https://openalex.org/W3160931074;https://openalex.org/W4391407092
https://openalex.org/A5034503877,https://openalex.org/S101949793,2,0.7088,https://openalex.org/W3086614670;https://openalex.org/W4281934552
https://openalex.org/A5049410463,https://openalex.org/S190680769,2,0.7633,https://openalex.org/W3206238464;https://openalex.org/W4285795717
https://openalex.org/A5055125808,https://openalex.org/S4210195431,2,0.7705,https://openalex.org/W3211201308;https://openalex.org/W4220726160
https://openalex.org/A5038717324,https://openalex.org/S4210177785,2,0.7984,https://openalex.org/W4313529762;https://openalex.org/W2955987583
https://openalex.org/A5100454052,https://openalex.org/S4210205812,2,0.5597,https://openalex.org/W3217299933;https://openalex.org/W3128071650
https://openalex.org/A5017660673,https://openalex.org/S2485537415,3,0.7182,https://openalex.org/W4323338839;https://openalex.org/W3158757798;https://openalex.org/W3120794190
https://openalex.org/A5005611793,https://openalex.org/S2485537415,2,0.6156,https://openalex.org/W2766916509;https://openalex.org/W2562555919
https://openalex.org/A5073790847,https://openalex.org/S4210205812,2,0.5917,https://openalex.org/W4282557901;https://openalex.org/W3199186980
https://openalex.org/A5103218833,https://openalex.org/S207319443,2,0.917,https://openalex.org/W3091830674;https://openalex.org/W3093126388
https://openalex.org/A5112309835,https://openalex.org/S202381698,2,0.6628,https://openalex.org/W2114739781;https://openalex.org/W4392181728
https://openalex.org/A5033810033,https://openalex.org/S107516304,2,0.8707,https://openalex.org/W4313988795;https://openalex.org/W4386827007
https://openalex.org/A5076872452,https://openalex.org/S4210205812,2,0.6015,https://openalex.org/W3213142362;https://openalex.org/W4376138914
https://openalex.org/A5040713423,https://openalex.org/S4210205812,2,0.6015,https://openalex.org/W3213142362;https://openalex.org/W4376138914
https://openalex.org/A5021342603,https://openalex.org/S202381698,2,0.7931,https://openalex.org/W4226265173;https://openalex.org/W4229062925
https://openalex.org/A5083128555,https://openalex.org/S4210206423,3,0.8826,https://openalex.org/W4396854183;https://openalex.org/W4395960759;https://openalex.org/W4401991620
https://openalex.org/A5077186302,https://openalex.org/S107516304,2,0.8131,https://openalex.org/W4404513319;https://openalex.org/W4395675278
https://openalex.org/A5088962741,https://openalex.org/S101949793,2,0.6796,https://openalex.org/W3083236113;https://openalex.org/W4320493555
https://openalex.org/A5065435984,https://openalex.org/S207319443,2,0.7527,https://openalex.org/W3111556982;https://openalex.org/W2942272684
https://openalex.org/A5077753497,https://openalex.org/S4210205812,2,0.7847,https://openalex.org/W4362474933;https://openalex.org/W4401991458
https://openalex.org/A5040279618,https://openalex.org/S4210192031,2,0.6606,https://openalex.org/W4322628880;https://openalex.org/W4385948419
https://openalex.org/A5019531047,https://openalex.org/S196734849,2,0.8195,https://openalex.org/W4387959220;https://openalex.org/W4394688177
https://openalex.org/A5028410154,https://openalex.org/S4210178049,2,0.8966,https://openalex.org/W3213112790;https://openalex.org/W3205434275
https://openalex.org/A5062694319,https://openalex.org/S2485537415,2,0.9091,https://openalex.org/W3120655260;https://openalex.org/W4225921062
https://openalex.org/A5044924773,https://openalex.org/S2485537415,2,0.6186,https://openalex.org/W3011276388;https://openalex.org/W3186943679
https://openalex.org/A5086986429,https://openalex.org/S196734849,3,0.8326,https://openalex.org/W3157093734;https://openalex.org/W3154595990;https://openalex.org/W4282926808
https://openalex.org/A5014554970,https://openalex.org/S2729999759,3,0.7641,https://openalex.org/W3157700644;https://openalex.org/W3031177401;https://openalex.org/W3038817008
https://openalex.org/A5027041248,https://openalex.org/S139930977,2,0.9204,https://openalex.org/W2604799547;https://openalex.org/W4225593490
https://openalex.org/A5022190845,https://openalex.org/S2485537415,2,0.8314,https://openalex.org/W4386609086;https://openalex.org/W4312352554
https://openalex.org/A5088962032,https://openalex.org/S4210177785,2,0.8873,https://openalex.org/W4388914577;https://openalex.org/W4404209190
https://openalex.org/A5027952276,https://openalex.org/S4210177785,2,0.8873,https://openalex.org/W4388914577;https://openalex.org/W4404209190
https://openalex.org/A5073946580,https://openalex.org/S19032547,2,0.739,https://openalex.org/W2778292275;https://openalex.org/W2950069687
https://openalex.org/A5042982766,https://openalex.org/S196734849,3,0.8092,https://openalex.org/W2401520370;https://openalex.org/W2885650974;https://openalex.org/W4390945377
https://openalex.org/A5068763843,https://openalex.org/S2485537415,2,0.6896,https://openalex.org/W4317795307;https://openalex.org/W2945526235
https://openalex.org/A5087579182,https://openalex.org/S202381698,3,0.8122,https://openalex.org/W2122522916;https://openalex.org/W2278629362;https://openalex.org/W2791979951
https://openalex.org/A5064585149,https://openalex.org/S2485537415,3,0.7745,https://openalex.org/W2941799245;https://openalex.org/W2942765639;https://openalex.org/W2958093046
https://openalex.org/A5037616642,https://openalex.org/S2764413287,2,0.8579,https://openalex.org/W3200955720;https://openalex.org/W4281622356
https://openalex.org/A5052666922,https://openalex.org/S196734849,2,0.7783,https://openalex.org/W2895559788;https://openalex.org/W2607075141
https://openalex.org/A5036607092,https://openalex.org/S4210219776,2,0.7862,https://openalex.org/W4401889742;https://openalex.org/W4404756614
https://openalex.org/A5051184573,https://openalex.org/S155526855,2,0.7749,https://openalex.org/W3193068792;https://openalex.org/W2986265153
https://openalex.org/A5023424929,https://openalex.org/S2485537415,3,0.7066,https://openalex.org/W2921483513;https://openalex.org/W2569168369;https://openalex.org/W3049603699
https://openalex.org/A5054026576,https://openalex.org/S2485537415,2,0.6484,https://openalex.org/W3005048680;https://openalex.org/W3144883044
https://openalex.org/A5005228053,https://openalex.org/S2485537415,2,0.83,https://openalex.org/W2791319131;https://openalex.org/W2998645245
https://openalex.org/A5087033178,https://openalex.org/S2764650051,2,0.7335,https://openalex.org/W2891377710;https://openalex.org/W3094834348
https://openalex.org/A5026442244,https://openalex.org/S2485537415,2,0.8045,https://openalex.org/W2775383661;https://openalex.org/W2922199436
https://openalex.org/A5035142405,https://openalex.org/S2729999759,3,0.7902,https://openalex.org/W3045462440;https://openalex.org/W3085552234;https://openalex.org/W3128754101
https://openalex.org/A5010883876,https://openalex.org/S4210205812,2,0.628,https://openalex.org/W4309090138;https://openalex.org/W4399055622
https://openalex.org/A5100426775,https://openalex.org/S2485537415,3,0.7031,https://openalex.org/W4287887190;https://openalex.org/W3093862315;https://openalex.org/W3147507998
https://openalex.org/A5058475882,https://openalex.org/S3035462843,3,0.8643,https://openalex.org/W3087997050;https://openalex.org/W2511284938;https://openalex.org/W4214773041
https://openalex.org/A5102712077,https://openalex.org/S178776955,2,0.7873,https://openalex.org/W4380355087;https://openalex.org/W2957220981
https://openalex.org/A5008211251,https://openalex.org/S2595095599,2,0.835,https://openalex.org/W2071810814;https://openalex.org/W2460467504
https://openalex.org/A5029714228,https://openalex.org/S17147534,2,0.8326,https://openalex.org/W2786814109;https://openalex.org/W1930201302
https://openalex.org/A5030279774,https://openalex.org/S32837994,2,0.769,https://openalex.org/W2808430035;https://openalex.org/W2795277576
https://openalex.org/A5065912572,https://openalex.org/S2729999759,3,0.716,https://openalex.org/W2997517014;https://openalex.org/W4226269280;https://openalex.org/W3159892921
https://openalex.org/A5022478921,https://openalex.org/S178776955,3,0.8109,https://openalex.org/W4379086687;https://openalex.org/W2923894441;https://openalex.org/W4401143988
https://openalex.org/A5058219704,https://openalex.org/S2729999759,3,0.7247,https://openalex.org/W3207937903;https://openalex.org/W4390037801;https://openalex.org/W3137010024
https://openalex.org/A5000614683,https://openalex.org/S2737955091,2,0.5886,https://openalex.org/W2904592940;https://openalex.org/W3087195275
https://openalex.org/A5052032722,https://openalex.org/S2485537415,2,0.7434,https://openalex.org/W4205951200;https://openalex.org/W4205363784
https://openalex.org/A5021305119,https://openalex.org/S2485537415,3,0.684,https://openalex.org/W3007556402;https://openalex.org/W3208020934;https://openalex.org/W4405778521
https://openalex.org/A5085544355,https://openalex.org/S2485537415,2,0.9186,https://openalex.org/W2789326804;https://openalex.org/W3161223230
https://openalex.org/A5017623842,https://openalex.org/S2485537415,3,0.792,https://openalex.org/W2926264417;https://openalex.org/W2942765639;https://openalex.org/W2958093046
https://openalex.org/A5017673416,https://openalex.org/S2485537415,2,0.6356,https://openalex.org/W2899086481;https://openalex.org/W2790452209
https://openalex.org/A5026367973,https://openalex.org/S107516304,2,0.7626,https://openalex.org/W2934187270;https://openalex.org/W2969705914
https://openalex.org/A5100370396,https://openalex.org/S178776955,2,0.785,https://openalex.org/W4308566729;https://openalex.org/W4392297930
https://openalex.org/A5070908224,https://openalex.org/S107516304,2,0.7546,https://openalex.org/W2727926256;https://openalex.org/W1976330285
https://openalex.org/A5049702218,https://openalex.org/S202381698,2,0.6175,https://openalex.org/W2470906225;https://openalex.org/W4387837120
https://openalex.org/A5076314803,https://openalex.org/S196734849,2,0.7786,https://openalex.org/W2922268597;https://openalex.org/W3082933974
https://openalex.org/A5112707318,https://openalex.org/S2485537415,2,0.8538,https://openalex.org/W3164947024;https://openalex.org/W3114543730
https://openalex.org/A5004253407,https://openalex.org/S4210205812,2,0.7634,https://openalex.org/W4283654385;https://openalex.org/W3168992578
https://openalex.org/A5100375557,https://openalex.org/S2764650051,3,0.7893,https://openalex.org/W2803982643;https://openalex.org/W2797870998;https://openalex.org/W2552714763
https://openalex.org/A5101607758,https://openalex.org/S2485537415,2,0.8438,https://openalex.org/W4286377439;https://openalex.org/W2917573535
https://openalex.org/A5085011940,https://openalex.org/S2729999759,3,0.7581,https://openalex.org/W2173779128;https://openalex.org/W2962753370;https://openalex.org/W4226196222
https://openalex.org/A5100391896,https://openalex.org/S2485537415,3,0.67,https://openalex.org/W4297094598;https://openalex.org/W4295788715;https://openalex.org/W3010542492
https://openalex.org/A5059583924,https://openalex.org/S4210205812,2,0.5782,https://openalex.org/W3128840207;https://openalex.org/W4385345914
https://openalex.org/A5090557541,https://openalex.org/S2485537415,3,0.7791,https://openalex.org/W3032087714;https://openalex.org/W4382341312;https://openalex.org/W3168420408
https://openalex.org/A5100371897,https://openalex.org/S2485537415,2,0.6259,https://openalex.org/W4391986380;https://openalex.org/W4385820047
https://openalex.org/A5010053988,https://openalex.org/S2729999759,3,0.7247,https://openalex.org/W3207937903;https://openalex.org/W4390037801;https://openalex.org/W3137010024
https://openalex.org/A5023184985,https://openalex.org/S4210195431,2,0.7752,https://openalex.org/W4281920142;https://openalex.org/W4403468860
https://openalex.org/A5100753238,https://openalex.org/S202381698,2,0.7932,https://openalex.org/W2794056214;https://openalex.org/W2888662092
https://openalex.org/A5102721858,https://openalex.org/S4210192031,2,0.8701,https://openalex.org/W4319296823;https://openalex.org/W4220703459
https://openalex.org/A5015151220,https://openalex.org/S64187185,2,0.7719,https://openalex.org/W4404887069;https://openalex.org/W4377137954
https://openalex.org/A5111792123,https://openalex.org/S196734849,2,0.8019,https://openalex.org/W2529631604;https://openalex.org/W2607075141
https://openalex.org/A5059777037,https://openalex.org/S202381698,2,0.8288,https://openalex.org/W2803416021;https://openalex.org/W234000645
https://openalex.org/A5043988868,https://openalex.org/S2485537415,2,0.5813,https://openalex.org/W4392567324;https://openalex.org/W4390905307
https://openalex.org/A5033462755,https://openalex.org/S2485537415,3,0.8239,https://openalex.org/W2954992643;https://openalex.org/W2944891925;https://openalex.org/W2893903145
https://openalex.org/A5101870855,https://openalex.org/S4210172076,2,0.8056,https://openalex.org/W4387308675;https://openalex.org/W4361287164
https://openalex.org/A5001747321,https://openalex.org/S4210177785,2,0.7836,https://openalex.org/W2516653071;https://openalex.org/W2262764541
https://openalex.org/A5036610488,https://openalex.org/S2764955546,3,0.7353,https://openalex.org/W2583706990;https://openalex.org/W3120887179;https://openalex.org/W2413317570
https://openalex.org/A5057475480,https://openalex.org/S64187185,2,0.7657,https://openalex.org/W4298001211;https://openalex.org/W4404584849
https://openalex.org/A5070914351,https://openalex.org/S139930977,2,0.7986,https://openalex.org/W3210485068;https://openalex.org/W4391399751
https://openalex.org/A5052909911,https://openalex.org/S2729999759,3,0.7828,https://openalex.org/W3156404059;https://openalex.org/W2888740011;https://openalex.org/W2809687772
https://openalex.org/A5085316306,https://openalex.org/S2485537415,2,0.5374,https://openalex.org/W4292825932;https://openalex.org/W4405429355
https://openalex.org/A5041821824,https://openalex.org/S4210192031,2,0.6613,https://openalex.org/W4311185754;https://openalex.org/W4283323223
https://openalex.org/A5006684031,https://openalex.org/S2485537415,3,0.7526,https://openalex.org/W2991170427;https://openalex.org/W3028754898;https://openalex.org/W2968853227
https://openalex.org/A5057926319,https://openalex.org/S17147534,2,0.9025,https://openalex.org/W3117036764;https://openalex.org/W3021626742
https://openalex.org/A5030664164,https://openalex.org/S4210192031,2,0.7311,https://openalex.org/W3197574523;https://openalex.org/W4221006327
https://openalex.org/A5038456766,https://openalex.org/S155526855,2,0.8246,https://openalex.org/W3198189804;https://openalex.org/W4402638667
https://openalex.org/A5031125465,https://openalex.org/S2485537415,3,0.6405,https://openalex.org/W4213430631;https://openalex.org/W4312581961;https://openalex.org/W4391547718
https://openalex.org/A5025980566,https://openalex.org/S202381698,2,0.759,https://openalex.org/W3171835261;https://openalex.org/W4400760981
https://openalex.org/A5014352159,https://openalex.org/S139930977,2,0.7158,https://openalex.org/W4214698730;https://openalex.org/W2755560206
https://openalex.org/A5034364966,https://openalex.org/S2485537415,2,0.8321,https://openalex.org/W3177655429;https://openalex.org/W3039665270
https://openalex.org/A5025292160,https://openalex.org/S4210172076,3,0.8925,https://openalex.org/W4313577028;https://openalex.org/W4205942412;https://openalex.org/W4308119975
https://openalex.org/A5002499277,https://openalex.org/S2729999759,3,0.7461,https://openalex.org/W1814992895;https://openalex.org/W3135427360;https://openalex.org/W3014809049
https://openalex.org/A5090305015,https://openalex.org/S2485537415,2,0.5611,https://openalex.org/W4396214365;https://openalex.org/W4391407092
https://openalex.org/A5034616829,https://openalex.org/S139930977,3,0.8102,https://openalex.org/W3029037574;https://openalex.org/W1576921484;https://openalex.org/W2347154127
https://openalex.org/A5009070599,https://openalex.org/S4210192031,2,0.778,https://openalex.org/W2987795137;https://openalex.org/W3093463563
https://openalex.org/A5100449803,https://openalex.org/S4210205812,3,0.671,https://openalex.org/W4223890113;https://openalex.org/W4296101946;https://openalex.org/W4220924176
https://openalex.org/A5014322193,https://openalex.org/S202381698,2,0.8068,https://openalex.org/W1507719567;https://openalex.org/W3177367926
https://openalex.org/A5068326377,https://openalex.org/S139930977,2,0.7118,https://openalex.org/W2964209429;https://openalex.org/W4386208437
https://openalex.org/A5067089800,https://openalex.org/S178776955,2,0.7607,https://openalex.org/W4210699640;https://openalex.org/W2923894441
https://openalex.org/A5039953793,https://openalex.org/S178776955,2,0.8305,https://openalex.org/W4210699640;https://openalex.org/W4379086687
https://openalex.org/A5032314861,https://openalex.org/S3035462843,2,0.6379,https://openalex.org/W4392744233;https://openalex.org/W4383955724
https://openalex.org/A5007518961,https://openalex.org/S202381698,3,0.7861,https://openalex.org/W2898181981;https://openalex.org/W2802704833;https://openalex.org/W2800101573
https://openalex.org/A5008241621,https://openalex.org/S2764846071,3,0.8137,https://openalex.org/W2919448963;https://openalex.org/W3046372082;https://openalex.org/W2789497025
https://openalex.org/A5038015706,https://openalex.org/S2485537415,2,0.7622,https://openalex.org/W2771083582;https://openalex.org/W3109943185
https://openalex.org/A5080563805,https://openalex.org/S52395412,2,0.8146,https://openalex.org/W3152620848;https://openalex.org/W3191125769
https://openalex.org/A5034336361,https://openalex.org/S64187185,2,0.7709,https://openalex.org/W4298001211;https://openalex.org/W4391722054
https://openalex.org/A5055959931,https://openalex.org/S196734849,2,0.9272,https://openalex.org/W3015841640;https://openalex.org/W3203002989
https://openalex.org/A5100378053,https://openalex.org/S2485537415,3,0.92,https://openalex.org/W3125294517;https://openalex.org/W3039449417;https://openalex.org/W3152855017
https://openalex.org/A5005504673,https://openalex.org/S4210172076,3,0.8925,https://openalex.org/W4313577028;https://openalex.org/W4205942412;https://openalex.org/W4308119975
https://openalex.org/A5001961716,https://openalex.org/S2729999759,3,0.7545,https://openalex.org/W2604397416;https://openalex.org/W2806117557;https://openalex.org/W3194251018
https://openalex.org/A5016938805,https://openalex.org/S101949793,2,0.6645,https://openalex.org/W3210332116;https://openalex.org/W3045806247
https://openalex.org/A5103701816,https://openalex.org/S4210177785,2,0.8618,https://openalex.org/W3014754116;https://openalex.org/W2793314278
https://openalex.org/A5072261415,https://openalex.org/S202381698,2,0.7298,https://openalex.org/W2122522916;https://openalex.org/W3166927129
https://openalex.org/A5063091256,https://openalex.org/S2485537415,2,0.8833,https://openalex.org/W4205415902;https://openalex.org/W4321021968
https://openalex.org/A5032223985,https://openalex.org/S4210192031,2,0.8117,https://openalex.org/W4378528083;https://openalex.org/W4297988413
https://openalex.org/A5019972460,https://openalex.org/S4210192031,2,0.8117,https://openalex.org/W4378528083;https://openalex.org/W4297988413
https://openalex.org/A5074854811,https://openalex.org/S178776955,2,0.7627,https://openalex.org/W2971897704;https://openalex.org/W2765411133
https://openalex.org/A5001630272,https://openalex.org/S2485537415,2,0.5937,https://openalex.org/W3156438996;https://openalex.org/W3177717267
https://openalex.org/A5085514719,https://openalex.org/S2485537415,2,0.8716,https://openalex.org/W3023149700;https://openalex.org/W3035746172
https://openalex.org/A5078175984,https://openalex.org/S101949793,2,0.842,https://openalex.org/W3200488357;https://openalex.org/W3128168331
https://openalex.org/A5000431978,https://openalex.org/S2485537415,2,0.6549,https://openalex.org/W4386038345;https://openalex.org/W4312379718
https://openalex.org/A5023341622,https://openalex.org/S2729999759,2,0.8082,https://openalex.org/W2905749056;https://openalex.org/W3136215575
https://openalex.org/A5032046813,https://openalex.org/S2729999759,3,0.7089,https://openalex.org/W3045321166;https://openalex.org/W4403296573;https://openalex.org/W4210451781
https://openalex.org/A5009785551,https://openalex.org/S2485537415,3,0.84,https://openalex.org/W2945604238;https://openalex.org/W2909168904;https://openalex.org/W2956079228
https://openalex.org/A5101535060,https://openalex.org/S190680769,2,0.682,https://openalex.org/W4200260392;https://openalex.org/W4399970647
https://openalex.org/A5045077843,https://openalex.org/S2729999759,3,0.8072,https://openalex.org/W3164045210;https://openalex.org/W4327656064;https://openalex.org/W4384211302
https://openalex.org/A5061992028,https://openalex.org/S2729999759,3,0.7209,https://openalex.org/W3114990944;https://openalex.org/W4384211302;https://openalex.org/W2807524009
https://openalex.org/A5042618575,https://openalex.org/S52395412,2,0.8272,https://openalex.org/W2890292344;https://openalex.org/W4402253223
https://openalex.org/A5067033094,https://openalex.org/S2485537415,3,0.7805,https://openalex.org/W4226186048;https://openalex.org/W2910814270;https://openalex.org/W2993487051
https://openalex.org/A5038713960,https://openalex.org/S196734849,2,0.7815,https://openalex.org/W4403428117;https://openalex.org/W2564238862
https://openalex.org/A5052479960,https://openalex.org/S2485537415,2,0.7491,https://openalex.org/W2753161394;https://openalex.org/W2954913488
https://openalex.org/A5037044938,https://openalex.org/S2485537415,2,0.8833,https://openalex.org/W4205415902;https://openalex.org/W4321021968
https://openalex.org/A5034778794,https://openalex.org/S2485537415,2,0.7265,https://openalex.org/W4386736998;https://openalex.org/W2952524552
https://openalex.org/A5033386919,https://openalex.org/S2485537415,2,0.6871,https://openalex.org/W3111112601;https://openalex.org/W4293057253
https://openalex.org/A5046456944,https://openalex.org/S2729999759,2,0.8099,https://openalex.org/W3202180397;https://openalex.org/W4404132457
https://openalex.org/A5033413473,https://openalex.org/S4210192031,2,0.921,https://openalex.org/W4391822640;https://openalex.org/W4394581391
https://openalex.org/A5018299245,https://openalex.org/S2485537415,3,0.8146,https://openalex.org/W3135959923;https://openalex.org/W3150538710;https://openalex.org/W3046650424
https://openalex.org/A5070829177,https://openalex.org/S2485537415,2,0.7124,https://openalex.org/W3044093562;https://openalex.org/W2998745260
https://openalex.org/A5055349217,https://openalex.org/S4210205812,2,0.6563,https://openalex.org/W3213680860;https://openalex.org/W3199291562
https://openalex.org/A5045808844,https://openalex.org/S190629608,2,0.7892,https://openalex.org/W4362560727;https://openalex.org/W4389574468
https://openalex.org/A5100357221,https://openalex.org/S202381698,2,0.7827,https://openalex.org/W2775420709;https://openalex.org/W2605092744
https://openalex.org/A5028264068,https://openalex.org/S2485537415,3,0.571,https://openalex.org/W2874411262;https://openalex.org/W2803080351;https://openalex.org/W4401634213
https://openalex.org/A5103075722,https://openalex.org/S2485537415,2,0.7846,https://openalex.org/W2942765639;https://openalex.org/W2958093046
https://openalex.org/A5100946570,https://openalex.org/S2485537415,2,0.6975,https://openalex.org/W3195566117;https://openalex.org/W2956751376
https://openalex.org/A5049924407,https://openalex.org/S178776955,2,0.7999,https://openalex.org/W3200289607;https://openalex.org/W4310239129
https://openalex.org/A5100602646,https://openalex.org/S178776955,2,0.7999,https://openalex.org/W3200289607;https://openalex.org/W4310239129
https://openalex.org/A5054496165,https://openalex.org/S196734849,2,0.655,https://openalex.org/W3211368727;https://openalex.org/W4391006443
https://openalex.org/A5086685216,https://openalex.org/S2764650051,2,0.8408,https://openalex.org/W2989324284;https://openalex.org/W4308687480
https://openalex.org/A5066276015,https://openalex.org/S2485537415,2,0.8287,https://openalex.org/W4318586178;https://openalex.org/W4405934115
https://openalex.org/A5021262042,https://openalex.org/S139930977,3,0.7366,https://openalex.org/W2808610674;https://openalex.org/W3041494771;https://openalex.org/W4382792743
https://openalex.org/A5081713683,https://openalex.org/S2485537415,2,0.7636,https://openalex.org/W2992616003;https://openalex.org/W4313158095
https://openalex.org/A5069338102,https://openalex.org/S9692511,2,0.7415,https://openalex.org/W2930633350;https://openalex.org/W2767987353
https://openalex.org/A5053314319,https://openalex.org/S2485537415,2,0.5478,https://openalex.org/W4405709115;https://openalex.org/W3093928396
https://openalex.org/A5017745259,https://openalex.org/S196734849,3,0.8446,https://openalex.org/W3154595990;https://openalex.org/W4282926808;https://openalex.org/W4211179311
https://openalex.org/A5035087845,https://openalex.org/S2485537415,2,0.8079,https://openalex.org/W4323022359;https://openalex.org/W4399728075
https://openalex.org/A5091074416,https://openalex.org/S2485537415,2,0.8505,https://openalex.org/W2736851647;https://openalex.org/W2613225548
https://openalex.org/A5113989193,https://openalex.org/S2485537415,2,0.8938,https://openalex.org/W4386261835;https://openalex.org/W4323891929
https://openalex.org/A5000356984,https://openalex.org/S2485537415,3,0.6362,https://openalex.org/W4391097175;https://openalex.org/W4312569826;https://openalex.org/W4399485422
https://openalex.org/A5022722673,https://openalex.org/S4210177785,3,0.7926,https://openalex.org/W3045125794;https://openalex.org/W2335197832;https://openalex.org/W4388341885
https://openalex.org/A5038008417,https://openalex.org/S4210178049,2,0.6544,https://openalex.org/W4285793625;https://openalex.org/W4392123654
https://openalex.org/A5047385980,https://openalex.org/S101949793,2,0.755,https://openalex.org/W4386073909;https://openalex.org/W4396219630
https://openalex.org/A5027156356,https://openalex.org/S4210197006,2,0.7405,https://openalex.org/W3088652003;https://openalex.org/W4309706550
https://openalex.org/A5047269552,https://openalex.org/S127898559,2,0.6881,https://openalex.org/W3215273203;https://openalex.org/W3165569279
https://openalex.org/A5075698724,https://openalex.org/S155526855,2,0.7873,https://openalex.org/W2891288076;https://openalex.org/W2756217188
https://openalex.org/A5047337772,https://openalex.org/S155526855,2,0.6505,https://openalex.org/W2891288076;https://openalex.org/W4225909405
https://openalex.org/A5100365157,https://openalex.org/S2485537415,2,0.7246,https://openalex.org/W2915853139;https://openalex.org/W2939195450
https://openalex.org/A5045621975,https://openalex.org/S2485537415,3,0.7768,https://openalex.org/W2965774554;https://openalex.org/W2911338114;https://openalex.org/W2942156930
https://openalex.org/A5100446472,https://openalex.org/S2485537415,2,0.7886,https://openalex.org/W4205699222;https://openalex.org/W3164361226
https://openalex.org/A5011008665,https://openalex.org/S24978797,2,0.6999,https://openalex.org/W4377090048;https://openalex.org/W4286206342
https://openalex.org/A5101634507,https://openalex.org/S2485537415,3,0.6232,https://openalex.org/W4390822192;https://openalex.org/W3122857831;https://openalex.org/W3154228815
https://openalex.org/A5024711788,https://openalex.org/S4210172076,2,0.8981,https://openalex.org/W3217179860;https://openalex.org/W3207635813
https://openalex.org/A5065947603,https://openalex.org/S101949793,2,0.8812,https://openalex.org/W2790553631;https://openalex.org/W2912688896
https://openalex.org/A5010356589,https://openalex.org/S101949793,2,0.8812,https://openalex.org/W2790553631;https://openalex.org/W2912688896
https://openalex.org/A5047007749,https://openalex.org/S2485537415,2,0.5881,https://openalex.org/W2766916509;https://openalex.org/W4399485424
https://openalex.org/A5086844518,https://openalex.org/S2485537415,2,0.7063,https://openalex.org/W4403277898;https://openalex.org/W4385695948
https://openalex.org/A5003967179,https://openalex.org/S2764650051,2,0.7088,https://openalex.org/W4403600390;https://openalex.org/W3212899834
https://openalex.org/A5025939789,https://openalex.org/S125501549,2,0.6399,https://openalex.org/W4297105455;https://openalex.org/W4200272499
https://openalex.org/A5100428576,https://openalex.org/S64187185,2,0.8315,https://openalex.org/W4394845403;https://openalex.org/W4388452697
https://openalex.org/A5103133745,https://openalex.org/S2764650051,2,0.7234,https://openalex.org/W3095642204;https://openalex.org/W3109225475
https://openalex.org/A5053335121,https://openalex.org/S2485537415,3,0.841,https://openalex.org/W3155222352;https://openalex.org/W3121224937;https://openalex.org/W4292387297
https://openalex.org/A5101607094,https://openalex.org/S2485537415,3,0.7005,https://openalex.org/W4394897028;https://openalex.org/W4402978848;https://openalex.org/W3005759882
https://openalex.org/A5055567445,https://openalex.org/S2485537415,3,0.6169,https://openalex.org/W3133715761;https://openalex.org/W3049229199;https://openalex.org/W3129227114
https://openalex.org/A5042511971,https://openalex.org/S2485537415,3,0.6169,https://openalex.org/W3133715761;https://openalex.org/W3049229199;https://openalex.org/W3129227114
https://openalex.org/A5042842059,https://openalex.org/S4210195431,2,0.7473,https://openalex.org/W3075432525;https://openalex.org/W3149972283
https://openalex.org/A5028815763,https://openalex.org/S202381698,2,0.8535,https://openalex.org/W4224086587;https://openalex.org/W4226376539
https://openalex.org/A5061228302,https://openalex.org/S2485537415,2,0.637,https://openalex.org/W4389633789;https://openalex.org/W4397026385
https://openalex.org/A5070011508,https://openalex.org/S2485537415,3,0.714,https://openalex.org/W3157030441;https://openalex.org/W4319303001;https://openalex.org/W2909220062
https://openalex.org/A5100433430,https://openalex.org/S2485537415,2,0.7444,https://openalex.org/W3037100389;https://openalex.org/W2979900860
https://openalex.org/A5078536199,https://openalex.org/S52395412,2,0.901,https://openalex.org/W2968353232;https://openalex.org/W4390590406
https://openalex.org/A5038413505,https://openalex.org/S2485537415,2,0.8563,https://openalex.org/W4396214404;https://openalex.org/W4285239975
https://openalex.org/A5059766088,https://openalex.org/S2485537415,2,0.8563,https://openalex.org/W4396214404;https://openalex.org/W4285239975
https://openalex.org/A5068021506,https://openalex.org/S2764846071,2,0.5684,https://openalex.org/W4296685329;https://openalex.org/W4399886881
https://openalex.org/A5020861976,https://openalex.org/S2485537415,3,0.7126,https://openalex.org/W3025185639;https://openalex.org/W3210382387;https://openalex.org/W3209629406
https://openalex.org/A5100607669,https://openalex.org/S2485537415,3,0.7634,https://openalex.org/W3113434025;https://openalex.org/W3170720946;https://openalex.org/W3033948091
https://openalex.org/A5085341225,https://openalex.org/S2485537415,2,0.8046,https://openalex.org/W3090154305;https://openalex.org/W3198331626
https://openalex.org/A5077167009,https://openalex.org/S4210192031,2,0.843,https://openalex.org/W4367627374;https://openalex.org/W4320917693
https://openalex.org/A5069645890,https://openalex.org/S101949793,2,0.6547,https://openalex.org/W4366772049;https://openalex.org/W3015061410
https://openalex.org/A5002685259,https://openalex.org/S2485537415,3,0.8508,https://openalex.org/W4384916271;https://openalex.org/W4295700760;https://openalex.org/W4295308531
https://openalex.org/A5055585858,https://openalex.org/S196734849,2,0.6582,https://openalex.org/W4382797771;https://openalex.org/W4372336638
https://openalex.org/A5076251937,https://openalex.org/S196734849,3,0.6559,https://openalex.org/W4382797771;https://openalex.org/W4388903318;https://openalex.org/W4372336638
https://openalex.org/A5007976764,https://openalex.org/S2485537415,3,0.6624,https://openalex.org/W2906722631;https://openalex.org/W3096295776;https://openalex.org/W4324125378
https://openalex.org/A5058629014,https://openalex.org/S4210205812,2,0.7865,https://openalex.org/W4289515477;https://openalex.org/W4283123701
https://openalex.org/A5053762553,https://openalex.org/S4210205812,2,0.7352,https://openalex.org/W4307264545;https://openalex.org/W4400350291
https://openalex.org/A5038318417,https://openalex.org/S178776955,2,0.8107,https://openalex.org/W3131408648;https://openalex.org/W3110347303
https://openalex.org/A5017426085,https://openalex.org/S2485537415,2,0.6505,https://openalex.org/W3125365826;https://openalex.org/W2947498044
https://openalex.org/A5059439673,https://openalex.org/S139930977,2,0.7287,https://openalex.org/W3213776081;https://openalex.org/W3205363109
https://openalex.org/A5063905246,https://openalex.org/S2485537415,2,0.8686,https://openalex.org/W3123967911;https://openalex.org/W4312627159
https://openalex.org/A5084238912,https://openalex.org/S2485537415,2,0.6604,https://openalex.org/W4290712875;https://openalex.org/W4352977027
https://openalex.org/A5083173630,https://openalex.org/S4210192031,2,0.7378,https://openalex.org/W4281609473;https://openalex.org/W4297235973
https://openalex.org/A5108141871,https://openalex.org/S4210172076,2,0.8649,https://openalex.org/W4308868318;https://openalex.org/W4386222914
https://openalex.org/A5100601924,https://openalex.org/S2485537415,2,0.7882,https://openalex.org/W2943363397;https://openalex.org/W2913381670
https://openalex.org/A5100389900,https://openalex.org/S107516304,2,0.7824,https://openalex.org/W3212776013;https://openalex.org/W3215349798
https://openalex.org/A5076412680,https://openalex.org/S155526855,2,1.0,https://openalex.org/W4383533118;https://openalex.org/W4381432831
https://openalex.org/A5021168579,https://openalex.org/S190629608,2,0.7188,https://openalex.org/W4306836273;https://openalex.org/W4327970411
https://openalex.org/A5066848534,https://openalex.org/S190629608,2,0.7188,https://openalex.org/W4306836273;https://openalex.org/W4327970411
https://openalex.org/A5089112142,https://openalex.org/S2729999759,3,0.6959,https://openalex.org/W3211758383;https://openalex.org/W4401208776;https://openalex.org/W2963583956
https://openalex.org/A5078696090,https://openalex.org/S155526855,2,0.8383,https://openalex.org/W2923290299;https://openalex.org/W3214193653
https://openalex.org/A5051091627,https://openalex.org/S101949793,2,0.6396,https://openalex.org/W4206834552;https://openalex.org/W4365448789
https://openalex.org/A5022974795,https://openalex.org/S2485537415,2,0.7006,https://openalex.org/W4285198056;https://openalex.org/W2794357768
https://openalex.org/A5094004425,https://openalex.org/S3035462843,2,0.827,https://openalex.org/W4393054218;https://openalex.org/W4404426465
https://openalex.org/A5039506055,https://openalex.org/S3035462843,2,0.827,https://openalex.org/W4393054218;https://openalex.org/W4404426465
https://openalex.org/A5046995850,https://openalex.org/S190680769,2,0.8333,https://openalex.org/W4391445495;https://openalex.org/W4400886146
https://openalex.org/A5071456183,https://openalex.org/S196734849,2,0.5836,https://openalex.org/W4311963445;https://openalex.org/W4377096448
https://openalex.org/A5065767879,https://openalex.org/S4210177785,3,0.816,https://openalex.org/W4376875647;https://openalex.org/W4403262530;https://openalex.org/W3091885231
https://openalex.org/A5102865824,https://openalex.org/S2729999759,2,0.8124,https://openalex.org/W4395680645;https://openalex.org/W2769298630
https://openalex.org/A5100427076,https://openalex.org/S2729999759,2,0.8124,https://openalex.org/W4395680645;https://openalex.org/W2769298630
https://openalex.org/A5083808734,https://openalex.org/S4210205812,2,0.818,https://openalex.org/W4310716498;https://openalex.org/W4306362235
https://openalex.org/A5100558588,https://openalex.org/S4210205812,2,0.818,https://openalex.org/W4310716498;https://openalex.org/W4306362235
https://openalex.org/A5080838199,https://openalex.org/S107516304,2,0.8707,https://openalex.org/W4313988795;https://openalex.org/W4386827007
https://openalex.org/A5057488732,https://openalex.org/S2485537415,2,0.6384,https://openalex.org/W4394676691;https://openalex.org/W3155162522
https://openalex.org/A5077087855,https://openalex.org/S2485537415,2,0.5885,https://openalex.org/W4312854033;https://openalex.org/W2895831816
https://openalex.org/A5043429509,https://openalex.org/S196734849,3,0.7949,https://openalex.org/W3098509924;https://openalex.org/W4366587925;https://openalex.org/W4386327978
https://openalex.org/A5048983044,https://openalex.org/S196734849,3,0.7949,https://openalex.org/W4366587925;https://openalex.org/W4386327978;https://openalex.org/W3098509924
https://openalex.org/A5020589579,https://openalex.org/S4210192031,2,0.855,https://openalex.org/W4389613795;https://openalex.org/W4400042515
https://openalex.org/A5039471780,https://openalex.org/S64187185,2,0.7576,https://openalex.org/W4386001188;https://openalex.org/W4382794690
https://openalex.org/A5006394687,https://openalex.org/S101949793,3,0.7593,https://openalex.org/W4385697313;https://openalex.org/W4382936427;https://openalex.org/W4391654808
https://openalex.org/A5029347215,https://openalex.org/S2485537415,3,0.6644,https://openalex.org/W4302570227;https://openalex.org/W2562555919;https://openalex.org/W4388642342
https://openalex.org/A5024155508,https://openalex.org/S2485537415,2,0.6807,https://openalex.org/W4312337797;https://openalex.org/W4285817569
https://openalex.org/A5010404742,https://openalex.org/S4210177785,3,0.8085,https://openalex.org/W4328097952;https://openalex.org/W3118840012;https://openalex.org/W3045125794
https://openalex.org/A5087629613,https://openalex.org/S4210177785,3,0.8202,https://openalex.org/W4328097952;https://openalex.org/W3045125794;https://openalex.org/W2335197832
https://openalex.org/A5036044217,https://openalex.org/S4210172076,2,0.7428,https://openalex.org/W4387115528;https://openalex.org/W4319014159
https://openalex.org/A5010312084,https://openalex.org/S2485537415,2,0.7288,https://openalex.org/W3112098503;https://openalex.org/W4327663221
https://openalex.org/A5044414974,https://openalex.org/S4210192031,2,0.7907,https://openalex.org/W4366283377;https://openalex.org/W4294838949
https://openalex.org/A5004845860,https://openalex.org/S4210205812,2,0.9235,https://openalex.org/W4310045024;https://openalex.org/W4303578856
https://openalex.org/A5017826428,https://openalex.org/S202381698,2,0.6845,https://openalex.org/W4313249511;https://openalex.org/W4400679355
https://openalex.org/A5100577331,https://openalex.org/S2485537415,3,0.7839,https://openalex.org/W4387350604;https://openalex.org/W4386320373;https://openalex.org/W4400770758
https://openalex.org/A5014010051,https://openalex.org/S4210206423,2,0.7314,https://openalex.org/W4384131469;https://openalex.org/W4397001521
https://openalex.org/A5030769426,https://openalex.org/S2485537415,2,0.8407,https://openalex.org/W2994696538;https://openalex.org/W2988847635
https://openalex.org/A5015246388,https://openalex.org/S2485537415,2,0.6156,https://openalex.org/W3212279797;https://openalex.org/W4361764999
https://openalex.org/A5091256982,https://openalex.org/S4210178049,2,0.6511,https://openalex.org/W4386292370;https://openalex.org/W4378234117
https://openalex.org/A5080591144,https://openalex.org/S139930977,2,0.8268,https://openalex.org/W2817967199;https://openalex.org/W4307490062
https://openalex.org/A5040535325,https://openalex.org/S2764650051,2,0.8236,https://openalex.org/W4308774387;https://openalex.org/W4229455170
https://openalex.org/A5036707627,https://openalex.org/S2485537415,2,0.7295,https://openalex.org/W4392151785;https://openalex.org/W4378714237
https://openalex.org/A5072283349,https://openalex.org/S52395412,2,0.8757,https://openalex.org/W4391335182;https://openalex.org/W4382631688
https://openalex.org/A5006869294,https://openalex.org/S4210205812,2,0.719,https://openalex.org/W4323663595;https://openalex.org/W4319317597
https://openalex.org/A5045776785,https://openalex.org/S4210192031,2,0.6847,https://openalex.org/W4322743038;https://openalex.org/W4402371161
https://openalex.org/A5072951124,https://openalex.org/S4210178049,2,0.7834,https://openalex.org/W4304811509;https://openalex.org/W4378234117
https://openalex.org/A5092522700,https://openalex.org/S2485537415,2,0.6333,https://openalex.org/W4391019654;https://openalex.org/W4400488463
https://openalex.org/A5005036651,https://openalex.org/S2485537415,2,0.8011,https://openalex.org/W4391305567;https://openalex.org/W4382766972
https://openalex.org/A5103162097,https://openalex.org/S2485537415,2,0.8011,https://openalex.org/W4391305567;https://openalex.org/W4382766972
https://openalex.org/A5011702834,https://openalex.org/S2485537415,2,0.8631,https://openalex.org/W4401748074;https://openalex.org/W4392157450
https://openalex.org/A5067892569,https://openalex.org/S4210205812,2,0.745,https://openalex.org/W4402370173;https://openalex.org/W4405495338
https://openalex.org/A5059342941,https://openalex.org/S4210178049,2,0.6309,https://openalex.org/W4200017912;https://openalex.org/W4281768282
https://openalex.org/A5064876801,https://openalex.org/S2729999759,2,0.6832,https://openalex.org/W4402640107;https://openalex.org/W4394743136
https://openalex.org/A5063017862,https://openalex.org/S2485537415,2,0.7263,https://openalex.org/W2969413581;https://openalex.org/W3135647342
https://openalex.org/A5089172584,https://openalex.org/S2485537415,2,0.5621,https://openalex.org/W4395470979;https://openalex.org/W4400228624
https://openalex.org/A5074179735,https://openalex.org/S2485537415,2,0.7429,https://openalex.org/W4387247694;https://openalex.org/W2911669991
https://openalex.org/A5072132291,https://openalex.org/S4210192031,2,0.8052,https://openalex.org/W4313389306;https://openalex.org/W4405514698
https://openalex.org/A5032928664,https://openalex.org/S4210178049,2,0.6084,https://openalex.org/W4324143634;https://openalex.org/W3145436812
https://openalex.org/A5011508203,https://openalex.org/S2485537415,2,0.8316,https://openalex.org/W3140611135;https://openalex.org/W4400579165
https://openalex.org/A5058606862,https://openalex.org/S4210219776,2,0.8682,https://openalex.org/W4396511291;https://openalex.org/W4404720546
https://openalex.org/A5071852803,https://openalex.org/S4210172076,2,0.8294,https://openalex.org/W4381805988;https://openalex.org/W4396773893
https://openalex.org/A5069383358,https://openalex.org/S2485537415,3,0.6581,https://openalex.org/W4401210375;https://openalex.org/W4394966870;https://openalex.org/W4386320374
https://openalex.org/A5066626872,https://openalex.org/S2485537415,2,0.7063,https://openalex.org/W4404307215;https://openalex.org/W4396680615
https://openalex.org/A5006872667,https://openalex.org/S20211220,3,0.757,https://openalex.org/W3020238131;https://openalex.org/W4399953397;https://openalex.org/W4405283898
https://openalex.org/A5011333407,https://openalex.org/S20211220,3,0.757,https://openalex.org/W3020238131;https://openalex.org/W4399953397;https://openalex.org/W4405283898
https://openalex.org/A5043580907,https://openalex.org/S4210238752,2,0.7228,https://openalex.org/W4395450962;https://openalex.org/W4393951203
https://openalex.org/A5068834395,https://openalex.org/S2485537415,3,0.8413,https://openalex.org/W2910123878;https://openalex.org/W2969276548;https://openalex.org/W3161779450
https://openalex.org/A5075158930,https://openalex.org/S196734849,3,0.7627,https://openalex.org/W3191743075;https://openalex.org/W2948394366;https://openalex.org/W2891816967
https://openalex.org/A5044159959,https://openalex.org/S2485537415,2,0.6677,https://openalex.org/W2500334081;https://openalex.org/W2414393820
https://openalex.org/A5014513119,https://openalex.org/S2764650051,2,0.7718,https://openalex.org/W2555887493;https://openalex.org/W3120954751
https://openalex.org/A5001878365,https://openalex.org/S139930977,3,0.8679,https://openalex.org/W2600455691;https://openalex.org/W4324130885;https://openalex.org/W3214083543
https://openalex.org/A5061070955,https://openalex.org/S2485537415,2,0.6964,https://openalex.org/W3024677631;https://openalex.org/W2998314426
https://openalex.org/A5103262460,https://openalex.org/S178776955,2,0.7225,https://openalex.org/W2762080095;https://openalex.org/W2898551707
https://openalex.org/A5100377341,https://openalex.org/S2485537415,2,0.544,https://openalex.org/W2921022025;https://openalex.org/W2976414818
https://openalex.org/A5100454306,https://openalex.org/S2485537415,3,0.6851,https://openalex.org/W3007581057;https://openalex.org/W2997273301;https://openalex.org/W4293371005
https://openalex.org/A5077738281,https://openalex.org/S4210205812,2,0.7773,https://openalex.org/W2594214907;https://openalex.org/W2942039993
https://openalex.org/A5041011902,https://openalex.org/S101949793,2,0.9305,https://openalex.org/W3198226370;https://openalex.org/W2922728516
https://openalex.org/A5032415518,https://openalex.org/S2485537415,2,0.7094,https://openalex.org/W3121163724;https://openalex.org/W2729929678
https://openalex.org/A5022606799,https://openalex.org/S2485537415,2,0.5675,https://openalex.org/W4391696981;https://openalex.org/W2969261967
https://openalex.org/A5082137554,https://openalex.org/S2485537415,2,0.6174,https://openalex.org/W4383340351;https://openalex.org/W4389474056
https://openalex.org/A5042798851,https://openalex.org/S2485537415,2,0.8129,https://openalex.org/W4210843599;https://openalex.org/W3093674982
https://openalex.org/A5030636344,https://openalex.org/S2485537415,2,0.6884,https://openalex.org/W4396886494;https://openalex.org/W4400351833
https://openalex.org/A5050582138,https://openalex.org/S139930977,3,0.8378,https://openalex.org/W2922066636;https://openalex.org/W2267824407;https://openalex.org/W2347154127
https://openalex.org/A5009776777,https://openalex.org/S2485537415,2,0.841,https://openalex.org/W2933683828;https://openalex.org/W2960057190
https://openalex.org/A5100323630,https://openalex.org/S2485537415,2,0.841,https://openalex.org/W2933683828;https://openalex.org/W2960057190
https://openalex.org/A5111618601,https://openalex.org/S202381698,2,0.7688,https://openalex.org/W2789946045;https://openalex.org/W2904072913
https://openalex.org/A5054879396,https://openalex.org/S125501549,2,0.7069,https://openalex.org/W2480917010;https://openalex.org/W2500519874
https://openalex.org/A5100696227,https://openalex.org/S2485537415,2,0.5982,https://openalex.org/W2970083466;https://openalex.org/W3081706615
https://openalex.org/A5058205797,https://openalex.org/S30889260,2,0.7821,https://openalex.org/W2981245529;https://openalex.org/W2294780743
https://openalex.org/A5023417619,https://openalex.org/S30889260,2,0.7821,https://openalex.org/W2981245529;https://openalex.org/W2294780743
https://openalex.org/A5103474706,https://openalex.org/S101949793,2,0.829,https://openalex.org/W2971704219;https://openalex.org/W2803565927
https://openalex.org/A5042609299,https://openalex.org/S2485537415,2,0.5427,https://openalex.org/W3012343373;https://openalex.org/W3012174035
https://openalex.org/A5047970122,https://openalex.org/S4210178049,2,0.7093,https://openalex.org/W3177002328;https://openalex.org/W4388288227
https://openalex.org/A5006177057,https://openalex.org/S101949793,3,0.6958,https://openalex.org/W2896002290;https://openalex.org/W2991286519;https://openalex.org/W2805635534
https://openalex.org/A5070888504,https://openalex.org/S2485537415,2,0.8348,https://openalex.org/W4295308610;https://openalex.org/W4399426455
https://openalex.org/A5024895874,https://openalex.org/S196734849,2,0.7519,https://openalex.org/W3177504760;https://openalex.org/W4285390975
https://openalex.org/A5015204293,https://openalex.org/S4210201048,2,0.6723,https://openalex.org/W3111444395;https://openalex.org/W4220725600
https://openalex.org/A5020371301,https://openalex.org/S2485537415,2,0.8328,https://openalex.org/W3203949288;https://openalex.org/W3166931362
https://openalex.org/A5014206990,https://openalex.org/S2485537415,2,0.8328,https://openalex.org/W3203949288;https://openalex.org/W3166931362
https://openalex.org/A5108464916,https://openalex.org/S4210177785,2,0.8582,https://openalex.org/W4224090216;https://openalex.org/W4320883111
https://openalex.org/A5013329791,https://openalex.org/S4210177785,3,0.8325,https://openalex.org/W2912250273;https://openalex.org/W2738769391;https://openalex.org/W2793249006
https://openalex.org/A5027041226,https://openalex.org/S4210205812,2,0.6442,https://openalex.org/W2932079797;https://openalex.org/W2936871749
https://openalex.org/A5101724879,https://openalex.org/S2764955546,2,0.8023,https://openalex.org/W4322754751;https://openalex.org/W4362473706
https://openalex.org/A5029925325,https://openalex.org/S4210205812,2,0.6569,https://openalex.org/W4385986797;https://openalex.org/W4387119634
https://openalex.org/A5113696439,https://openalex.org/S2764846071,2,0.8138,https://openalex.org/W2473284183;https://openalex.org/W2521957736
https://openalex.org/A5113681529,https://openalex.org/S4210205812,3,0.8459,https://openalex.org/W3197662463;https://openalex.org/W4313247468;https://openalex.org/W3194642784
https://openalex.org/A5014073915,https://openalex.org/S4210192031,2,0.6938,https://openalex.org/W4317207838;https://openalex.org/W3166034354
https://openalex.org/A5083383180,https://openalex.org/S4210192031,3,0.7428,https://openalex.org/W3002491092;https://openalex.org/W4308548247;https://openalex.org/W3080342797
https://openalex.org/A5075448658,https://openalex.org/S2485537415,2,0.8463,https://openalex.org/W3187056701;https://openalex.org/W3015280435
https://openalex.org/A5032689067,https://openalex.org/S155526855,2,0.7847,https://openalex.org/W2154462503;https://openalex.org/W2986265153
https://openalex.org/A5028040391,https://openalex.org/S155526855,3,0.7973,https://openalex.org/W4220674272;https://openalex.org/W4388691873;https://openalex.org/W4285726048
https://openalex.org/A5059925149,https://openalex.org/S4210192031,2,0.7562,https://openalex.org/W4385212955;https://openalex.org/W2971499250
https://openalex.org/A5032307166,https://openalex.org/S2485537415,3,0.646,https://openalex.org/W2941092046;https://openalex.org/W4400905261;https://openalex.org/W2999278103
https://openalex.org/A5100775216,https://openalex.org/S2485537415,3,0.9152,https://openalex.org/W3001789299;https://openalex.org/W2963680343;https://openalex.org/W3006432169
https://openalex.org/A5089497809,https://openalex.org/S2485537415,2,0.7995,https://openalex.org/W3115542268;https://openalex.org/W4396214764
https://openalex.org/A5066928855,https://openalex.org/S178776955,2,0.8243,https://openalex.org/W4379086687;https://openalex.org/W4401143988
https://openalex.org/A5101751069,https://openalex.org/S2485537415,3,0.6821,https://openalex.org/W4293499155;https://openalex.org/W4313546737;https://openalex.org/W4328007308
https://openalex.org/A5101640058,https://openalex.org/S101949793,3,0.8623,https://openalex.org/W2564767511;https://openalex.org/W2620741975;https://openalex.org/W2790040946
https://openalex.org/A5012299990,https://openalex.org/S4210205812,2,0.8475,https://openalex.org/W3128590715;https://openalex.org/W3216493525
https://openalex.org/A5059804251,https://openalex.org/S2729999759,2,0.7677,https://openalex.org/W3178633887;https://openalex.org/W3031177401
https://openalex.org/A5002110023,https://openalex.org/S2485537415,2,0.7167,https://openalex.org/W2986732100;https://openalex.org/W3120721003
https://openalex.org/A5067556564,https://openalex.org/S2485537415,3,0.7899,https://openalex.org/W2981593076;https://openalex.org/W2998961377;https://openalex.org/W3004635547
https://openalex.org/A5069041202,https://openalex.org/S139930977,2,0.8533,https://openalex.org/W3048427244;https://openalex.org/W2809932296
https://openalex.org/A5045179998,https://openalex.org/S3569471,3,0.7421,https://openalex.org/W4214743816;https://openalex.org/W3096245097;https://openalex.org/W2610342561
https://openalex.org/A5023961687,https://openalex.org/S3035462843,2,0.6484,https://openalex.org/W4404427271;https://openalex.org/W4392372184
https://openalex.org/A5070390862,https://openalex.org/S2485537415,2,0.8321,https://openalex.org/W3177655429;https://openalex.org/W3039665270
https://openalex.org/A5100438478,https://openalex.org/S2485537415,2,0.8833,https://openalex.org/W2945271821;https://openalex.org/W2901675550
https://openalex.org/A5009325271,https://openalex.org/S195231649,3,0.7138,https://openalex.org/W3137057398;https://openalex.org/W3126014626;https://openalex.org/W3079955638
https://openalex.org/A5050030419,https://openalex.org/S107516304,2,0.857,https://openalex.org/W2903877319;https://openalex.org/W4225145927
https://openalex.org/A5065836447,https://openalex.org/S139930977,3,0.7776,https://openalex.org/W1037351197;https://openalex.org/W4307490062;https://openalex.org/W3117215073
https://openalex.org/A5011476402,https://openalex.org/S127898559,2,0.8702,https://openalex.org/W2181430830;https://openalex.org/W2057681319
https://openalex.org/A5050036814,https://openalex.org/S2729999759,3,0.7108,https://openalex.org/W2910795780;https://openalex.org/W2809687772;https://openalex.org/W3088916145
https://openalex.org/A5054307870,https://openalex.org/S101949793,2,0.7889,https://openalex.org/W4385707277;https://openalex.org/W4391030526
https://openalex.org/A5029273503,https://openalex.org/S2485537415,3,0.6214,https://openalex.org/W3196350734;https://openalex.org/W3206033013;https://openalex.org/W4210631684
https://openalex.org/A5087753797,https://openalex.org/S125501549,2,0.7272,https://openalex.org/W4205435066;https://openalex.org/W4283574889
https://openalex.org/A5100400329,https://openalex.org/S2485537415,3,0.7508,https://openalex.org/W3106756765;https://openalex.org/W2998984271;https://openalex.org/W2979137222
https://openalex.org/A5031118213,https://openalex.org/S4210192031,2,0.7727,https://openalex.org/W4221033074;https://openalex.org/W4296360180
https://openalex.org/A5102832355,https://openalex.org/S2485537415,3,0.8552,https://openalex.org/W2904685147;https://openalex.org/W2904840003;https://openalex.org/W2897863226
https://openalex.org/A5081683515,https://openalex.org/S2485537415,3,0.8489,https://openalex.org/W2929674466;https://openalex.org/W2996425034;https://openalex.org/W4386609093
https://openalex.org/A5058725543,https://openalex.org/S2485537415,2,0.8713,https://openalex.org/W3192902118;https://openalex.org/W3084026171
https://openalex.org/A5101958839,https://openalex.org/S997959834,2,0.7423,https://openalex.org/W4400585576;https://openalex.org/W3202407565
https://openalex.org/A5011885733,https://openalex.org/S4210192031,3,0.7742,https://openalex.org/W3211628713;https://openalex.org/W3190612593;https://openalex.org/W3173419446
https://openalex.org/A5065842342,https://openalex.org/S2485537415,2,0.6199,https://openalex.org/W3024754405;https://openalex.org/W2985936085
https://openalex.org/A5046274853,https://openalex.org/S107516304,2,0.7985,https://openalex.org/W2479597298;https://openalex.org/W2489661937
https://openalex.org/A5060557478,https://openalex.org/S2485537415,2,0.8741,https://openalex.org/W4404914429;https://openalex.org/W3178853440
https://openalex.org/A5041826599,https://openalex.org/S2485537415,2,0.8276,https://openalex.org/W4396853145;https://openalex.org/W4400410123
https://openalex.org/A5026039370,https://openalex.org/S2485537415,3,0.7994,https://openalex.org/W3035974859;https://openalex.org/W4285212712;https://openalex.org/W3163053569
https://openalex.org/A5089424445,https://openalex.org/S43295729,2,0.8604,https://openalex.org/W3207962952;https://openalex.org/W4386996713
https://openalex.org/A5051297830,https://openalex.org/S2485537415,2,0.8535,https://openalex.org/W4388274336;https://openalex.org/W4387885860
https://openalex.org/A5018409539,https://openalex.org/S2485537415,3,0.7167,https://openalex.org/W2964737815;https://openalex.org/W2908377234;https://openalex.org/W3000172280
https://openalex.org/A5074236242,https://openalex.org/S178776955,3,0.7659,https://openalex.org/W4312007522;https://openalex.org/W3008976402;https://openalex.org/W4396662713
https://openalex.org/A5050008389,https://openalex.org/S196734849,2,0.8558,https://openalex.org/W3007289092;https://openalex.org/W3211247021
https://openalex.org/A5003809101,https://openalex.org/S2485537415,2,0.7129,https://openalex.org/W3125723743;https://openalex.org/W4367665974
https://openalex.org/A5067946650,https://openalex.org/S2485537415,3,0.6015,https://openalex.org/W3199390665;https://openalex.org/W2754920661;https://openalex.org/W3000031749
https://openalex.org/A5100699858,https://openalex.org/S3035462843,2,0.7202,https://openalex.org/W2543184832;https://openalex.org/W3215772711
https://openalex.org/A5074857800,https://openalex.org/S2485537415,2,0.7039,https://openalex.org/W3011131643;https://openalex.org/W4323338752
https://openalex.org/A5064747056,https://openalex.org/S4210177785,3,0.8201,https://openalex.org/W4283208270;https://openalex.org/W4318014893;https://openalex.org/W4281479916
https://openalex.org/A5056101465,https://openalex.org/S2485537415,2,0.585,https://openalex.org/W4313017257;https://openalex.org/W3200498707
https://openalex.org/A5058576703,https://openalex.org/S32837994,3,0.6608,https://openalex.org/W2621138776;https://openalex.org/W4389223917;https://openalex.org/W4399117195
https://openalex.org/A5101430628,https://openalex.org/S2485537415,3,0.6732,https://openalex.org/W4386766808;https://openalex.org/W2892255963;https://openalex.org/W2748697095
https://openalex.org/A5067338383,https://openalex.org/S4210192031,2,0.7657,https://openalex.org/W4404635347;https://openalex.org/W4405002655
https://openalex.org/A5042410367,https://openalex.org/S178776955,3,0.7586,https://openalex.org/W2905604222;https://openalex.org/W4293242744;https://openalex.org/W3160208313
https://openalex.org/A5043665482,https://openalex.org/S24978797,3,0.6914,https://openalex.org/W2921333516;https://openalex.org/W4297985140;https://openalex.org/W4386920498
https://openalex.org/A5061099047,https://openalex.org/S2485537415,2,0.7341,https://openalex.org/W2998165854;https://openalex.org/W2970032940
https://openalex.org/A5101766931,https://openalex.org/S101949793,2,0.8363,https://openalex.org/W3120438957;https://openalex.org/W3135013162
https://openalex.org/A5101457814,https://openalex.org/S101949793,2,0.8363,https://openalex.org/W3120438957;https://openalex.org/W3135013162
https://openalex.org/A5026875260,https://openalex.org/S2764955546,2,0.6306,https://openalex.org/W4384461115;https://openalex.org/W3164185089
https://openalex.org/A5017643814,https://openalex.org/S2485537415,2,0.8238,https://openalex.org/W3112301260;https://openalex.org/W4387885991
https://openalex.org/A5100374291,https://openalex.org/S202381698,2,0.7931,https://openalex.org/W4226265173;https://openalex.org/W4229062925
https://openalex.org/A5072906996,https://openalex.org/S2764650051,2,0.8394,https://openalex.org/W3122092081;https://openalex.org/W4404448611
https://openalex.org/A5033460973,https://openalex.org/S2485537415,3,0.7407,https://openalex.org/W3108127110;https://openalex.org/W4312581961;https://openalex.org/W4377224392
https://openalex.org/A5014705370,https://openalex.org/S4210172076,2,0.8056,https://openalex.org/W4387308675;https://openalex.org/W4361287164
https://openalex.org/A5060108348,https://openalex.org/S2485537415,2,0.8277,https://openalex.org/W4290717264;https://openalex.org/W2940983257
https://openalex.org/A5032811380,https://openalex.org/S4210192031,2,0.6954,https://openalex.org/W2994977269;https://openalex.org/W4322771126
https://openalex.org/A5045749444,https://openalex.org/S19032547,2,0.6561,https://openalex.org/W2618839780;https://openalex.org/W4309323789
https://openalex.org/A5053868433,https://openalex.org/S2485537415,2,0.702,https://openalex.org/W2892952105;https://openalex.org/W2964510579
https://openalex.org/A5023375107,https://openalex.org/S2485537415,2,0.6987,https://openalex.org/W2892952105;https://openalex.org/W2903778898
https://openalex.org/A5027538775,https://openalex.org/S2898612692,2,0.766,https://openalex.org/W4303444716;https://openalex.org/W4304960651
https://openalex.org/A5019825076,https://openalex.org/S196734849,3,0.8225,https://openalex.org/W4386524804;https://openalex.org/W4323925896;https://openalex.org/W4389282086
https://openalex.org/A5042038501,https://openalex.org/S196734849,2,0.8994,https://openalex.org/W3172891423;https://openalex.org/W3128687162
https://openalex.org/A5100439437,https://openalex.org/S2485537415,2,0.5634,https://openalex.org/W2765862162;https://openalex.org/W4385338945
https://openalex.org/A5102745150,https://openalex.org/S34838331,2,0.7743,https://openalex.org/W3080232144;https://openalex.org/W4213060092
https://openalex.org/A5072716938,https://openalex.org/S2485537415,2,0.7251,https://openalex.org/W4297094742;https://openalex.org/W3096650070
https://openalex.org/A5066501193,https://openalex.org/S207319443,3,0.669,https://openalex.org/W3108035982;https://openalex.org/W3136657289;https://openalex.org/W3141683523
https://openalex.org/A5027472030,https://openalex.org/S2485537415,2,0.6317,https://openalex.org/W4403122958;https://openalex.org/W4405269896
https://openalex.org/A5035746903,https://openalex.org/S4210197006,2,0.7872,https://openalex.org/W4400513375;https://openalex.org/W4296672794
https://openalex.org/A5002839332,https://openalex.org/S2485537415,3,0.7151,https://openalex.org/W3043958695;https://openalex.org/W4381884092;https://openalex.org/W2894776118
https://openalex.org/A5033923198,https://openalex.org/S2485537415,3,0.8045,https://openalex.org/W3115308400;https://openalex.org/W3019173729;https://openalex.org/W2949281559
https://openalex.org/A5005649871,https://openalex.org/S4210177785,3,0.9044,https://openalex.org/W3014754116;https://openalex.org/W3118232860;https://openalex.org/W3172375847
https://openalex.org/A5056941899,https://openalex.org/S196734849,3,0.8549,https://openalex.org/W3162016615;https://openalex.org/W4398781593;https://openalex.org/W3205057988
https://openalex.org/A5017346745,https://openalex.org/S196734849,2,0.7615,https://openalex.org/W4391291630;https://openalex.org/W4403213543
https://openalex.org/A5052476498,https://openalex.org/S101949793,2,0.6125,https://openalex.org/W4281934552;https://openalex.org/W3043912038
https://openalex.org/A5086385154,https://openalex.org/S4210205812,2,0.834,https://openalex.org/W4285732179;https://openalex.org/W4293010063
https://openalex.org/A5005200603,https://openalex.org/S2485537415,3,0.7537,https://openalex.org/W4312691607;https://openalex.org/W4323022447;https://openalex.org/W4285118650
https://openalex.org/A5030640099,https://openalex.org/S4210197006,2,0.9046,https://openalex.org/W4293767525;https://openalex.org/W4366219969
https://openalex.org/A5029740730,https://openalex.org/S2485537415,2,0.7908,https://openalex.org/W2991530011;https://openalex.org/W4226166940
https://openalex.org/A5100746647,https://openalex.org/S2485537415,3,0.8552,https://openalex.org/W2904685147;https://openalex.org/W2904840003;https://openalex.org/W2897863226
https://openalex.org/A5004667864,https://openalex.org/S2485537415,2,0.5956,https://openalex.org/W4379468629;https://openalex.org/W4394938948
https://openalex.org/A5052424667,https://openalex.org/S2485537415,2,0.7696,https://openalex.org/W3107092601;https://openalex.org/W4383503751
https://openalex.org/A5012475436,https://openalex.org/S2485537415,3,0.8151,https://openalex.org/W2883115548;https://openalex.org/W2940391604;https://openalex.org/W3114886839
https://openalex.org/A5005130812,https://openalex.org/S2485537415,2,0.8333,https://openalex.org/W2897981614;https://openalex.org/W2941603869
https://openalex.org/A5100627876,https://openalex.org/S2485537415,2,0.6921,https://openalex.org/W2907213813;https://openalex.org/W2922442527
https://openalex.org/A5083478920,https://openalex.org/S2485537415,3,0.6703,https://openalex.org/W2941893836;https://openalex.org/W3148361514;https://openalex.org/W3049076525
https://openalex.org/A5035752407,https://openalex.org/S2485537415,3,0.8381,https://openalex.org/W2941893836;https://openalex.org/W2977311251;https://openalex.org/W2983922512
https://openalex.org/A5112330829,https://openalex.org/S2485537415,3,0.6295,https://openalex.org/W2802349643;https://openalex.org/W3109549323;https://openalex.org/W3188425338
https://openalex.org/A5045926954,https://openalex.org/S2485537415,2,0.8316,https://openalex.org/W3140611135;https://openalex.org/W4400579165
https://openalex.org/A5043972221,https://openalex.org/S52395412,2,0.901,https://openalex.org/W2968353232;https://openalex.org/W4390590406
https://openalex.org/A5059973732,https://openalex.org/S196734849,2,0.8558,https://openalex.org/W3007289092;https://openalex.org/W3211247021
https://openalex.org/A5082263006,https://openalex.org/S195231649,2,0.7304,https://openalex.org/W3217783452;https://openalex.org/W4223513214
https://openalex.org/A5054767601,https://openalex.org/S4210172076,3,0.8494,https://openalex.org/W4229016538;https://openalex.org/W4285005387;https://openalex.org/W4316039145
https://openalex.org/A5048709524,https://openalex.org/S4210205812,2,0.818,https://openalex.org/W4310716498;https://openalex.org/W4306362235
https://openalex.org/A5100348138,https://openalex.org/S2485537415,2,0.7278,https://openalex.org/W2953664229;https://openalex.org/W4367032205
https://openalex.org/A5054121961,https://openalex.org/S2764413287,2,0.7435,https://openalex.org/W4400602752;https://openalex.org/W4388088911
https://openalex.org/A5071348006,https://openalex.org/S2485537415,3,0.7351,https://openalex.org/W3008132485;https://openalex.org/W2965924521;https://openalex.org/W2921053013
https://openalex.org/A5056525199,https://openalex.org/S2485537415,3,0.7865,https://openalex.org/W2992482380;https://openalex.org/W3119627319;https://openalex.org/W3186956668
https://openalex.org/A5091506990,https://openalex.org/S195231649,2,0.8061,https://openalex.org/W4399177386;https://openalex.org/W3080255456
https://openalex.org/A5021334672,https://openalex.org/S2729999759,3,0.7971,https://openalex.org/W3196696529;https://openalex.org/W4385859649;https://openalex.org/W4390075256
https://openalex.org/A5085662162,https://openalex.org/S178776955,2,0.7451,https://openalex.org/W4387527805;https://openalex.org/W4404865332
https://openalex.org/A5009197498,https://openalex.org/S2485537415,3,0.8159,https://openalex.org/W2998805367;https://openalex.org/W3007760982;https://openalex.org/W2893802071
https://openalex.org/A5100739347,https://openalex.org/S202381698,2,0.7805,https://openalex.org/W3203849430;https://openalex.org/W4306897026
https://openalex.org/A5035984783,https://openalex.org/S2485537415,2,0.6466,https://openalex.org/W4225711758;https://openalex.org/W4385626777
https://openalex.org/A5100626240,https://openalex.org/S190680769,2,0.8381,https://openalex.org/W4384406773;https://openalex.org/W4285795717
https://openalex.org/A5055876535,https://openalex.org/S202381698,3,0.7625,https://openalex.org/W4292383093;https://openalex.org/W4396507024;https://openalex.org/W4379980945
https://openalex.org/A5058422287,https://openalex.org/S4210192031,2,0.9161,https://openalex.org/W4384342008;https://openalex.org/W4392014094
https://openalex.org/A5101684830,https://openalex.org/S196734849,2,0.8195,https://openalex.org/W4387959220;https://openalex.org/W4394688177
https://openalex.org/A5069486439,https://openalex.org/S2485537415,2,0.8257,https://openalex.org/W4404178753;https://openalex.org/W4403863466
https://openalex.org/A5059688960,https://openalex.org/S139930977,3,0.8605,https://openalex.org/W2561997573;https://openalex.org/W2982572682;https://openalex.org/W3177275367
https://openalex.org/A5009776620,https://openalex.org/S196734849,2,0.6518,https://openalex.org/W2622279389;https://openalex.org/W4225754783
https://openalex.org/A5077754432,https://openalex.org/S2485537415,2,0.9507,https://openalex.org/W4313046406;https://openalex.org/W3209221832
https://openalex.org/A5024045689,https://openalex.org/S43295729,2,0.8015,https://openalex.org/W4284703356;https://openalex.org/W4390748397
https://openalex.org/A5065664933,https://openalex.org/S101949793,2,0.7082,https://openalex.org/W4387581532;https://openalex.org/W4365448789
https://openalex.org/A5012814888,https://openalex.org/S4210205812,2,0.7864,https://openalex.org/W4283318382;https://openalex.org/W4293686623
https://openalex.org/A5026589408,https://openalex.org/S4210178049,2,0.8204,https://openalex.org/W4390539013;https://openalex.org/W3122189403
https://openalex.org/A5079582797,https://openalex.org/S167961193,3,0.7849,https://openalex.org/W3017100240;https://openalex.org/W2475374020;https://openalex.org/W4254108443
https://openalex.org/A5007629410,https://openalex.org/S2485537415,2,0.7502,https://openalex.org/W3122748288;https://openalex.org/W4390204239
https://openalex.org/A5023453028,https://openalex.org/S4210205812,2,0.5937,https://openalex.org/W3214621455;https://openalex.org/W3174744638
https://openalex.org/A5047574990,https://openalex.org/S4210205812,2,0.5937,https://openalex.org/W3214621455;https://openalex.org/W3174744638
https://openalex.org/A5030877187,https://openalex.org/S4210172076,2,0.8612,https://openalex.org/W4200599159;https://openalex.org/W4396953284
https://openalex.org/A5039778903,https://openalex.org/S4210205812,2,0.6509,https://openalex.org/W4283323570;https://openalex.org/W4285594766
https://openalex.org/A5069801226,https://openalex.org/S2485537415,3,0.8708,https://openalex.org/W4388205884;https://openalex.org/W3216910931;https://openalex.org/W4403534247
https://openalex.org/A5014296507,https://openalex.org/S2485537415,2,0.6788,https://openalex.org/W4380480543;https://openalex.org/W4387951960
https://openalex.org/A5003584509,https://openalex.org/S195231649,2,0.8639,https://openalex.org/W3097197336;https://openalex.org/W3111316593
https://openalex.org/A5022277993,https://openalex.org/S2485537415,2,0.8213,https://openalex.org/W3127453068;https://openalex.org/W2805612193
https://openalex.org/A5100748443,https://openalex.org/S202381698,3,0.8096,https://openalex.org/W4319655632;https://openalex.org/W3143418328;https://openalex.org/W4313545247
https://openalex.org/A5027733513,https://openalex.org/S107516304,2,0.7715,https://openalex.org/W4400956569;https://openalex.org/W3173358242
https://openalex.org/A5085539609,https://openalex.org/S2485537415,3,0.8654,https://openalex.org/W4291653308;https://openalex.org/W3198965389;https://openalex.org/W4301323220
https://openalex.org/A5037490312,https://openalex.org/S190629608,3,0.7823,https://openalex.org/W4220832748;https://openalex.org/W4389892040;https://openalex.org/W4385066515
https://openalex.org/A5080674921,https://openalex.org/S2729999759,3,0.7214,https://openalex.org/W4287027440;https://openalex.org/W4391494825;https://openalex.org/W4402227506
https://openalex.org/A5043002930,https://openalex.org/S137468011,2,0.9057,https://openalex.org/W3197014202;https://openalex.org/W2974187753
https://openalex.org/A5067196592,https://openalex.org/S4210192031,3,0.6576,https://openalex.org/W4399367061;https://openalex.org/W4404669540;https://openalex.org/W4386223593
https://openalex.org/A5101477348,https://openalex.org/S101949793,2,0.6953,https://openalex.org/W3082592266;https://openalex.org/W3212254454
https://openalex.org/A5017325090,https://openalex.org/S2485537415,3,0.8413,https://openalex.org/W3015908042;https://openalex.org/W2955437913;https://openalex.org/W3107863907
https://openalex.org/A5000158514,https://openalex.org/S4210192031,2,0.7798,https://openalex.org/W4220923620;https://openalex.org/W4388723602
https://openalex.org/A5100404334,https://openalex.org/S2485537415,2,0.9047,https://openalex.org/W4221138941;https://openalex.org/W4295308281
https://openalex.org/A5053028004,https://openalex.org/S2729999759,2,0.7961,https://openalex.org/W3169369929;https://openalex.org/W3028259633
https://openalex.org/A5003925679,https://openalex.org/S2485537415,2,0.7751,https://openalex.org/W3195566117;https://openalex.org/W3020297671
https://openalex.org/A5085012064,https://openalex.org/S2485537415,2,0.7397,https://openalex.org/W4384519193;https://openalex.org/W3042743426
https://openalex.org/A5063786906,https://openalex.org/S2765015152,2,0.5618,https://openalex.org/W4379259167;https://openalex.org/W4396721003
https://openalex.org/A5042580769,https://openalex.org/S139930977,2,0.7695,https://openalex.org/W4401316688;https://openalex.org/W3043621654
https://openalex.org/A5070355599,https://openalex.org/S2485537415,2,0.7895,https://openalex.org/W2769420354;https://openalex.org/W2921547842
https://openalex.org/A5086873475,https://openalex.org/S2485537415,3,0.6634,https://openalex.org/W4210268607;https://openalex.org/W4312702896;https://openalex.org/W2919636476
https://openalex.org/A5100440193,https://openalex.org/S43295729,2,0.8042,https://openalex.org/W4224929134;https://openalex.org/W4220881697
https://openalex.org/A5100358500,https://openalex.org/S2485537415,2,0.6838,https://openalex.org/W4312255555;https://openalex.org/W4389332134
https://openalex.org/A5035064525,https://openalex.org/S2485537415,2,0.9412,https://openalex.org/W4317796264;https://openalex.org/W4386917648
https://openalex.org/A5006397694,https://openalex.org/S2485537415,2,0.9412,https://openalex.org/W4317796264;https://openalex.org/W4386917648
https://openalex.org/A5100369763,https://openalex.org/S2485537415,2,0.941,https://openalex.org/W4293499155;https://openalex.org/W4328007308
https://openalex.org/A5055380996,https://openalex.org/S2485537415,2,0.7545,https://openalex.org/W4403722442;https://openalex.org/W4385834592
https://openalex.org/A5069450676,https://openalex.org/S4210228075,2,0.6233,https://openalex.org/W4322620041;https://openalex.org/W3153144840
https://openalex.org/A5061495027,https://openalex.org/S4210177785,2,0.8873,https://openalex.org/W4388914577;https://openalex.org/W4404209190
https://openalex.org/A5072516394,https://openalex.org/S2485537415,2,0.7423,https://openalex.org/W3191607794;https://openalex.org/W3188622144
https://openalex.org/A5033203778,https://openalex.org/S2485537415,2,0.7423,https://openalex.org/W3191607794;https://openalex.org/W3188622144
https://openalex.org/A5100387861,https://openalex.org/S202381698,2,0.7361,https://openalex.org/W3144386263;https://openalex.org/W3118404085
https://openalex.org/A5086936266,https://openalex.org/S196734849,3,0.8001,https://openalex.org/W4386944776;https://openalex.org/W4311744990;https://openalex.org/W4391335178
https://openalex.org/A5029359504,https://openalex.org/S2485537415,2,0.5737,https://openalex.org/W4383751262;https://openalex.org/W4392667218
https://openalex.org/A5051366940,https://openalex.org/S4210205812,2,0.8228,https://openalex.org/W4386068439;https://openalex.org/W4402170802
https://openalex.org/A5036250010,https://openalex.org/S2764955546,2,0.7133,https://openalex.org/W3193305930;https://openalex.org/W4224302936
https://openalex.org/A5093220923,https://openalex.org/S2485537415,3,0.8474,https://openalex.org/W4388486518;https://openalex.org/W4396941410;https://openalex.org/W4404056809
https://openalex.org/A5051606491,https://openalex.org/S2485537415,2,0.7065,https://openalex.org/W4390494405;https://openalex.org/W4297094757
https://openalex.org/A5072664558,https://openalex.org/S2485537415,2,0.7855,https://openalex.org/W4390777606;https://openalex.org/W4382203115
https://openalex.org/A5027312639,https://openalex.org/S2485537415,3,0.6997,https://openalex.org/W4391305567;https://openalex.org/W4382766972;https://openalex.org/W4403447154
https://openalex.org/A5035128702,https://openalex.org/S2485537415,2,0.8035,https://openalex.org/W3116138510;https://openalex.org/W4391936085
https://openalex.org/A5053261798,https://openalex.org/S2485537415,2,0.6045,https://openalex.org/W3000184320;https://openalex.org/W2999289173
https://openalex.org/A5023231504,https://openalex.org/S195231649,2,0.9077,https://openalex.org/W3185446235;https://openalex.org/W3179632094
https://openalex.org/A5062562417,https://openalex.org/S195231649,2,0.9077,https://openalex.org/W3185446235;https://openalex.org/W3179632094
https://openalex.org/A5053655258,https://openalex.org/S2485537415,2,0.8969,https://openalex.org/W4364322654;https://openalex.org/W4312805658
https://openalex.org/A5083112369,https://openalex.org/S196734849,2,0.8312,https://openalex.org/W3138200812;https://openalex.org/W4386208111
https://openalex.org/A5061811574,https://openalex.org/S195231649,2,0.6953,https://openalex.org/W4294152625;https://openalex.org/W4399177146
https://openalex.org/A5086225474,https://openalex.org/S2485537415,3,0.6362,https://openalex.org/W4394938948;https://openalex.org/W4394862704;https://openalex.org/W4312284807
https://openalex.org/A5049188718,https://openalex.org/S2485537415,3,0.7498,https://openalex.org/W4312445551;https://openalex.org/W4401327800;https://openalex.org/W4323338242
https://openalex.org/A5011824487,https://openalex.org/S4210192031,2,0.8043,https://openalex.org/W4288068993;https://openalex.org/W4289731297
https://openalex.org/A5047176448,https://openalex.org/S107516304,2,0.7003,https://openalex.org/W4391880762;https://openalex.org/W2788320279
https://openalex.org/A5023365911,https://openalex.org/S2485537415,2,0.7731,https://openalex.org/W4391936052;https://openalex.org/W4388206280
https://openalex.org/A5075985115,https://openalex.org/S2485537415,2,0.6159,https://openalex.org/W3081738998;https://openalex.org/W3017274064
https://openalex.org/A5102836500,https://openalex.org/S43295729,3,0.9216,https://openalex.org/W4328125298;https://openalex.org/W4381149367;https://openalex.org/W4376954599
https://openalex.org/A5017494586,https://openalex.org/S101949793,3,0.7454,https://openalex.org/W4387581532;https://openalex.org/W4396615549;https://openalex.org/W4365448789
https://openalex.org/A5102926008,https://openalex.org/S178776955,3,0.728,https://openalex.org/W4387185108;https://openalex.org/W4394961770;https://openalex.org/W4385497312
https://openalex.org/A5013426338,https://openalex.org/S4210205812,2,0.7449,https://openalex.org/W4395034112;https://openalex.org/W4311852625
https://openalex.org/A5075065160,https://openalex.org/S34838331,2,0.8638,https://openalex.org/W4224939791;https://openalex.org/W4313582814
https://openalex.org/A5050214162,https://openalex.org/S107516304,2,0.8806,https://openalex.org/W4386410427;https://openalex.org/W4390501743
https://openalex.org/A5100448204,https://openalex.org/S3569471,2,0.7416,https://openalex.org/W3014062889;https://openalex.org/W2766085862
https://openalex.org/A5025694490,https://openalex.org/S4210205812,2,0.756,https://openalex.org/W3168055830;https://openalex.org/W3080292009
https://openalex.org/A5089625578,https://openalex.org/S202381698,2,0.8306,https://openalex.org/W3095844121;https://openalex.org/W4313639694
https://openalex.org/A5075756968,https://openalex.org/S2485537415,2,0.8842,https://openalex.org/W3204447734;https://openalex.org/W4206699141
https://openalex.org/A5058676690,https://openalex.org/S2485537415,2,0.6145,https://openalex.org/W4403598640;https://openalex.org/W4312894902
https://openalex.org/A5088264992,https://openalex.org/S2764650051,2,0.7353,https://openalex.org/W4220689324;https://openalex.org/W2920854314
https://openalex.org/A5055185135,https://openalex.org/S4210216316,2,0.7548,https://openalex.org/W4386211480;https://openalex.org/W2973702636
https://openalex.org/A5072891251,https://openalex.org/S2764650051,2,0.7981,https://openalex.org/W4386579961;https://openalex.org/W4312969018
https://openalex.org/A5100599781,https://openalex.org/S178776955,3,0.7867,https://openalex.org/W4388020241;https://openalex.org/W4393564367;https://openalex.org/W4385347174
https://openalex.org/A5063666310,https://openalex.org/S4210178049,2,0.8204,https://openalex.org/W4390539013;https://openalex.org/W3122189403
https://openalex.org/A5068465621,https://openalex.org/S4210177785,2,0.8072,https://openalex.org/W4283208270;https://openalex.org/W4281479916
https://openalex.org/A5003760956,https://openalex.org/S2729999759,2,0.7304,https://openalex.org/W4400678030;https://openalex.org/W4403297898
https://openalex.org/A5092063564,https://openalex.org/S2485537415,2,0.628,https://openalex.org/W4386025837;https://openalex.org/W4378976169
https://openalex.org/A5076202343,https://openalex.org/S196734849,3,0.8163,https://openalex.org/W4405577507;https://openalex.org/W4402203184;https://openalex.org/W4401469234
https://openalex.org/A5019918285,https://openalex.org/S101949793,2,0.7957,https://openalex.org/W4200410766;https://openalex.org/W4387977108
https://openalex.org/A5017891661,https://openalex.org/S4210177785,3,0.7531,https://openalex.org/W4391519256;https://openalex.org/W1963909008;https://openalex.org/W1979105493
https://openalex.org/A5072801014,https://openalex.org/S196734849,2,0.7583,https://openalex.org/W4392597604;https://openalex.org/W4323971926
https://openalex.org/A5053938324,https://openalex.org/S2485537415,3,0.6158,https://openalex.org/W4402474219;https://openalex.org/W3088878551;https://openalex.org/W4361987383
https://openalex.org/A5033795998,https://openalex.org/S4210205812,2,0.8113,https://openalex.org/W4403598486;https://openalex.org/W4397022466
https://openalex.org/A5019928819,https://openalex.org/S2485537415,3,0.6531,https://openalex.org/W4404307326;https://openalex.org/W3046585720;https://openalex.org/W4401536980
https://openalex.org/A5064702871,https://openalex.org/S4210172076,3,0.7966,https://openalex.org/W4402859776;https://openalex.org/W4388660628;https://openalex.org/W4401337541
https://openalex.org/A5078511884,https://openalex.org/S4210172076,3,0.7966,https://openalex.org/W4388660628;https://openalex.org/W4401337541;https://openalex.org/W4402859776
https://openalex.org/A5032919424,https://openalex.org/S4210205812,2,0.8638,https://openalex.org/W4310191190;https://openalex.org/W4400872766
https://openalex.org/A5036255901,https://openalex.org/S4210205812,2,0.8183,https://openalex.org/W4283397819;https://openalex.org/W4321598855
https://openalex.org/A5010610758,https://openalex.org/S2485537415,3,0.6479,https://openalex.org/W4402810042;https://openalex.org/W4399449309;https://openalex.org/W4391019852
https://openalex.org/A5031879419,https://openalex.org/S4210177785,3,0.8581,https://openalex.org/W4404769673;https://openalex.org/W4313478927;https://openalex.org/W4390413798
https://openalex.org/A5072907719,https://openalex.org/S4210196574,2,0.6735,https://openalex.org/W2565323938;https://openalex.org/W2596505165
https://openalex.org/A5066047703,https://openalex.org/S202381698,2,0.6635,https://openalex.org/W4392122114;https://openalex.org/W4402626551
https://openalex.org/A5100660909,https://openalex.org/S202381698,2,0.6635,https://openalex.org/W4392122114;https://openalex.org/W4402626551
https://openalex.org/A5063582139,https://openalex.org/S101949793,2,0.8175,https://openalex.org/W4403101992;https://openalex.org/W4376612328
https://openalex.org/A5007179822,https://openalex.org/S101949793,2,0.8175,https://openalex.org/W4403101992;https://openalex.org/W4376612328
https://openalex.org/A5006333473,https://openalex.org/S2485537415,2,0.865,https://openalex.org/W2780914653;https://openalex.org/W2955258001
https://openalex.org/A5101890639,https://openalex.org/S2485537415,3,0.881,https://openalex.org/W2513691548;https://openalex.org/W4239475881;https://openalex.org/W2472275516
https://openalex.org/A5055335176,https://openalex.org/S101949793,2,0.9191,https://openalex.org/W2903559933;https://openalex.org/W2966583097
https://openalex.org/A5080646275,https://openalex.org/S107516304,2,0.7314,https://openalex.org/W2905273891;https://openalex.org/W3184476827
https://openalex.org/A5059307469,https://openalex.org/S17147534,2,0.8326,https://openalex.org/W2786814109;https://openalex.org/W1930201302
https://openalex.org/A5041019083,https://openalex.org/S17147534,2,0.8326,https://openalex.org/W2786814109;https://openalex.org/W1930201302
https://openalex.org/A5061536404,https://openalex.org/S4210205812,2,0.6648,https://openalex.org/W3049227448;https://openalex.org/W4385416617
https://openalex.org/A5046141664,https://openalex.org/S2485537415,2,0.7838,https://openalex.org/W4294811280;https://openalex.org/W4226443384
https://openalex.org/A5074255083,https://openalex.org/S190629608,3,0.7168,https://openalex.org/W2892065670;https://openalex.org/W2998015774;https://openalex.org/W2937130025
https://openalex.org/A5013005246,https://openalex.org/S202381698,2,0.8614,https://openalex.org/W2895001844;https://openalex.org/W2883344759
https://openalex.org/A5042454628,https://openalex.org/S2485537415,2,0.7168,https://openalex.org/W3116299125;https://openalex.org/W3211726140
https://openalex.org/A5030279456,https://openalex.org/S997959834,2,0.7641,https://openalex.org/W2972250097;https://openalex.org/W2928738264
https://openalex.org/A5028148241,https://openalex.org/S2485537415,2,0.7882,https://openalex.org/W3082927710;https://openalex.org/W4297088423
https://openalex.org/A5100382412,https://openalex.org/S195231649,2,0.8698,https://openalex.org/W4387501564;https://openalex.org/W4303699810
https://openalex.org/A5079483669,https://openalex.org/S4210177785,2,0.8022,https://openalex.org/W2593267889;https://openalex.org/W2170370788
https://openalex.org/A5005230545,https://openalex.org/S4210177785,3,0.7768,https://openalex.org/W2593267889;https://openalex.org/W2516653071;https://openalex.org/W2262764541
https://openalex.org/A5063163653,https://openalex.org/S2485537415,3,0.7182,https://openalex.org/W2898434060;https://openalex.org/W2903018466;https://openalex.org/W2998873531
https://openalex.org/A5081140036,https://openalex.org/S178776955,3,0.7447,https://openalex.org/W2893774004;https://openalex.org/W2780677803;https://openalex.org/W2950107380
https://openalex.org/A5088624697,https://openalex.org/S2737955091,2,0.6382,https://openalex.org/W3182965314;https://openalex.org/W3122883274
https://openalex.org/A5057884782,https://openalex.org/S2485537415,3,0.8251,https://openalex.org/W3012185272;https://openalex.org/W2943381814;https://openalex.org/W3137974897
https://openalex.org/A5085521381,https://openalex.org/S4210205812,2,0.5551,https://openalex.org/W4200477908;https://openalex.org/W3186543348
https://openalex.org/A5040737744,https://openalex.org/S2485537415,3,0.6618,https://openalex.org/W2906164196;https://openalex.org/W4405429544;https://openalex.org/W3000021552
https://openalex.org/A5100341321,https://openalex.org/S2485537415,2,0.5703,https://openalex.org/W2972760795;https://openalex.org/W2976697283
https://openalex.org/A5068667478,https://openalex.org/S2485537415,2,0.5555,https://openalex.org/W3193656970;https://openalex.org/W4352977273
https://openalex.org/A5010049415,https://openalex.org/S139930977,3,0.8771,https://openalex.org/W2989682029;https://openalex.org/W3207488729;https://openalex.org/W3090517762
https://openalex.org/A5035559552,https://openalex.org/S4210205812,3,0.7223,https://openalex.org/W3119996911;https://openalex.org/W3190471206;https://openalex.org/W4402407343
https://openalex.org/A5025726978,https://openalex.org/S2485537415,2,0.7136,https://openalex.org/W4399849747;https://openalex.org/W4386175605
https://openalex.org/A5052579222,https://openalex.org/S52395412,3,0.8492,https://openalex.org/W4312065988;https://openalex.org/W4309509386;https://openalex.org/W4283753811
https://openalex.org/A5084343474,https://openalex.org/S52395412,3,0.8492,https://openalex.org/W4312065988;https://openalex.org/W4309509386;https://openalex.org/W4283753811
https://openalex.org/A5051246717,https://openalex.org/S997959834,2,0.789,https://openalex.org/W2467916758;https://openalex.org/W3163631177
https://openalex.org/A5017285624,https://openalex.org/S2485537415,3,0.7042,https://openalex.org/W2895590982;https://openalex.org/W3082467335;https://openalex.org/W2604177827
https://openalex.org/A5100370862,https://openalex.org/S2485537415,2,0.6311,https://openalex.org/W2947566953;https://openalex.org/W3011503045
https://openalex.org/A5027452875,https://openalex.org/S155526855,2,0.7698,https://openalex.org/W1508791843;https://openalex.org/W2154462503
https://openalex.org/A5028229932,https://openalex.org/S101949793,2,0.9298,https://openalex.org/W2905548604;https://openalex.org/W2982318123
https://openalex.org/A5101494512,https://openalex.org/S2485537415,2,0.6472,https://openalex.org/W3029780797;https://openalex.org/W2791337770
https://openalex.org/A5100361603,https://openalex.org/S2485537415,3,0.8417,https://openalex.org/W3097219553;https://openalex.org/W3038960575;https://openalex.org/W4225760281
https://openalex.org/A5100397203,https://openalex.org/S2485537415,3,0.8417,https://openalex.org/W3097219553;https://openalex.org/W3038960575;https://openalex.org/W4225760281
https://openalex.org/A5062563085,https://openalex.org/S2485537415,3,0.7621,https://openalex.org/W3133729339;https://openalex.org/W3193635897;https://openalex.org/W3083333091
https://openalex.org/A5100421407,https://openalex.org/S4210219776,2,0.6927,https://openalex.org/W2914221666;https://openalex.org/W2926638088
https://openalex.org/A5005874835,https://openalex.org/S4210205812,2,0.6373,https://openalex.org/W4296467532;https://openalex.org/W4386324699
https://openalex.org/A5029261339,https://openalex.org/S195231649,3,0.8677,https://openalex.org/W2981440904;https://openalex.org/W2276958151;https://openalex.org/W2901616274
https://openalex.org/A5101886919,https://openalex.org/S2485537415,3,0.6508,https://openalex.org/W3033140201;https://openalex.org/W3009660502;https://openalex.org/W2996293399
https://openalex.org/A5040168075,https://openalex.org/S4210205812,2,0.7288,https://openalex.org/W3209716897;https://openalex.org/W3136736537
https://openalex.org/A5004957967,https://openalex.org/S2485537415,2,0.8978,https://openalex.org/W2952793289;https://openalex.org/W4226337759
https://openalex.org/A5032817113,https://openalex.org/S101949793,2,0.8305,https://openalex.org/W3105392915;https://openalex.org/W2412243360
https://openalex.org/A5023104766,https://openalex.org/S101949793,2,0.8305,https://openalex.org/W3105392915;https://openalex.org/W2412243360
https://openalex.org/A5100442739,https://openalex.org/S101949793,2,0.7421,https://openalex.org/W2886672909;https://openalex.org/W4308865994
https://openalex.org/A5100423694,https://openalex.org/S43295729,2,0.8103,https://openalex.org/W3132905414;https://openalex.org/W4282573834
https://openalex.org/A5019140673,https://openalex.org/S2485537415,2,0.865,https://openalex.org/W3082329458;https://openalex.org/W2991812981
https://openalex.org/A5047827970,https://openalex.org/S202381698,3,0.8622,https://openalex.org/W3158979651;https://openalex.org/W3126309228;https://openalex.org/W2978121752
https://openalex.org/A5087894632,https://openalex.org/S2485537415,2,0.6742,https://openalex.org/W2945978532;https://openalex.org/W4286377393
https://openalex.org/A5101439062,https://openalex.org/S2485537415,3,0.7803,https://openalex.org/W2974174128;https://openalex.org/W2941799245;https://openalex.org/W2926264417
https://openalex.org/A5088523316,https://openalex.org/S2485537415,2,0.5777,https://openalex.org/W3008118770;https://openalex.org/W2901663594
https://openalex.org/A5014751855,https://openalex.org/S190629608,2,0.7009,https://openalex.org/W3014197384;https://openalex.org/W4296100185
https://openalex.org/A5100609339,https://openalex.org/S2485537415,3,0.6712,https://openalex.org/W3038932756;https://openalex.org/W4313591156;https://openalex.org/W4405907101
https://openalex.org/A5100555375,https://openalex.org/S2485537415,2,0.6487,https://openalex.org/W2966772556;https://openalex.org/W3144543756
https://openalex.org/A5051617344,https://openalex.org/S2729999759,2,0.6811,https://openalex.org/W3110300144;https://openalex.org/W3174266714
https://openalex.org/A5049994991,https://openalex.org/S2485537415,2,0.7576,https://openalex.org/W3198470495;https://openalex.org/W4210389245
https://openalex.org/A5053850863,https://openalex.org/S2729999759,3,0.6514,https://openalex.org/W2534253848;https://openalex.org/W2985347336;https://openalex.org/W4313119036
https://openalex.org/A5074492862,https://openalex.org/S2485537415,2,0.6745,https://openalex.org/W2780318385;https://openalex.org/W2898601267
https://openalex.org/A5045305170,https://openalex.org/S2485537415,2,0.7242,https://openalex.org/W2802898945;https://openalex.org/W2947485030
https://openalex.org/A5101663110,https://openalex.org/S2485537415,3,0.7737,https://openalex.org/W3164877122;https://openalex.org/W3200579381;https://openalex.org/W3004958565
https://openalex.org/A5053408745,https://openalex.org/S4210192031,2,0.718,https://openalex.org/W4307265273;https://openalex.org/W4312127347
https://openalex.org/A5102283856,https://openalex.org/S4511983,3,0.8562,https://openalex.org/W3123054212;https://openalex.org/W2945941917;https://openalex.org/W4309397045
https://openalex.org/A5101649396,https://openalex.org/S2737955091,2,0.6379,https://openalex.org/W4366217673;https://openalex.org/W3165484637
https://openalex.org/A5055929547,https://openalex.org/S2485537415,3,0.7963,https://openalex.org/W3198723714;https://openalex.org/W4296473512;https://openalex.org/W4292387252
https://openalex.org/A5101192302,https://openalex.org/S2485537415,3,0.6529,https://openalex.org/W3210382387;https://openalex.org/W4328007428;https://openalex.org/W3209629406
https://openalex.org/A5052176475,https://openalex.org/S2485537415,3,0.6529,https://openalex.org/W3210382387;https://openalex.org/W4328007428;https://openalex.org/W3209629406
https://openalex.org/A5060312858,https://openalex.org/S2485537415,2,0.8667,https://openalex.org/W3177988196;https://openalex.org/W4285038778
https://openalex.org/A5034406505,https://openalex.org/S2485537415,3,0.6831,https://openalex.org/W4291653308;https://openalex.org/W4220669144;https://openalex.org/W4301323220
https://openalex.org/A5072477527,https://openalex.org/S4210205812,3,0.8744,https://openalex.org/W4361007782;https://openalex.org/W4391539599;https://openalex.org/W4381681185
https://openalex.org/A5071376438,https://openalex.org/S2485537415,2,0.8054,https://openalex.org/W2949726636;https://openalex.org/W2967950273
https://openalex.org/A5101716145,https://openalex.org/S2485537415,3,0.8008,https://openalex.org/W2955420928;https://openalex.org/W4387042172;https://openalex.org/W3173714200
https://openalex.org/A5060332228,https://openalex.org/S139930977,2,0.7469,https://openalex.org/W3107229750;https://openalex.org/W3044942587
https://openalex.org/A5007542827,https://openalex.org/S2485537415,2,0.7673,https://openalex.org/W3205201545;https://openalex.org/W3047050342
https://openalex.org/A5101559628,https://openalex.org/S2485537415,2,0.865,https://openalex.org/W3082329458;https://openalex.org/W2991812981
https://openalex.org/A5100438735,https://openalex.org/S4210205812,2,0.6152,https://openalex.org/W4289333595;https://openalex.org/W4296993167
https://openalex.org/A5073018684,https://openalex.org/S155526855,2,0.7061,https://openalex.org/W4401123558;https://openalex.org/W4316015028
https://openalex.org/A5085404832,https://openalex.org/S2485537415,3,0.8639,https://openalex.org/W4312684810;https://openalex.org/W4388819976;https://openalex.org/W4319777969
https://openalex.org/A5054410745,https://openalex.org/S4210192031,2,0.8684,https://openalex.org/W2987795137;https://openalex.org/W4365142070
https://openalex.org/A5060202197,https://openalex.org/S178776955,3,0.8267,https://openalex.org/W4378882591;https://openalex.org/W4382721714;https://openalex.org/W4400689592
https://openalex.org/A5100936409,https://openalex.org/S178776955,3,0.8267,https://openalex.org/W4378882591;https://openalex.org/W4382721714;https://openalex.org/W4400689592
https://openalex.org/A5024603369,https://openalex.org/S4210205812,2,0.8887,https://openalex.org/W4385308436;https://openalex.org/W3171530662
https://openalex.org/A5046477283,https://openalex.org/S4210205812,2,0.8887,https://openalex.org/W4385308436;https://openalex.org/W3171530662
https://openalex.org/A5065027008,https://openalex.org/S2485537415,2,0.739,https://openalex.org/W3002798722;https://openalex.org/W3092215047
https://openalex.org/A5018816346,https://openalex.org/S2485537415,2,0.5924,https://openalex.org/W3011947568;https://openalex.org/W4402263036
https://openalex.org/A5100397456,https://openalex.org/S196734849,2,0.746,https://openalex.org/W4310273272;https://openalex.org/W3190685877
https://openalex.org/A5022041853,https://openalex.org/S101949793,2,0.8936,https://openalex.org/W3217484299;https://openalex.org/W4387581510
https://openalex.org/A5083879896,https://openalex.org/S4210213891,2,0.7325,https://openalex.org/W2796986051;https://openalex.org/W3198489935
https://openalex.org/A5037156747,https://openalex.org/S2485537415,2,0.7423,https://openalex.org/W4382999039;https://openalex.org/W4318953916
https://openalex.org/A5063781430,https://openalex.org/S101949793,2,0.6058,https://openalex.org/W2398452484;https://openalex.org/W2606050774
https://openalex.org/A5112136402,https://openalex.org/S2729999759,2,0.7445,https://openalex.org/W1698091476;https://openalex.org/W4385859649
https://openalex.org/A5070719868,https://openalex.org/S2485537415,2,0.6569,https://openalex.org/W2793169573;https://openalex.org/W2668217484
https://openalex.org/A5041296026,https://openalex.org/S2485537415,3,0.914,https://openalex.org/W3097101616;https://openalex.org/W3118687557;https://openalex.org/W3164316111
https://openalex.org/A5088457184,https://openalex.org/S195231649,3,0.8362,https://openalex.org/W3182611752;https://openalex.org/W4283741549;https://openalex.org/W3090793142
https://openalex.org/A5101913548,https://openalex.org/S2485537415,2,0.855,https://openalex.org/W2894849172;https://openalex.org/W4388240286
https://openalex.org/A5101924412,https://openalex.org/S178776955,2,0.8399,https://openalex.org/W4378882591;https://openalex.org/W4382721714
https://openalex.org/A5064708750,https://openalex.org/S195231649,3,0.847,https://openalex.org/W2579959185;https://openalex.org/W2790122812;https://openalex.org/W2773812526
https://openalex.org/A5010207553,https://openalex.org/S2485537415,3,0.6729,https://openalex.org/W2609996576;https://openalex.org/W4404914636;https://openalex.org/W2884175112
https://openalex.org/A5021667085,https://openalex.org/S2485537415,2,0.7007,https://openalex.org/W3205522894;https://openalex.org/W4293371005
https://openalex.org/A5061712755,https://openalex.org/S2485537415,2,0.6606,https://openalex.org/W3116299125;https://openalex.org/W4389233021
https://openalex.org/A5021751767,https://openalex.org/S139930977,3,0.7127,https://openalex.org/W3176612403;https://openalex.org/W4395047259;https://openalex.org/W4399517177
https://openalex.org/A5005534816,https://openalex.org/S4210205812,2,0.7936,https://openalex.org/W3128867285;https://openalex.org/W4400459898
https://openalex.org/A5037927929,https://openalex.org/S2485537415,2,0.8079,https://openalex.org/W4323022359;https://openalex.org/W4399728075
https://openalex.org/A5082913650,https://openalex.org/S190629608,2,0.8136,https://openalex.org/W2895654611;https://openalex.org/W4404973628
https://openalex.org/A5065694652,https://openalex.org/S2485537415,2,0.6577,https://openalex.org/W2981288736;https://openalex.org/W4378903366
https://openalex.org/A5062531171,https://openalex.org/S2485537415,3,0.693,https://openalex.org/W3046809173;https://openalex.org/W2969031145;https://openalex.org/W2946983027
https://openalex.org/A5084211296,https://openalex.org/S4210177785,2,0.8253,https://openalex.org/W3137946808;https://openalex.org/W3138572870
https://openalex.org/A5100365142,https://openalex.org/S4210205812,3,0.6949,https://openalex.org/W4306362328;https://openalex.org/W4386029695;https://openalex.org/W4224278852
https://openalex.org/A5100432937,https://openalex.org/S2737955091,2,0.5901,https://openalex.org/W4405529277;https://openalex.org/W4387139661
https://openalex.org/A5086276549,https://openalex.org/S190680769,2,0.8133,https://openalex.org/W4382793508;https://openalex.org/W4304208554
https://openalex.org/A5063029769,https://openalex.org/S2485537415,2,0.6796,https://openalex.org/W4313175264;https://openalex.org/W4405488478
https://openalex.org/A5021793501,https://openalex.org/S2485537415,2,0.7643,https://openalex.org/W2955420928;https://openalex.org/W4387042172
https://openalex.org/A5059820079,https://openalex.org/S190629608,2,0.8002,https://openalex.org/W3111369083;https://openalex.org/W4390669614
https://openalex.org/A5004426094,https://openalex.org/S4210192031,2,0.6786,https://openalex.org/W4402923240;https://openalex.org/W3137076710
https://openalex.org/A5020154047,https://openalex.org/S2485537415,3,0.9091,https://openalex.org/W3209446190;https://openalex.org/W4386699389;https://openalex.org/W4403390458
https://openalex.org/A5071113451,https://openalex.org/S4210192031,2,0.7601,https://openalex.org/W4220766247;https://openalex.org/W4311954929
https://openalex.org/A5081062143,https://openalex.org/S2764650051,2,0.8776,https://openalex.org/W4361994586;https://openalex.org/W4224226311
https://openalex.org/A5042675695,https://openalex.org/S155526855,2,1.0,https://openalex.org/W4290768218;https://openalex.org/W4312774784
https://openalex.org/A5100426131,https://openalex.org/S4210192031,2,0.8716,https://openalex.org/W4294839683;https://openalex.org/W4404190038
https://openalex.org/A5072019950,https://openalex.org/S195231649,2,0.7321,https://openalex.org/W4313245055;https://openalex.org/W4401355300
https://openalex.org/A5063243989,https://openalex.org/S4210192031,3,0.7964,https://openalex.org/W4317433959;https://openalex.org/W4200471585;https://openalex.org/W4400088857
https://openalex.org/A5003758678,https://openalex.org/S2485537415,3,0.8232,https://openalex.org/W3202499497;https://openalex.org/W4312886081;https://openalex.org/W4360993559
https://openalex.org/A5052930064,https://openalex.org/S4210192031,3,0.6576,https://openalex.org/W4399367061;https://openalex.org/W4404669540;https://openalex.org/W4386223593
https://openalex.org/A5068044579,https://openalex.org/S4210205812,2,0.8485,https://openalex.org/W4388296047;https://openalex.org/W4285393484
https://openalex.org/A5037781530,https://openalex.org/S2485537415,3,0.7392,https://openalex.org/W4382874179;https://openalex.org/W4316660920;https://openalex.org/W3212697684
https://openalex.org/A5008984910,https://openalex.org/S4210205812,2,0.6456,https://openalex.org/W4200346982;https://openalex.org/W4281659949
https://openalex.org/A5082516283,https://openalex.org/S195231649,2,0.6532,https://openalex.org/W4200425376;https://openalex.org/W2965821527
https://openalex.org/A5073155330,https://openalex.org/S4210200687,3,0.7664,https://openalex.org/W4224299781;https://openalex.org/W4400573894;https://openalex.org/W4210378244
https://openalex.org/A5065761694,https://openalex.org/S4210205812,2,0.7636,https://openalex.org/W3131525935;https://openalex.org/W4205255874
https://openalex.org/A5008748688,https://openalex.org/S4210205812,2,0.8174,https://openalex.org/W4392548537;https://openalex.org/W4353070492
https://openalex.org/A5100612721,https://openalex.org/S2485537415,2,0.6799,https://openalex.org/W4382862484;https://openalex.org/W3038111897
https://openalex.org/A5100371655,https://openalex.org/S2485537415,2,0.594,https://openalex.org/W2964202476;https://openalex.org/W4321780154
https://openalex.org/A5007644847,https://openalex.org/S4210205812,2,0.732,https://openalex.org/W4402412716;https://openalex.org/W4391322998
https://openalex.org/A5007024554,https://openalex.org/S4210205812,2,0.732,https://openalex.org/W4402412716;https://openalex.org/W4391322998
https://openalex.org/A5021222428,https://openalex.org/S4210173132,3,0.874,https://openalex.org/W4390501846;https://openalex.org/W4402050979;https://openalex.org/W4289109738
https://openalex.org/A5029813563,https://openalex.org/S4511983,2,0.7139,https://openalex.org/W2991318197;https://openalex.org/W2990321013
https://openalex.org/A5101827711,https://openalex.org/S2485537415,3,0.6271,https://openalex.org/W4391827179;https://openalex.org/W2905652087;https://openalex.org/W4396941370
https://openalex.org/A5101969072,https://openalex.org/S196734849,2,0.6802,https://openalex.org/W4327741753;https://openalex.org/W4403878853
https://openalex.org/A5043387028,https://openalex.org/S4210205812,2,0.8734,https://openalex.org/W4360615702;https://openalex.org/W4286111442
https://openalex.org/A5046381443,https://openalex.org/S2485537415,2,0.9351,https://openalex.org/W2944765386;https://openalex.org/W3045262884
https://openalex.org/A5079950677,https://openalex.org/S195231649,2,0.8753,https://openalex.org/W4387843681;https://openalex.org/W4362577641
https://openalex.org/A5049380192,https://openalex.org/S195231649,3,0.7298,https://openalex.org/W4391823464;https://openalex.org/W4389194679;https://openalex.org/W4324092484
https://openalex.org/A5100371443,https://openalex.org/S2485537415,3,0.6613,https://openalex.org/W4385938208;https://openalex.org/W4400187957;https://openalex.org/W4399310909
https://openalex.org/A5036569768,https://openalex.org/S149016011,2,0.8477,https://openalex.org/W4399353634;https://openalex.org/W4384937571
https://openalex.org/A5060258197,https://openalex.org/S4210192031,2,0.8117,https://openalex.org/W4378528083;https://openalex.org/W4297988413
https://openalex.org/A5084348553,https://openalex.org/S2485537415,2,0.8699,https://openalex.org/W4210646523;https://openalex.org/W4399376404
https://openalex.org/A5001526404,https://openalex.org/S101949793,2,0.7906,https://openalex.org/W4391231948;https://openalex.org/W4396612009
https://openalex.org/A5012397746,https://openalex.org/S2485537415,2,0.8973,https://openalex.org/W2917908365;https://openalex.org/W2970718410
https://openalex.org/A5048367123,https://openalex.org/S4210219776,2,0.7321,https://openalex.org/W4395010748;https://openalex.org/W3186210598
https://openalex.org/A5016890115,https://openalex.org/S4210214273,2,0.655,https://openalex.org/W4402974409;https://openalex.org/W4402309560
https://openalex.org/A5065170715,https://openalex.org/S2485537415,2,0.7265,https://openalex.org/W4312379718;https://openalex.org/W4403600703
https://openalex.org/A5062009349,https://openalex.org/S2485537415,3,0.6895,https://openalex.org/W4381249162;https://openalex.org/W4396594857;https://openalex.org/W4399767534
https://openalex.org/A5065225920,https://openalex.org/S4210205812,3,0.706,https://openalex.org/W4389264021;https://openalex.org/W4362587001;https://openalex.org/W4404244577
https://openalex.org/A5015808197,https://openalex.org/S4210205812,3,0.7951,https://openalex.org/W4296252847;https://openalex.org/W4297474585;https://openalex.org/W3111568013
https://openalex.org/A5010343581,https://openalex.org/S2485537415,2,0.7579,https://openalex.org/W4285228649;https://openalex.org/W3211939411
https://openalex.org/A5091838161,https://openalex.org/S4210177785,3,0.8128,https://openalex.org/W1561712756;https://openalex.org/W4284676216;https://openalex.org/W2324534580
https://openalex.org/A5026907901,https://openalex.org/S4210177785,3,0.8128,https://openalex.org/W1561712756;https://openalex.org/W4284676216;https://openalex.org/W2324534580
https://openalex.org/A5014712849,https://openalex.org/S2485537415,2,0.9166,https://openalex.org/W3097012481;https://openalex.org/W3014343572
https://openalex.org/A5100652988,https://openalex.org/S202381698,2,0.8399,https://openalex.org/W2069301288;https://openalex.org/W2740314608
https://openalex.org/A5100743575,https://openalex.org/S2485537415,2,0.799,https://openalex.org/W3006300590;https://openalex.org/W3061010035
https://openalex.org/A5100619287,https://openalex.org/S2485537415,2,0.7184,https://openalex.org/W2910398204;https://openalex.org/W2981662607
https://openalex.org/A5062626549,https://openalex.org/S4210219776,2,0.621,https://openalex.org/W2904540497;https://openalex.org/W3034999584
https://openalex.org/A5101603187,https://openalex.org/S2485537415,2,0.9058,https://openalex.org/W2912785012;https://openalex.org/W2902708118
https://openalex.org/A5006442175,https://openalex.org/S2485537415,2,0.7762,https://openalex.org/W3048250507;https://openalex.org/W3121691266
https://openalex.org/A5012305916,https://openalex.org/S24978797,2,0.5719,https://openalex.org/W3013136547;https://openalex.org/W4385370309
https://openalex.org/A5054686089,https://openalex.org/S4210205812,2,0.7389,https://openalex.org/W4200549244;https://openalex.org/W4323047383
https://openalex.org/A5100410064,https://openalex.org/S2485537415,2,0.912,https://openalex.org/W2941789808;https://openalex.org/W2973408519
https://openalex.org/A5087435369,https://openalex.org/S2485537415,2,0.92,https://openalex.org/W3006486026;https://openalex.org/W3034927287
https://openalex.org/A5019186384,https://openalex.org/S139930977,3,0.7152,https://openalex.org/W3164525194;https://openalex.org/W4311920733;https://openalex.org/W2518417683
https://openalex.org/A5009178889,https://openalex.org/S2485537415,3,0.7155,https://openalex.org/W2896374468;https://openalex.org/W2913957986;https://openalex.org/W3017952061
https://openalex.org/A5101834699,https://openalex.org/S2729999759,3,0.7292,https://openalex.org/W2995238850;https://openalex.org/W2912904516;https://openalex.org/W4383220086
https://openalex.org/A5019144108,https://openalex.org/S2485537415,2,0.7343,https://openalex.org/W3185713307;https://openalex.org/W4225655526
https://openalex.org/A5065653386,https://openalex.org/S127898559,2,0.7708,https://openalex.org/W2897229412;https://openalex.org/W3134120150
https://openalex.org/A5073224837,https://openalex.org/S20211220,2,0.8322,https://openalex.org/W2763862899;https://openalex.org/W2895422550
https://openalex.org/A5108693152,https://openalex.org/S2485537415,2,0.8265,https://openalex.org/W2970741249;https://openalex.org/W2970422898
https://openalex.org/A5086280684,https://openalex.org/S2485537415,2,0.7475,https://openalex.org/W2990607144;https://openalex.org/W3033924721
https://openalex.org/A5100653058,https://openalex.org/S2485537415,2,0.6321,https://openalex.org/W3013569048;https://openalex.org/W3046591420
https://openalex.org/A5011145004,https://openalex.org/S2485537415,3,0.833,https://openalex.org/W3091259128;https://openalex.org/W2901808438;https://openalex.org/W2924336431
https://openalex.org/A5079824167,https://openalex.org/S4210205812,2,0.6728,https://openalex.org/W4361280362;https://openalex.org/W4391098176
https://openalex.org/A5075314362,https://openalex.org/S4210205812,2,0.6419,https://openalex.org/W3215462566;https://openalex.org/W4224297377
https://openalex.org/A5013635993,https://openalex.org/S4210205812,2,0.6225,https://openalex.org/W4393025458;https://openalex.org/W4386219992
https://openalex.org/A5102778095,https://openalex.org/S178776955,2,0.8462,https://openalex.org/W3047798492;https://openalex.org/W4210526617
https://openalex.org/A5038747278,https://openalex.org/S2485537415,2,0.8677,https://openalex.org/W4392124327;https://openalex.org/W4403390401
https://openalex.org/A5083208040,https://openalex.org/S3569471,3,0.7689,https://openalex.org/W2751182961;https://openalex.org/W2608813237;https://openalex.org/W2737602068
https://openalex.org/A5113458467,https://openalex.org/S32837994,2,0.7098,https://openalex.org/W2927959842;https://openalex.org/W2607215299
https://openalex.org/A5062503870,https://openalex.org/S190629608,2,0.853,https://openalex.org/W2751766815;https://openalex.org/W2739200628
https://openalex.org/A5044715607,https://openalex.org/S4210205812,2,0.711,https://openalex.org/W3042401029;https://openalex.org/W4367051427
https://openalex.org/A5053635560,https://openalex.org/S4210205812,3,0.6427,https://openalex.org/W3214621455;https://openalex.org/W3174744638;https://openalex.org/W4405920647
https://openalex.org/A5072661451,https://openalex.org/S2485537415,2,0.6245,https://openalex.org/W4205216148;https://openalex.org/W4321780137
https://openalex.org/A5003063976,https://openalex.org/S195231649,3,0.8528,https://openalex.org/W2975880043;https://openalex.org/W4245419394;https://openalex.org/W2268113803
https://openalex.org/A5080255256,https://openalex.org/S2485537415,2,0.8677,https://openalex.org/W4392124327;https://openalex.org/W4403390401
https://openalex.org/A5084472852,https://openalex.org/S43295729,2,0.859,https://openalex.org/W4295094751;https://openalex.org/W4285006229
https://openalex.org/A5047307217,https://openalex.org/S3569471,2,0.8717,https://openalex.org/W2890806862;https://openalex.org/W2552760060
https://openalex.org/A5109855717,https://openalex.org/S155526855,3,0.8146,https://openalex.org/W2941290279;https://openalex.org/W4223508017;https://openalex.org/W4378193594
https://openalex.org/A5007269591,https://openalex.org/S101949793,2,0.8374,https://openalex.org/W3111055412;https://openalex.org/W3093351461
https://openalex.org/A5038219293,https://openalex.org/S2485537415,3,0.8171,https://openalex.org/W3115933956;https://openalex.org/W4205393976;https://openalex.org/W4225828115
https://openalex.org/A5082023846,https://openalex.org/S2485537415,2,0.6679,https://openalex.org/W4313175264;https://openalex.org/W4399344971
https://openalex.org/A5048462960,https://openalex.org/S202381698,2,0.6638,https://openalex.org/W3027335161;https://openalex.org/W3201795316
https://openalex.org/A5032262231,https://openalex.org/S2485537415,2,0.6294,https://openalex.org/W3138365332;https://openalex.org/W2766754718
https://openalex.org/A5077851553,https://openalex.org/S4210172076,2,0.8782,https://openalex.org/W4283639690;https://openalex.org/W4281911277
https://openalex.org/A5086456633,https://openalex.org/S196734849,3,0.7627,https://openalex.org/W3191743075;https://openalex.org/W2948394366;https://openalex.org/W2891816967
https://openalex.org/A5063202314,https://openalex.org/S4210205812,3,0.6547,https://openalex.org/W4294930940;https://openalex.org/W4362577639;https://openalex.org/W4296095549
https://openalex.org/A5041401460,https://openalex.org/S2485537415,2,0.7181,https://openalex.org/W4392114334;https://openalex.org/W4385413402
https://openalex.org/A5051624959,https://openalex.org/S4210205812,2,0.8667,https://openalex.org/W2471508646;https://openalex.org/W2158601124
https://openalex.org/A5086282318,https://openalex.org/S2485537415,2,0.7741,https://openalex.org/W4319459142;https://openalex.org/W4399207489
https://openalex.org/A5072433199,https://openalex.org/S137468011,3,0.6748,https://openalex.org/W2893475890;https://openalex.org/W2568714442;https://openalex.org/W3096531104
https://openalex.org/A5101913012,https://openalex.org/S2485537415,2,0.8289,https://openalex.org/W2922418484;https://openalex.org/W2903393141
https://openalex.org/A5079899832,https://openalex.org/S4210205812,3,0.7562,https://openalex.org/W3198087786;https://openalex.org/W4375862648;https://openalex.org/W3207011459
https://openalex.org/A5084063634,https://openalex.org/S2485537415,2,0.7324,https://openalex.org/W4389459309;https://openalex.org/W4206731664
https://openalex.org/A5100357469,https://openalex.org/S2764650051,2,0.873,https://openalex.org/W3189593202;https://openalex.org/W4282925751
https://openalex.org/A5032689109,https://openalex.org/S149016011,3,0.7473,https://openalex.org/W2581259899;https://openalex.org/W2245490339;https://openalex.org/W2770539231
https://openalex.org/A5087533716,https://openalex.org/S4210219776,3,0.7593,https://openalex.org/W2970294104;https://openalex.org/W4212930502;https://openalex.org/W4280528097
https://openalex.org/A5090610404,https://openalex.org/S4210216316,2,0.685,https://openalex.org/W3087984647;https://openalex.org/W4386211795
https://openalex.org/A5021862093,https://openalex.org/S4210216316,3,0.7288,https://openalex.org/W3088599519;https://openalex.org/W3199681680;https://openalex.org/W4386211795
https://openalex.org/A5070946785,https://openalex.org/S2485537415,2,0.6157,https://openalex.org/W4400810521;https://openalex.org/W4396753510
https://openalex.org/A5069214492,https://openalex.org/S2485537415,2,0.6688,https://openalex.org/W3188732276;https://openalex.org/W3015785860
https://openalex.org/A5087630418,https://openalex.org/S4210216316,2,0.883,https://openalex.org/W3199761854;https://openalex.org/W4386211115
https://openalex.org/A5008400517,https://openalex.org/S207319443,2,0.7601,https://openalex.org/W3159192916;https://openalex.org/W4307561352
https://openalex.org/A5071473719,https://openalex.org/S4210219776,2,0.5786,https://openalex.org/W4296627565;https://openalex.org/W3195035318
https://openalex.org/A5049893124,https://openalex.org/S2485537415,2,0.7316,https://openalex.org/W4396982300;https://openalex.org/W4384519460
https://openalex.org/A5100629670,https://openalex.org/S2485537415,2,0.5842,https://openalex.org/W4386412375;https://openalex.org/W4396242701
https://openalex.org/A5101741623,https://openalex.org/S3035462843,3,0.8075,https://openalex.org/W4387740163;https://openalex.org/W4321499134;https://openalex.org/W4391217630
https://openalex.org/A5012122073,https://openalex.org/S2485537415,3,0.724,https://openalex.org/W2774823188;https://openalex.org/W2884175112;https://openalex.org/W2980950969
https://openalex.org/A5032021135,https://openalex.org/S43295729,2,0.899,https://openalex.org/W4389883023;https://openalex.org/W4229363842
https://openalex.org/A5022359423,https://openalex.org/S4210205812,2,0.7773,https://openalex.org/W4313584106;https://openalex.org/W3028939853
https://openalex.org/A5100435926,https://openalex.org/S4210192031,2,0.7805,https://openalex.org/W4317810022;https://openalex.org/W4289176749
https://openalex.org/A5100771495,https://openalex.org/S2485537415,2,0.5741,https://openalex.org/W4390724044;https://openalex.org/W4385626828
https://openalex.org/A5083818637,https://openalex.org/S2485537415,2,0.8169,https://openalex.org/W4399425873;https://openalex.org/W4210646523
https://openalex.org/A5032765483,https://openalex.org/S2485537415,2,0.7538,https://openalex.org/W3110115702;https://openalex.org/W3084335858
https://openalex.org/A5100677518,https://openalex.org/S4210178049,2,0.9426,https://openalex.org/W4402066383;https://openalex.org/W4401187287
https://openalex.org/A5021487107,https://openalex.org/S2485537415,3,0.7586,https://openalex.org/W4402435299;https://openalex.org/W4403182105;https://openalex.org/W4402830216
https://openalex.org/A5031347293,https://openalex.org/S2485537415,2,0.8118,https://openalex.org/W4205973286;https://openalex.org/W4378907299
https://openalex.org/A5064686431,https://openalex.org/S2485537415,2,0.5345,https://openalex.org/W4403826779;https://openalex.org/W2895940773
https://openalex.org/A5066918223,https://openalex.org/S43295729,2,0.859,https://openalex.org/W4295094751;https://openalex.org/W4285006229
https://openalex.org/A5011307478,https://openalex.org/S127898559,2,0.7757,https://openalex.org/W4402446760;https://openalex.org/W4315700351
https://openalex.org/A5023120317,https://openalex.org/S207319443,2,0.8861,https://openalex.org/W4322722557;https://openalex.org/W4300863627
https://openalex.org/A5023994037,https://openalex.org/S190629608,2,0.6534,https://openalex.org/W2969874346;https://openalex.org/W4386879473
https://openalex.org/A5063985986,https://openalex.org/S2485537415,2,0.7231,https://openalex.org/W3155162522;https://openalex.org/W4387682284
https://openalex.org/A5110550486,https://openalex.org/S2485537415,2,0.8929,https://openalex.org/W4396523379;https://openalex.org/W4401069955
https://openalex.org/A5068968920,https://openalex.org/S2485537415,2,0.8974,https://openalex.org/W4396214771;https://openalex.org/W4405907115
https://openalex.org/A5055202716,https://openalex.org/S4210178049,2,0.9426,https://openalex.org/W4402066383;https://openalex.org/W4401187287
https://openalex.org/A5012276146,https://openalex.org/S178776955,3,0.7716,https://openalex.org/W4387503878;https://openalex.org/W4393537889;https://openalex.org/W4403171738
https://openalex.org/A5032387791,https://openalex.org/S2595095599,2,0.8184,https://openalex.org/W4405088211;https://openalex.org/W4382939835
https://openalex.org/A5076265794,https://openalex.org/S127898559,2,0.7737,https://openalex.org/W3197314992;https://openalex.org/W4392588951
https://openalex.org/A5013713640,https://openalex.org/S2485537415,2,0.8148,https://openalex.org/W4313546737;https://openalex.org/W3128872374
https://openalex.org/A5072490436,https://openalex.org/S34838331,2,0.8559,https://openalex.org/W4362586115;https://openalex.org/W4376274519
https://openalex.org/A5021197359,https://openalex.org/S2485537415,2,0.7249,https://openalex.org/W4225726302;https://openalex.org/W4385626777
https://openalex.org/A5087920747,https://openalex.org/S2729999759,3,0.7964,https://openalex.org/W2963842551;https://openalex.org/W4392616472;https://openalex.org/W4391853105
https://openalex.org/A5115590684,https://openalex.org/S4210192031,2,0.8179,https://openalex.org/W4392240192;https://openalex.org/W4390230209
https://openalex.org/A5035360199,https://openalex.org/S4210178049,3,0.6648,https://openalex.org/W4393316945;https://openalex.org/W4394755861;https://openalex.org/W4403044989
https://openalex.org/A5055796555,https://openalex.org/S2485537415,2,0.8379,https://openalex.org/W2767225265;https://openalex.org/W3048784946
https://openalex.org/A5100441059,https://openalex.org/S4210205812,2,0.7642,https://openalex.org/W4403301615;https://openalex.org/W4296252712
https://openalex.org/A5039236080,https://openalex.org/S2595095599,2,0.6581,https://openalex.org/W4322732755;https://openalex.org/W4382939835
https://openalex.org/A5084820966,https://openalex.org/S4210205812,3,0.8702,https://openalex.org/W4385274493;https://openalex.org/W4392201601;https://openalex.org/W4385220826
https://openalex.org/A5031896364,https://openalex.org/S4210205812,3,0.8702,https://openalex.org/W4385274493;https://openalex.org/W4392201601;https://openalex.org/W4385220826
https://openalex.org/A5101410938,https://openalex.org/S2485537415,2,0.8041,https://openalex.org/W4389633752;https://openalex.org/W4402772729
https://openalex.org/A5028715246,https://openalex.org/S4210192031,2,0.7657,https://openalex.org/W4404635347;https://openalex.org/W4405002655
https://openalex.org/A5100704700,https://openalex.org/S2485537415,2,0.7881,https://openalex.org/W3031332913;https://openalex.org/W2965788483
https://openalex.org/A5100751668,https://openalex.org/S4210205812,2,0.5085,https://openalex.org/W2971798905;https://openalex.org/W2890911000
https://openalex.org/A5080796418,https://openalex.org/S2485537415,3,0.7909,https://openalex.org/W2937925601;https://openalex.org/W2967269971;https://openalex.org/W2991321929
https://openalex.org/A5005939553,https://openalex.org/S155526855,2,0.8383,https://openalex.org/W2806532810;https://openalex.org/W4390684469
https://openalex.org/A5025078574,https://openalex.org/S2485537415,2,0.8876,https://openalex.org/W4360995353;https://openalex.org/W4285144607
https://openalex.org/A5031911989,https://openalex.org/S202381698,2,0.8463,https://openalex.org/W2510305010;https://openalex.org/W397692437
https://openalex.org/A5091303743,https://openalex.org/S4210216316,3,0.7985,https://openalex.org/W4383645767;https://openalex.org/W2737343996;https://openalex.org/W4383645785
https://openalex.org/A5059272149,https://openalex.org/S2485537415,3,0.9035,https://openalex.org/W2944706072;https://openalex.org/W2926869307;https://openalex.org/W3112373273
https://openalex.org/A5044376515,https://openalex.org/S2485537415,3,0.9035,https://openalex.org/W2944706072;https://openalex.org/W2926869307;https://openalex.org/W3112373273
https://openalex.org/A5041535928,https://openalex.org/S2485537415,2,0.8871,https://openalex.org/W2921022025;https://openalex.org/W3000603588
https://openalex.org/A5049169182,https://openalex.org/S4210205812,3,0.7611,https://openalex.org/W4229070853;https://openalex.org/W4214712734;https://openalex.org/W3175764371
https://openalex.org/A5057245612,https://openalex.org/S4210205812,2,0.9321,https://openalex.org/W4224247412;https://openalex.org/W4288039585
https://openalex.org/A5081459731,https://openalex.org/S190629608,3,0.7484,https://openalex.org/W4361295547;https://openalex.org/W4366827505;https://openalex.org/W4361010115
https://openalex.org/A5041033174,https://openalex.org/S101949793,2,0.8583,https://openalex.org/W2790740877;https://openalex.org/W4221014174
https://openalex.org/A5036304448,https://openalex.org/S2485537415,3,0.8417,https://openalex.org/W3097219553;https://openalex.org/W3038960575;https://openalex.org/W4225760281
https://openalex.org/A5100326831,https://openalex.org/S107516304,2,0.8265,https://openalex.org/W4385196942;https://openalex.org/W3212098427
https://openalex.org/A5100451538,https://openalex.org/S4210205812,2,0.7003,https://openalex.org/W3119996911;https://openalex.org/W3205154325
https://openalex.org/A5100600528,https://openalex.org/S24978797,2,0.5779,https://openalex.org/W4283206154;https://openalex.org/W2758899823
https://openalex.org/A5075373641,https://openalex.org/S4210205812,2,0.7939,https://openalex.org/W3095274019;https://openalex.org/W2984283053
https://openalex.org/A5101936139,https://openalex.org/S2485537415,2,0.9014,https://openalex.org/W3001851322;https://openalex.org/W3097684051
https://openalex.org/A5088349384,https://openalex.org/S4210205812,3,0.7979,https://openalex.org/W3081300675;https://openalex.org/W2971875701;https://openalex.org/W3016192786
https://openalex.org/A5089226921,https://openalex.org/S2485537415,2,0.6369,https://openalex.org/W3189316345;https://openalex.org/W3088292528
https://openalex.org/A5015792060,https://openalex.org/S2764955546,2,0.7625,https://openalex.org/W3183747776;https://openalex.org/W4286255294
https://openalex.org/A5045831729,https://openalex.org/S2485537415,2,0.5562,https://openalex.org/W3007336678;https://openalex.org/W3022049376
https://openalex.org/A5047462952,https://openalex.org/S2485537415,2,0.6442,https://openalex.org/W4387682074;https://openalex.org/W4205120146
https://openalex.org/A5064606350,https://openalex.org/S139930977,3,0.8364,https://openalex.org/W3175616061;https://openalex.org/W4390718224;https://openalex.org/W4402786744
https://openalex.org/A5078061633,https://openalex.org/S43295729,2,0.7524,https://openalex.org/W4303980686;https://openalex.org/W4385603047
https://openalex.org/A5027938867,https://openalex.org/S2485537415,2,0.9003,https://openalex.org/W4285229130;https://openalex.org/W3112803130
https://openalex.org/A5023940916,https://openalex.org/S2485537415,2,0.9003,https://openalex.org/W4285229130;https://openalex.org/W3112803130
https://openalex.org/A5080661583,https://openalex.org/S195231649,2,0.7871,https://openalex.org/W3201974589;https://openalex.org/W4297198314
https://openalex.org/A5100433544,https://openalex.org/S4210205812,3,0.6638,https://openalex.org/W3208054832;https://openalex.org/W3205795361;https://openalex.org/W3000476057
https://openalex.org/A5077974457,https://openalex.org/S2485537415,3,0.6323,https://openalex.org/W3175329215;https://openalex.org/W3164594127;https://openalex.org/W4285193741
https://openalex.org/A5006108225,https://openalex.org/S4210205812,3,0.7333,https://openalex.org/W4303578909;https://openalex.org/W4400484006;https://openalex.org/W4393308651
https://openalex.org/A5089769845,https://openalex.org/S4210219776,2,0.8092,https://openalex.org/W4312187377;https://openalex.org/W4387775786
https://openalex.org/A5015455705,https://openalex.org/S4210205812,2,0.6671,https://openalex.org/W4311134117;https://openalex.org/W4386224522
https://openalex.org/A5090648317,https://openalex.org/S2485537415,2,0.8517,https://openalex.org/W2933939325;https://openalex.org/W3124178290
https://openalex.org/A5030973943,https://openalex.org/S4210205812,2,0.7649,https://openalex.org/W4200178849;https://openalex.org/W3215462566
https://openalex.org/A5000296607,https://openalex.org/S196734849,2,0.6517,https://openalex.org/W4302299451;https://openalex.org/W4394854416
https://openalex.org/A5100359318,https://openalex.org/S4210205812,3,0.7856,https://openalex.org/W4403215423;https://openalex.org/W4386091675;https://openalex.org/W4389184857
https://openalex.org/A5091299470,https://openalex.org/S3035462843,2,0.6963,https://openalex.org/W2523876804;https://openalex.org/W2587580236
https://openalex.org/A5063147657,https://openalex.org/S4511983,2,0.7036,https://openalex.org/W3000350232;https://openalex.org/W2768706527
https://openalex.org/A5035556192,https://openalex.org/S178776955,2,0.9299,https://openalex.org/W3201058556;https://openalex.org/W4391949113
https://openalex.org/A5113852764,https://openalex.org/S137468011,2,0.7258,https://openalex.org/W4311803496;https://openalex.org/W3196917727
https://openalex.org/A5041089475,https://openalex.org/S2764650051,2,0.7642,https://openalex.org/W4399013580;https://openalex.org/W4401666385
https://openalex.org/A5044634366,https://openalex.org/S195231649,2,0.8546,https://openalex.org/W4384301102;https://openalex.org/W4404376664
https://openalex.org/A5086188922,https://openalex.org/S2764846071,3,0.8248,https://openalex.org/W2325025403;https://openalex.org/W2562139405;https://openalex.org/W2563574363
https://openalex.org/A5100611343,https://openalex.org/S2485537415,2,0.7478,https://openalex.org/W2910165910;https://openalex.org/W3004348634
https://openalex.org/A5100736935,https://openalex.org/S2729999759,2,0.7616,https://openalex.org/W3178633887;https://openalex.org/W3038817008
https://openalex.org/A5068125958,https://openalex.org/S2485537415,2,0.8211,https://openalex.org/W4366966631;https://openalex.org/W4226406356
https://openalex.org/A5030424204,https://openalex.org/S2485537415,2,0.7674,https://openalex.org/W2946490927;https://openalex.org/W2991788499
https://openalex.org/A5069929914,https://openalex.org/S4210192031,3,0.9108,https://openalex.org/W3087339511;https://openalex.org/W3040497712;https://openalex.org/W3132847598
https://openalex.org/A5046509031,https://openalex.org/S19032547,2,0.739,https://openalex.org/W2778292275;https://openalex.org/W2950069687
https://openalex.org/A5103261823,https://openalex.org/S127898559,3,0.7937,https://openalex.org/W3202888691;https://openalex.org/W4400507529;https://openalex.org/W4404322395
https://openalex.org/A5087009747,https://openalex.org/S4210192031,2,0.872,https://openalex.org/W3216098034;https://openalex.org/W4285730416
https://openalex.org/A5000560057,https://openalex.org/S2485537415,2,0.7525,https://openalex.org/W4296911188;https://openalex.org/W2927439335
https://openalex.org/A5003117434,https://openalex.org/S2485537415,2,0.6855,https://openalex.org/W4391128530;https://openalex.org/W3010494180
https://openalex.org/A5100736456,https://openalex.org/S2485537415,3,0.7987,https://openalex.org/W3093966064;https://openalex.org/W4317796407;https://openalex.org/W4205806143
https://openalex.org/A5033588507,https://openalex.org/S4210205812,3,0.7605,https://openalex.org/W4295765453;https://openalex.org/W4224229733;https://openalex.org/W4296467483
https://openalex.org/A5062323682,https://openalex.org/S2485537415,2,0.7858,https://openalex.org/W3202195546;https://openalex.org/W4404056810
https://openalex.org/A5100837685,https://openalex.org/S4210205812,2,0.7857,https://openalex.org/W4385812469;https://openalex.org/W4384825266
https://openalex.org/A5071789524,https://openalex.org/S4210192031,3,0.7942,https://openalex.org/W4380090651;https://openalex.org/W4293581296;https://openalex.org/W4387673772
https://openalex.org/A5080105717,https://openalex.org/S2485537415,3,0.6971,https://openalex.org/W4394564276;https://openalex.org/W4405838422;https://openalex.org/W4400275747
https://openalex.org/A5102885499,https://openalex.org/S2595095599,2,0.7383,https://openalex.org/W4392754529;https://openalex.org/W2967563764
https://openalex.org/A5101877231,https://openalex.org/S2485537415,2,0.6429,https://openalex.org/W4319300220;https://openalex.org/W4392309171
https://openalex.org/A5071123706,https://openalex.org/S195231649,2,0.8273,https://openalex.org/W4384829950;https://openalex.org/W4380142878
https://openalex.org/A5014606883,https://openalex.org/S4210196574,3,1.0,https://openalex.org/W4409898207;https://openalex.org/W4409778878;https://openalex.org/W4386297408
https://openalex.org/A5101768349,https://openalex.org/S2729999759,3,0.7238,https://openalex.org/W4388504610;https://openalex.org/W3190126809;https://openalex.org/W4384211302
https://openalex.org/A5051981971,https://openalex.org/S195231649,3,0.7776,https://openalex.org/W2911779038;https://openalex.org/W4224113610;https://openalex.org/W4391846415
https://openalex.org/A5065376844,https://openalex.org/S178776955,3,0.8792,https://openalex.org/W4393564367;https://openalex.org/W4385347174;https://openalex.org/W4400742111
https://openalex.org/A5090165607,https://openalex.org/S2485537415,2,0.8983,https://openalex.org/W3043962629;https://openalex.org/W4384159600
https://openalex.org/A5009713177,https://openalex.org/S2485537415,2,0.7108,https://openalex.org/W4401069830;https://openalex.org/W4404520688
https://openalex.org/A5019802248,https://openalex.org/S4210205812,3,0.6868,https://openalex.org/W4403952481;https://openalex.org/W4210672761;https://openalex.org/W4388525526
https://openalex.org/A5023645490,https://openalex.org/S2485537415,2,0.607,https://openalex.org/W3195274148;https://openalex.org/W4404787890
https://openalex.org/A5100376875,https://openalex.org/S2485537415,3,0.731,https://openalex.org/W2779914547;https://openalex.org/W3112598371;https://openalex.org/W2980498911
https://openalex.org/A5047807560,https://openalex.org/S4210177785,3,0.9751,https://openalex.org/W3096112228;https://openalex.org/W1970357229;https://openalex.org/W4233708824
https://openalex.org/A5084159408,https://openalex.org/S190680769,2,0.8571,https://openalex.org/W3114371220;https://openalex.org/W4398208149
https://openalex.org/A5101421860,https://openalex.org/S101949793,2,0.6058,https://openalex.org/W2398452484;https://openalex.org/W2606050774
https://openalex.org/A5090331621,https://openalex.org/S4210192031,2,0.7494,https://openalex.org/W4319080410;https://openalex.org/W4366828950
https://openalex.org/A5014083942,https://openalex.org/S101949793,2,0.6864,https://openalex.org/W4285394646;https://openalex.org/W4399335327
https://openalex.org/A5016864296,https://openalex.org/S2485537415,2,0.5295,https://openalex.org/W2991530011;https://openalex.org/W4391019891
https://openalex.org/A5079372172,https://openalex.org/S167961193,2,0.7899,https://openalex.org/W2514303448;https://openalex.org/W2995529484
https://openalex.org/A5054429480,https://openalex.org/S137468011,3,0.7432,https://openalex.org/W2752283293;https://openalex.org/W2787719532;https://openalex.org/W2974266994
https://openalex.org/A5019516292,https://openalex.org/S4511983,2,0.7482,https://openalex.org/W2754928528;https://openalex.org/W2756316673
https://openalex.org/A5102252317,https://openalex.org/S4511983,3,0.7643,https://openalex.org/W2756316673;https://openalex.org/W2756011149;https://openalex.org/W2754022918
https://openalex.org/A5112403836,https://openalex.org/S2485537415,2,0.6657,https://openalex.org/W3001016251;https://openalex.org/W2967498842
https://openalex.org/A5010540039,https://openalex.org/S2485537415,3,0.6767,https://openalex.org/W3007126568;https://openalex.org/W2947851192;https://openalex.org/W3035825741
https://openalex.org/A5056354583,https://openalex.org/S2485537415,2,0.7673,https://openalex.org/W3205201545;https://openalex.org/W3047050342
https://openalex.org/A5008336560,https://openalex.org/S2485537415,3,0.646,https://openalex.org/W2971260947;https://openalex.org/W4313546737;https://openalex.org/W3128872374
https://openalex.org/A5087506231,https://openalex.org/S2485537415,2,0.7459,https://openalex.org/W3170103625;https://openalex.org/W2610974292
https://openalex.org/A5044733748,https://openalex.org/S2485537415,2,0.7459,https://openalex.org/W3170103625;https://openalex.org/W2610974292
https://openalex.org/A5063423039,https://openalex.org/S137468011,2,0.8551,https://openalex.org/W3198006514;https://openalex.org/W4311801366
https://openalex.org/A5025032659,https://openalex.org/S190629608,2,0.7411,https://openalex.org/W4388446596;https://openalex.org/W3132815194
https://openalex.org/A5005313203,https://openalex.org/S195231649,2,0.9398,https://openalex.org/W4404376672;https://openalex.org/W4404276131
https://openalex.org/A5005071277,https://openalex.org/S4210200687,3,0.735,https://openalex.org/W2993675210;https://openalex.org/W4399153159;https://openalex.org/W3171727251
https://openalex.org/A5101727888,https://openalex.org/S2485537415,2,0.7091,https://openalex.org/W2941197459;https://openalex.org/W3007608719
https://openalex.org/A5090639239,https://openalex.org/S2729999759,3,0.8048,https://openalex.org/W3136871445;https://openalex.org/W3157245170;https://openalex.org/W2911333598
https://openalex.org/A5057877982,https://openalex.org/S4210219776,3,0.6566,https://openalex.org/W3125631070;https://openalex.org/W3127804529;https://openalex.org/W3183435761
https://openalex.org/A5016092973,https://openalex.org/S4210219776,3,0.6566,https://openalex.org/W3125631070;https://openalex.org/W3127804529;https://openalex.org/W3183435761
https://openalex.org/A5090320552,https://openalex.org/S2738286576,3,0.738,https://openalex.org/W2782239007;https://openalex.org/W2802260079;https://openalex.org/W2609008427
https://openalex.org/A5058523943,https://openalex.org/S137468011,3,0.673,https://openalex.org/W2893779202;https://openalex.org/W2974530023;https://openalex.org/W4402946847
https://openalex.org/A5075048365,https://openalex.org/S2485537415,2,0.6271,https://openalex.org/W3049405423;https://openalex.org/W2809415789
https://openalex.org/A5048658972,https://openalex.org/S997959834,3,0.7303,https://openalex.org/W3171320492;https://openalex.org/W4386488250;https://openalex.org/W4385246993
https://openalex.org/A5047726287,https://openalex.org/S137468011,2,0.6062,https://openalex.org/W3197014202;https://openalex.org/W2567729969
https://openalex.org/A5101868357,https://openalex.org/S2485537415,2,0.7673,https://openalex.org/W3205201545;https://openalex.org/W3047050342
https://openalex.org/A5067555059,https://openalex.org/S4511983,3,0.877,https://openalex.org/W4392950639;https://openalex.org/W4286008705;https://openalex.org/W4296377492
https://openalex.org/A5088893645,https://openalex.org/S195231649,2,0.8046,https://openalex.org/W4315796317;https://openalex.org/W4313573793
https://openalex.org/A5071471266,https://openalex.org/S4210196574,3,0.7984,https://openalex.org/W4391523442;https://openalex.org/W4409851992;https://openalex.org/W4313363413
https://openalex.org/A5101561578,https://openalex.org/S4210192031,2,0.6377,https://openalex.org/W4290725520;https://openalex.org/W4376644317
https://openalex.org/A5001729272,https://openalex.org/S4210173132,2,0.7115,https://openalex.org/W4387618095;https://openalex.org/W4381616941
https://openalex.org/A5039882261,https://openalex.org/S4210216316,3,0.744,https://openalex.org/W4386211479;https://openalex.org/W4386211115;https://openalex.org/W4250566984
https://openalex.org/A5020835974,https://openalex.org/S155526855,2,0.7349,https://openalex.org/W4383533168;https://openalex.org/W4200382561
https://openalex.org/A5108829280,https://openalex.org/S2485537415,3,0.6971,https://openalex.org/W4394564276;https://openalex.org/W4405838422;https://openalex.org/W4400275747
https://openalex.org/A5066921930,https://openalex.org/S83215360,2,0.8722,https://openalex.org/W4396584678;https://openalex.org/W4405399129
https://openalex.org/A5020240470,https://openalex.org/S2485537415,3,0.7228,https://openalex.org/W4315605985;https://openalex.org/W4285154955;https://openalex.org/W4398249679
https://openalex.org/A5063772112,https://openalex.org/S137468011,3,0.823,https://openalex.org/W2973270235;https://openalex.org/W4245071968;https://openalex.org/W4402904625
https://openalex.org/A5059458301,https://openalex.org/S137468011,3,0.7894,https://openalex.org/W4311805006;https://openalex.org/W4402905484;https://openalex.org/W4402912294
https://openalex.org/A5041783514,https://openalex.org/S4210205812,2,0.803,https://openalex.org/W4383912163;https://openalex.org/W4403491727
https://openalex.org/A5073050446,https://openalex.org/S4210196574,2,1.0,https://openalex.org/W4405214755;https://openalex.org/W4409781503
https://openalex.org/A5129837667,https://openalex.org/S4210228265,3,0.8218,https://openalex.org/W7139645755;https://openalex.org/W7139411741;https://openalex.org/W7139555831
https://openalex.org/A5089413311,https://openalex.org/S2729999759,2,0.7199,https://openalex.org/W4312516176;https://openalex.org/W4327656064
https://openalex.org/A5102809628,https://openalex.org/S196734849,2,0.7232,https://openalex.org/W2748339352;https://openalex.org/W2470936259
https://openalex.org/A5074772585,https://openalex.org/S3035462843,2,0.8913,https://openalex.org/W3185048024;https://openalex.org/W4319719056
https://openalex.org/A5101488344,https://openalex.org/S2729999759,3,0.7771,https://openalex.org/W3014521650;https://openalex.org/W4392608007;https://openalex.org/W4382175668
https://openalex.org/A5075100287,https://openalex.org/S2485537415,3,0.8393,https://openalex.org/W3013098034;https://openalex.org/W3034124771;https://openalex.org/W3014001067
https://openalex.org/A5083261801,https://openalex.org/S2485537415,2,0.6926,https://openalex.org/W2903617078;https://openalex.org/W3092468724
https://openalex.org/A5003491781,https://openalex.org/S2485537415,2,0.5593,https://openalex.org/W3098252703;https://openalex.org/W2912698379
https://openalex.org/A5090386129,https://openalex.org/S178776955,2,0.7338,https://openalex.org/W4403370684;https://openalex.org/W4402649359
https://openalex.org/A5100728697,https://openalex.org/S101949793,3,0.8051,https://openalex.org/W2770385712;https://openalex.org/W4205946691;https://openalex.org/W2975875071
https://openalex.org/A5035523966,https://openalex.org/S190629608,2,0.789,https://openalex.org/W2752973482;https://openalex.org/W3115362193
https://openalex.org/A5000031695,https://openalex.org/S52395412,2,0.8341,https://openalex.org/W3088646411;https://openalex.org/W4307492966
https://openalex.org/A5073429275,https://openalex.org/S52395412,2,0.8146,https://openalex.org/W3152620848;https://openalex.org/W3191125769
https://openalex.org/A5073167751,https://openalex.org/S4210205812,2,0.8863,https://openalex.org/W4323047476;https://openalex.org/W4313889431
https://openalex.org/A5004161058,https://openalex.org/S2485537415,2,0.5552,https://openalex.org/W4313306320;https://openalex.org/W3200819495
https://openalex.org/A5100675577,https://openalex.org/S190680769,2,0.632,https://openalex.org/W2797542802;https://openalex.org/W2912406022
https://openalex.org/A5059374472,https://openalex.org/S139930977,3,0.8127,https://openalex.org/W4221141793;https://openalex.org/W4313395123;https://openalex.org/W3202175255
https://openalex.org/A5044832580,https://openalex.org/S2764955546,2,0.7063,https://openalex.org/W3026126388;https://openalex.org/W3001020120
https://openalex.org/A5045284879,https://openalex.org/S2485537415,2,0.6887,https://openalex.org/W2976414818;https://openalex.org/W3110679780
https://openalex.org/A5055965586,https://openalex.org/S4210205812,2,0.6416,https://openalex.org/W4365509076;https://openalex.org/W4382403304
https://openalex.org/A5010147021,https://openalex.org/S2485537415,3,0.8304,https://openalex.org/W3021041857;https://openalex.org/W3034707934;https://openalex.org/W4398226261
https://openalex.org/A5053209487,https://openalex.org/S2485537415,2,0.5826,https://openalex.org/W4206209937;https://openalex.org/W4384519190
https://openalex.org/A5101527505,https://openalex.org/S4210177785,3,0.7926,https://openalex.org/W3045125794;https://openalex.org/W2335197832;https://openalex.org/W4388341885
https://openalex.org/A5090108098,https://openalex.org/S2485537415,3,0.6812,https://openalex.org/W2587891104;https://openalex.org/W2563367938;https://openalex.org/W4285137313
https://openalex.org/A5004946653,https://openalex.org/S196734849,2,0.7781,https://openalex.org/W3112995972;https://openalex.org/W4367181407
https://openalex.org/A5013196979,https://openalex.org/S127898559,2,0.6872,https://openalex.org/W3215273203;https://openalex.org/W2541398239
https://openalex.org/A5007434165,https://openalex.org/S4210172076,2,0.8331,https://openalex.org/W4362699082;https://openalex.org/W4324383277
https://openalex.org/A5012596219,https://openalex.org/S2485537415,2,0.7887,https://openalex.org/W4385976039;https://openalex.org/W4388642342
https://openalex.org/A5064284704,https://openalex.org/S2485537415,2,0.6826,https://openalex.org/W4385976039;https://openalex.org/W2999613663
https://openalex.org/A5033831523,https://openalex.org/S2485537415,3,0.6689,https://openalex.org/W3168170338;https://openalex.org/W2912740705;https://openalex.org/W2982516376
https://openalex.org/A5040181846,https://openalex.org/S2485537415,2,0.8352,https://openalex.org/W3155222352;https://openalex.org/W3121224937
https://openalex.org/A5078928747,https://openalex.org/S4210205812,2,0.7934,https://openalex.org/W4229053887;https://openalex.org/W2932079797
https://openalex.org/A5040863689,https://openalex.org/S196734849,2,0.879,https://openalex.org/W4308885876;https://openalex.org/W4388895542
https://openalex.org/A5071996865,https://openalex.org/S196734849,2,0.879,https://openalex.org/W4308885876;https://openalex.org/W4388895542
https://openalex.org/A5016362237,https://openalex.org/S2485537415,2,0.9435,https://openalex.org/W3047216992;https://openalex.org/W4302570227
https://openalex.org/A5104117492,https://openalex.org/S4210177785,3,0.8589,https://openalex.org/W4376875647;https://openalex.org/W2753022982;https://openalex.org/W2750684970
https://openalex.org/A5063901031,https://openalex.org/S32837994,2,0.8561,https://openalex.org/W4389223917;https://openalex.org/W4399117195
https://openalex.org/A5055678785,https://openalex.org/S4210192031,2,0.6342,https://openalex.org/W4366283377;https://openalex.org/W4377091082
https://openalex.org/A5014100513,https://openalex.org/S4210177785,3,0.7906,https://openalex.org/W4310067553;https://openalex.org/W3197135088;https://openalex.org/W3133329316
https://openalex.org/A5084306484,https://openalex.org/S2764413287,2,0.6936,https://openalex.org/W4386352155;https://openalex.org/W4379135610
https://openalex.org/A5017835678,https://openalex.org/S19032547,2,0.7223,https://openalex.org/W3042805419;https://openalex.org/W4220988961
https://openalex.org/A5036511259,https://openalex.org/S2485537415,2,0.6214,https://openalex.org/W4404238271;https://openalex.org/W4399449473
https://openalex.org/A5074913127,https://openalex.org/S2485537415,3,0.6892,https://openalex.org/W4400229077;https://openalex.org/W4400679572;https://openalex.org/W4405600009
https://openalex.org/A5091780889,https://openalex.org/S2485537415,2,0.7294,https://openalex.org/W3179438688;https://openalex.org/W4387042344
https://openalex.org/A5012890130,https://openalex.org/S2485537415,2,0.7294,https://openalex.org/W3179438688;https://openalex.org/W4387042344
https://openalex.org/A5053015192,https://openalex.org/S4210205812,2,0.9235,https://openalex.org/W4310045024;https://openalex.org/W4303578856
https://openalex.org/A5100646694,https://openalex.org/S2485537415,2,0.6764,https://openalex.org/W4382203122;https://openalex.org/W4315778627
https://openalex.org/A5025820678,https://openalex.org/S2485537415,2,0.7077,https://openalex.org/W4386322023;https://openalex.org/W4386736893
https://openalex.org/A5101997005,https://openalex.org/S4210192031,3,0.6872,https://openalex.org/W4391305583;https://openalex.org/W4402048902;https://openalex.org/W4402680215
https://openalex.org/A5073138968,https://openalex.org/S2485537415,2,0.6979,https://openalex.org/W4390726463;https://openalex.org/W4388505260
https://openalex.org/A5034939930,https://openalex.org/S2485537415,2,0.7773,https://openalex.org/W2895590982;https://openalex.org/W3082467335
https://openalex.org/A5057428816,https://openalex.org/S2485537415,2,0.8697,https://openalex.org/W2969428710;https://openalex.org/W3046082509
https://openalex.org/A5010739613,https://openalex.org/S4210177785,3,0.8926,https://openalex.org/W2138799285;https://openalex.org/W4403262530;https://openalex.org/W3004603269
https://openalex.org/A5053191999,https://openalex.org/S2485537415,2,0.8266,https://openalex.org/W3028572733;https://openalex.org/W4404563518
https://openalex.org/A5100391315,https://openalex.org/S2485537415,3,0.6892,https://openalex.org/W3041319475;https://openalex.org/W2945635251;https://openalex.org/W2900828081
https://openalex.org/A5100452654,https://openalex.org/S2485537415,3,0.6999,https://openalex.org/W2981593076;https://openalex.org/W2998961377;https://openalex.org/W4312567217
https://openalex.org/A5078786146,https://openalex.org/S196734849,2,0.7519,https://openalex.org/W3177504760;https://openalex.org/W4285390975
https://openalex.org/A5028700987,https://openalex.org/S4210201048,2,0.6723,https://openalex.org/W3111444395;https://openalex.org/W4220725600
https://openalex.org/A5032277491,https://openalex.org/S2485537415,2,0.5241,https://openalex.org/W2991847337;https://openalex.org/W4312825364
https://openalex.org/A5041257635,https://openalex.org/S4210192031,3,0.7442,https://openalex.org/W3132859845;https://openalex.org/W4294839233;https://openalex.org/W4322619683
https://openalex.org/A5067102941,https://openalex.org/S4210192031,3,0.7442,https://openalex.org/W3132859845;https://openalex.org/W4294839233;https://openalex.org/W4322619683
https://openalex.org/A5078277002,https://openalex.org/S4210219776,2,0.6866,https://openalex.org/W4200599876;https://openalex.org/W4365513215
https://openalex.org/A5100392823,https://openalex.org/S2485537415,3,0.8535,https://openalex.org/W3106428744;https://openalex.org/W3146530908;https://openalex.org/W3200396105
https://openalex.org/A5091451326,https://openalex.org/S2485537415,2,0.6305,https://openalex.org/W4285276702;https://openalex.org/W3006163097
https://openalex.org/A5007752686,https://openalex.org/S2485537415,2,0.7819,https://openalex.org/W4383219984;https://openalex.org/W2902405139
https://openalex.org/A5020446643,https://openalex.org/S139930977,2,0.7048,https://openalex.org/W2166439581;https://openalex.org/W4403713680
https://openalex.org/A5073337884,https://openalex.org/S4210177785,3,0.8432,https://openalex.org/W4283208270;https://openalex.org/W4295533116;https://openalex.org/W4281479916
https://openalex.org/A5002385420,https://openalex.org/S2764955546,2,0.8259,https://openalex.org/W4379467709;https://openalex.org/W4386258686
https://openalex.org/A5035755804,https://openalex.org/S178776955,2,0.8569,https://openalex.org/W4220721854;https://openalex.org/W4396608814
https://openalex.org/A5033932345,https://openalex.org/S195231649,2,0.9231,https://openalex.org/W2804966426;https://openalex.org/W3090616938
https://openalex.org/A5011208990,https://openalex.org/S32837994,2,0.8515,https://openalex.org/W3045508234;https://openalex.org/W4293230959
https://openalex.org/A5028471037,https://openalex.org/S2485537415,2,0.8246,https://openalex.org/W4285219308;https://openalex.org/W4389633788
https://openalex.org/A5061623438,https://openalex.org/S9692511,2,0.8907,https://openalex.org/W2750065334;https://openalex.org/W3133578276
https://openalex.org/A5078458889,https://openalex.org/S4210205812,2,0.7623,https://openalex.org/W3083850392;https://openalex.org/W4400321791
https://openalex.org/A5024515193,https://openalex.org/S139930977,2,0.7055,https://openalex.org/W4308299830;https://openalex.org/W2979901546
https://openalex.org/A5075740835,https://openalex.org/S4210206423,3,0.8932,https://openalex.org/W4395960759;https://openalex.org/W4401991620;https://openalex.org/W4401991599
https://openalex.org/A5100445487,https://openalex.org/S2485537415,3,0.7971,https://openalex.org/W2980477689;https://openalex.org/W3001441057;https://openalex.org/W2996398454
https://openalex.org/A5101882040,https://openalex.org/S2485537415,2,0.6963,https://openalex.org/W3109549323;https://openalex.org/W3188425338
https://openalex.org/A5048124531,https://openalex.org/S2485537415,2,0.7241,https://openalex.org/W2887108772;https://openalex.org/W3081140379
https://openalex.org/A5080288399,https://openalex.org/S2485537415,3,0.9022,https://openalex.org/W3217629301;https://openalex.org/W4295935070;https://openalex.org/W4386179655
https://openalex.org/A5088746370,https://openalex.org/S101949793,2,0.8802,https://openalex.org/W4317243134;https://openalex.org/W4377107925
https://openalex.org/A5080965236,https://openalex.org/S2485537415,2,0.8257,https://openalex.org/W4404178753;https://openalex.org/W4403863466
https://openalex.org/A5102684461,https://openalex.org/S2485537415,2,0.8257,https://openalex.org/W4404178753;https://openalex.org/W4403863466
https://openalex.org/A5113367387,https://openalex.org/S2485537415,2,0.8257,https://openalex.org/W4404178753;https://openalex.org/W4403863466
https://openalex.org/A5032566027,https://openalex.org/S2485537415,2,0.8039,https://openalex.org/W3113044294;https://openalex.org/W2996600395
https://openalex.org/A5115591071,https://openalex.org/S4210205812,2,0.6735,https://openalex.org/W3215490307;https://openalex.org/W4214812657
https://openalex.org/A5058452665,https://openalex.org/S4210205812,2,0.8161,https://openalex.org/W3212902403;https://openalex.org/W4385067094
https://openalex.org/A5024909557,https://openalex.org/S2485537415,2,0.7632,https://openalex.org/W3083459786;https://openalex.org/W3114886839
https://openalex.org/A5100398281,https://openalex.org/S3035462843,3,0.7014,https://openalex.org/W3177008941;https://openalex.org/W3044916305;https://openalex.org/W4316041484
https://openalex.org/A5090343976,https://openalex.org/S2485537415,2,0.7107,https://openalex.org/W3033036590;https://openalex.org/W2953467339
https://openalex.org/A5106404043,https://openalex.org/S4210178049,2,0.5918,https://openalex.org/W4403076846;https://openalex.org/W3201327625
https://openalex.org/A5083084430,https://openalex.org/S2485537415,3,0.6039,https://openalex.org/W4399485424;https://openalex.org/W4403863495;https://openalex.org/W3174123549
https://openalex.org/A5029931168,https://openalex.org/S4210177785,3,0.8481,https://openalex.org/W4387008085;https://openalex.org/W3129373370;https://openalex.org/W4281264084
https://openalex.org/A5057945355,https://openalex.org/S4210205812,2,0.9273,https://openalex.org/W4401410369;https://openalex.org/W4402824770
https://openalex.org/A5024709170,https://openalex.org/S107516304,2,0.7376,https://openalex.org/W2928090982;https://openalex.org/W4391389582
https://openalex.org/A5020227658,https://openalex.org/S4210192031,2,0.7224,https://openalex.org/W2996726117;https://openalex.org/W4391305339
https://openalex.org/A5091263992,https://openalex.org/S4210205812,2,0.8861,https://openalex.org/W2737961329;https://openalex.org/W2905326994
https://openalex.org/A5103836927,https://openalex.org/S127898559,2,0.8536,https://openalex.org/W2188718405;https://openalex.org/W2979729847
https://openalex.org/A5088328008,https://openalex.org/S2485537415,2,0.832,https://openalex.org/W2912165583;https://openalex.org/W3080404591
https://openalex.org/A5057170398,https://openalex.org/S139930977,2,0.8088,https://openalex.org/W3120930077;https://openalex.org/W4283579494
https://openalex.org/A5046092986,https://openalex.org/S4210205812,3,0.8555,https://openalex.org/W3210691267;https://openalex.org/W4317734473;https://openalex.org/W2973204492
https://openalex.org/A5043492331,https://openalex.org/S4210196574,2,1.0,https://openalex.org/W4391523402;https://openalex.org/W4409851994
https://openalex.org/A5113275641,https://openalex.org/S2738286576,3,0.7646,https://openalex.org/W2605742832;https://openalex.org/W2563004430;https://openalex.org/W4386300979
https://openalex.org/A5100664507,https://openalex.org/S2485537415,2,0.8267,https://openalex.org/W3115640131;https://openalex.org/W3106953799
https://openalex.org/A5013290512,https://openalex.org/S34838331,2,0.7725,https://openalex.org/W4214638831;https://openalex.org/W2996077194
https://openalex.org/A5088086274,https://openalex.org/S2485537415,3,0.6729,https://openalex.org/W2609996576;https://openalex.org/W4404914636;https://openalex.org/W2884175112
https://openalex.org/A5077897203,https://openalex.org/S2485537415,3,0.644,https://openalex.org/W3163438093;https://openalex.org/W3127613186;https://openalex.org/W4226030621
https://openalex.org/A5055346472,https://openalex.org/S4210173132,3,0.8647,https://openalex.org/W4387024385;https://openalex.org/W4399179674;https://openalex.org/W4366090730
https://openalex.org/A5047173698,https://openalex.org/S2485537415,2,0.621,https://openalex.org/W4378071406;https://openalex.org/W3006163097
https://openalex.org/A5010987810,https://openalex.org/S101949793,2,0.7847,https://openalex.org/W4388764726;https://openalex.org/W3209780981
https://openalex.org/A5025588068,https://openalex.org/S4210219776,3,0.7297,https://openalex.org/W4400248169;https://openalex.org/W4391099427;https://openalex.org/W4405513871
https://openalex.org/A5109523475,https://openalex.org/S2485537415,3,0.9091,https://openalex.org/W3209446190;https://openalex.org/W4386699389;https://openalex.org/W4403390458
https://openalex.org/A5047516371,https://openalex.org/S2485537415,2,0.7042,https://openalex.org/W4291653327;https://openalex.org/W4387951960
https://openalex.org/A5074905333,https://openalex.org/S196734849,2,0.8581,https://openalex.org/W4380354511;https://openalex.org/W4302292999
https://openalex.org/A5089103785,https://openalex.org/S139930977,2,0.8738,https://openalex.org/W2883439102;https://openalex.org/W3124809951
https://openalex.org/A5082586707,https://openalex.org/S4210205812,2,0.9536,https://openalex.org/W4213231821;https://openalex.org/W2921420365
https://openalex.org/A5032241746,https://openalex.org/S195231649,2,0.8493,https://openalex.org/W2799650705;https://openalex.org/W3088176630
https://openalex.org/A5084415556,https://openalex.org/S101949793,2,0.8374,https://openalex.org/W3111055412;https://openalex.org/W3093351461
https://openalex.org/A5047451826,https://openalex.org/S4210205812,3,0.7014,https://openalex.org/W4384299263;https://openalex.org/W4386091675;https://openalex.org/W4389184857
https://openalex.org/A5110269912,https://openalex.org/S4210205812,3,0.7014,https://openalex.org/W4384299263;https://openalex.org/W4386091675;https://openalex.org/W4389184857
https://openalex.org/A5022760994,https://openalex.org/S137468011,3,0.7595,https://openalex.org/W4402904805;https://openalex.org/W2973412092;https://openalex.org/W3196717407
https://openalex.org/A5026887700,https://openalex.org/S2485537415,2,0.6533,https://openalex.org/W4388208289;https://openalex.org/W4285155119
https://openalex.org/A5100649922,https://openalex.org/S997959834,2,0.7941,https://openalex.org/W1617903574;https://openalex.org/W2346325134
https://openalex.org/A5023266992,https://openalex.org/S137468011,3,0.7805,https://openalex.org/W3097648411;https://openalex.org/W3096921828;https://openalex.org/W4402912707
https://openalex.org/A5091398081,https://openalex.org/S2485537415,3,0.8508,https://openalex.org/W4384916271;https://openalex.org/W4295700760;https://openalex.org/W4295308531
https://openalex.org/A5060690192,https://openalex.org/S4210205812,2,0.6891,https://openalex.org/W4404595696;https://openalex.org/W4288041928
https://openalex.org/A5010388353,https://openalex.org/S2485537415,2,0.5249,https://openalex.org/W4403863482;https://openalex.org/W4315778382
https://openalex.org/A5021846977,https://openalex.org/S2485537415,3,0.6933,https://openalex.org/W4390777229;https://openalex.org/W4386322023;https://openalex.org/W4386736893
https://openalex.org/A5009452693,https://openalex.org/S2485537415,2,0.5964,https://openalex.org/W4388819906;https://openalex.org/W4391621220
https://openalex.org/A5062029765,https://openalex.org/S2729999759,2,0.7209,https://openalex.org/W2898774411;https://openalex.org/W4394871646
https://openalex.org/A5100694368,https://openalex.org/S2485537415,2,0.6149,https://openalex.org/W2906722631;https://openalex.org/W3096295776
https://openalex.org/A5020081584,https://openalex.org/S4210192031,3,0.7698,https://openalex.org/W4226438888;https://openalex.org/W4281837565;https://openalex.org/W4296360192
https://openalex.org/A5100406573,https://openalex.org/S4210192031,2,0.7757,https://openalex.org/W4293162690;https://openalex.org/W4229376346
https://openalex.org/A5050013557,https://openalex.org/S4210205812,2,0.7865,https://openalex.org/W4289515477;https://openalex.org/W4283123701
https://openalex.org/A5100630403,https://openalex.org/S2485537415,2,0.6594,https://openalex.org/W3019675698;https://openalex.org/W4321780154
https://openalex.org/A5086900250,https://openalex.org/S196734849,2,0.8546,https://openalex.org/W4323359744;https://openalex.org/W4221077687
https://openalex.org/A5012207220,https://openalex.org/S149016011,2,0.702,https://openalex.org/W2337453828;https://openalex.org/W3122725470
https://openalex.org/A5012650826,https://openalex.org/S2485537415,2,0.8879,https://openalex.org/W4387247611;https://openalex.org/W4390738506
https://openalex.org/A5000811181,https://openalex.org/S4210219776,2,0.621,https://openalex.org/W2904540497;https://openalex.org/W3034999584
https://openalex.org/A5037364292,https://openalex.org/S4210205812,2,0.6071,https://openalex.org/W3082524298;https://openalex.org/W3042680816
https://openalex.org/A5082997975,https://openalex.org/S2729999759,3,0.7416,https://openalex.org/W4382449327;https://openalex.org/W2121740319;https://openalex.org/W4386488973
https://openalex.org/A5046533689,https://openalex.org/S2485537415,2,0.8283,https://openalex.org/W4392173059;https://openalex.org/W4387247694
https://openalex.org/A5038150152,https://openalex.org/S2485537415,2,0.6775,https://openalex.org/W4380480543;https://openalex.org/W3120443952
https://openalex.org/A5001906008,https://openalex.org/S2764846071,2,0.8106,https://openalex.org/W2898622369;https://openalex.org/W2801598301
https://openalex.org/A5070188855,https://openalex.org/S4210177785,2,0.7829,https://openalex.org/W4283730429;https://openalex.org/W4283709215
https://openalex.org/A5007583477,https://openalex.org/S2485537415,2,0.61,https://openalex.org/W3012894637;https://openalex.org/W2968898024
https://openalex.org/A5042181468,https://openalex.org/S2485537415,3,0.6688,https://openalex.org/W3109714390;https://openalex.org/W4387951960;https://openalex.org/W3107511435
https://openalex.org/A5040373406,https://openalex.org/S196734849,3,0.8969,https://openalex.org/W4401107769;https://openalex.org/W4384820331;https://openalex.org/W4289518712
https://openalex.org/A5023061079,https://openalex.org/S196734849,3,0.8969,https://openalex.org/W4401107769;https://openalex.org/W4384820331;https://openalex.org/W4289518712
https://openalex.org/A5050454101,https://openalex.org/S2485537415,3,0.703,https://openalex.org/W4386124574;https://openalex.org/W4399452793;https://openalex.org/W4285227562
https://openalex.org/A5054225034,https://openalex.org/S4210197006,2,0.6968,https://openalex.org/W4319602626;https://openalex.org/W3010682145
https://openalex.org/A5024037777,https://openalex.org/S2485537415,2,0.6778,https://openalex.org/W4401415216;https://openalex.org/W4404410605
https://openalex.org/A5002465837,https://openalex.org/S52395412,2,0.7289,https://openalex.org/W3108030349;https://openalex.org/W3014589900
https://openalex.org/A5022574607,https://openalex.org/S2729999759,2,0.8124,https://openalex.org/W4395680645;https://openalex.org/W2769298630
https://openalex.org/A5060376610,https://openalex.org/S2764413287,2,0.6278,https://openalex.org/W4403558103;https://openalex.org/W4396796587
https://openalex.org/A5101398113,https://openalex.org/S2485537415,2,0.5837,https://openalex.org/W3042840230;https://openalex.org/W3033821083
https://openalex.org/A5081145748,https://openalex.org/S2485537415,2,0.8039,https://openalex.org/W4210794564;https://openalex.org/W3091939259
https://openalex.org/A5071922620,https://openalex.org/S107516304,2,0.8707,https://openalex.org/W4313988795;https://openalex.org/W4386827007
https://openalex.org/A5047851681,https://openalex.org/S2485537415,2,0.543,https://openalex.org/W4360792284;https://openalex.org/W3074911901
https://openalex.org/A5051332075,https://openalex.org/S4210192031,2,0.855,https://openalex.org/W4389613795;https://openalex.org/W4400042515
https://openalex.org/A5010340252,https://openalex.org/S2485537415,2,0.6538,https://openalex.org/W2806243271;https://openalex.org/W3159308542
https://openalex.org/A5100413700,https://openalex.org/S4210192031,2,0.8035,https://openalex.org/W4405968049;https://openalex.org/W4379794180
https://openalex.org/A5069047081,https://openalex.org/S4210192031,2,0.8035,https://openalex.org/W4405968049;https://openalex.org/W4379794180
https://openalex.org/A5009368063,https://openalex.org/S2485537415,2,0.7092,https://openalex.org/W4323891929;https://openalex.org/W4389665058
https://openalex.org/A5044574416,https://openalex.org/S101949793,3,0.7593,https://openalex.org/W4385697313;https://openalex.org/W4382936427;https://openalex.org/W4391654808
https://openalex.org/A5039341855,https://openalex.org/S196734849,2,0.7365,https://openalex.org/W4383620714;https://openalex.org/W4392239799
https://openalex.org/A5087572406,https://openalex.org/S2485537415,2,0.6807,https://openalex.org/W4312337797;https://openalex.org/W4285817569
https://openalex.org/A5063471629,https://openalex.org/S4210177785,3,0.8363,https://openalex.org/W4328097952;https://openalex.org/W3118840012;https://openalex.org/W4365815729
https://openalex.org/A5100459326,https://openalex.org/S4210205812,2,0.5776,https://openalex.org/W4379229405;https://openalex.org/W4388096033
https://openalex.org/A5074571136,https://openalex.org/S2485537415,2,0.6466,https://openalex.org/W3208020934;https://openalex.org/W3212279797
https://openalex.org/A5007747525,https://openalex.org/S190680769,2,0.8518,https://openalex.org/W2922351987;https://openalex.org/W4384522102
https://openalex.org/A5073173597,https://openalex.org/S4210192031,2,0.8484,https://openalex.org/W4282564349;https://openalex.org/W4385307715
https://openalex.org/A5025256338,https://openalex.org/S4210205812,2,0.9235,https://openalex.org/W4310045024;https://openalex.org/W4303578856
https://openalex.org/A5076497507,https://openalex.org/S2485537415,3,0.7463,https://openalex.org/W4387350604;https://openalex.org/W3203033219;https://openalex.org/W4386320373
https://openalex.org/A5017613002,https://openalex.org/S2764955546,2,0.6341,https://openalex.org/W3127988644;https://openalex.org/W4402519214
https://openalex.org/A5070567713,https://openalex.org/S2485537415,3,0.8243,https://openalex.org/W4391216255;https://openalex.org/W4312530056;https://openalex.org/W4380785284
https://openalex.org/A5066930349,https://openalex.org/S178776955,2,0.7829,https://openalex.org/W4386833486;https://openalex.org/W4402272187
https://openalex.org/A5024732617,https://openalex.org/S4210205812,2,0.719,https://openalex.org/W4323663595;https://openalex.org/W4319317597
https://openalex.org/A5068882573,https://openalex.org/S2485537415,3,0.6375,https://openalex.org/W4323338839;https://openalex.org/W4389040816;https://openalex.org/W4388430322
https://openalex.org/A5100390198,https://openalex.org/S2485537415,2,0.5547,https://openalex.org/W4393217324;https://openalex.org/W2794953472
https://openalex.org/A5007892698,https://openalex.org/S4210192031,2,0.6847,https://openalex.org/W4322743038;https://openalex.org/W4402371161
https://openalex.org/A5034677335,https://openalex.org/S4210206423,2,0.7881,https://openalex.org/W4390877994;https://openalex.org/W4379795177
https://openalex.org/A5039552087,https://openalex.org/S4210178049,2,0.7834,https://openalex.org/W4304811509;https://openalex.org/W4378234117
https://openalex.org/A5103145567,https://openalex.org/S4210206423,2,0.8092,https://openalex.org/W4387763987;https://openalex.org/W4384108464
https://openalex.org/A5086753691,https://openalex.org/S52395412,2,0.7272,https://openalex.org/W2949944067;https://openalex.org/W3165206372
https://openalex.org/A5040941339,https://openalex.org/S4210205812,2,0.5632,https://openalex.org/W4384815933;https://openalex.org/W4310716498
https://openalex.org/A5011184722,https://openalex.org/S4210195431,2,0.8381,https://openalex.org/W3211201308;https://openalex.org/W4404259974
https://openalex.org/A5063909173,https://openalex.org/S2485537415,2,0.6257,https://openalex.org/W4401416267;https://openalex.org/W3159062288
https://openalex.org/A5087152421,https://openalex.org/S4210173132,2,0.8134,https://openalex.org/W4320918861;https://openalex.org/W4293686410
https://openalex.org/A5113665999,https://openalex.org/S2485537415,2,0.6583,https://openalex.org/W4400071533;https://openalex.org/W4400770758
https://openalex.org/A5087283637,https://openalex.org/S2729999759,2,0.7723,https://openalex.org/W4384211343;https://openalex.org/W4383220336
https://openalex.org/A5043966041,https://openalex.org/S2485537415,3,0.7143,https://openalex.org/W4394730917;https://openalex.org/W4404847696;https://openalex.org/W3214768413
https://openalex.org/A5103018247,https://openalex.org/S2485537415,2,0.6459,https://openalex.org/W4403295184;https://openalex.org/W4401109592
https://openalex.org/A5064858748,https://openalex.org/S2729999759,3,0.7048,https://openalex.org/W4403296573;https://openalex.org/W3095156104;https://openalex.org/W3213458975
https://openalex.org/A5033129735,https://openalex.org/S139930977,3,0.822,https://openalex.org/W4379058658;https://openalex.org/W309675244;https://openalex.org/W2924816077
https://openalex.org/A5062667569,https://openalex.org/S2485537415,2,0.6514,https://openalex.org/W2910123878;https://openalex.org/W2921808911
https://openalex.org/A5086717154,https://openalex.org/S2729999759,3,0.6561,https://openalex.org/W2403717966;https://openalex.org/W2467240462;https://openalex.org/W2593847145
https://openalex.org/A5045226685,https://openalex.org/S196734849,3,0.7627,https://openalex.org/W3191743075;https://openalex.org/W2948394366;https://openalex.org/W2891816967
https://openalex.org/A5068810193,https://openalex.org/S196734849,3,0.7627,https://openalex.org/W3191743075;https://openalex.org/W2948394366;https://openalex.org/W2891816967
https://openalex.org/A5074681163,https://openalex.org/S107516304,2,0.8791,https://openalex.org/W2937671098;https://openalex.org/W3040948586
https://openalex.org/A5062362866,https://openalex.org/S2485537415,3,0.6593,https://openalex.org/W2967458960;https://openalex.org/W2974511542;https://openalex.org/W2951156590
https://openalex.org/A5081635691,https://openalex.org/S2729999759,2,0.7191,https://openalex.org/W2125444198;https://openalex.org/W2748256906
https://openalex.org/A5038062752,https://openalex.org/S139930977,3,0.8679,https://openalex.org/W2600455691;https://openalex.org/W4324130885;https://openalex.org/W3214083543
https://openalex.org/A5042058985,https://openalex.org/S196734849,3,0.8903,https://openalex.org/W3004016611;https://openalex.org/W3033382446;https://openalex.org/W3155033502
https://openalex.org/A5082069715,https://openalex.org/S139930977,2,0.7767,https://openalex.org/W2287612586;https://openalex.org/W2549102774
https://openalex.org/A5087778670,https://openalex.org/S4210205812,2,0.6727,https://openalex.org/W4307941286;https://openalex.org/W4221107896
https://openalex.org/A5010155676,https://openalex.org/S202381698,2,0.7063,https://openalex.org/W2530382561;https://openalex.org/W3039325750
https://openalex.org/A5023732514,https://openalex.org/S139930977,3,0.8,https://openalex.org/W2106251409;https://openalex.org/W2291693177;https://openalex.org/W2903010679
https://openalex.org/A5060426258,https://openalex.org/S2485537415,3,0.8039,https://openalex.org/W3007040895;https://openalex.org/W2967561222;https://openalex.org/W2946743211
https://openalex.org/A5042991251,https://openalex.org/S127898559,3,0.7625,https://openalex.org/W2766163044;https://openalex.org/W4313908912;https://openalex.org/W3197314992
https://openalex.org/A5022857079,https://openalex.org/S196734849,3,0.8445,https://openalex.org/W3121120936;https://openalex.org/W2801301435;https://openalex.org/W4389938596
https://openalex.org/A5037095141,https://openalex.org/S2764650051,2,0.8969,https://openalex.org/W2765441486;https://openalex.org/W2558756233
https://openalex.org/A5086954366,https://openalex.org/S4210173132,3,0.8496,https://openalex.org/W2910176920;https://openalex.org/W4386246370;https://openalex.org/W4296526146
https://openalex.org/A5037162400,https://openalex.org/S2485537415,2,0.6225,https://openalex.org/W2977542692;https://openalex.org/W2969261967
https://openalex.org/A5082167694,https://openalex.org/S4210172076,3,0.84,https://openalex.org/W2988325738;https://openalex.org/W3039652078;https://openalex.org/W3110722024
https://openalex.org/A5072196799,https://openalex.org/S4210172076,3,0.84,https://openalex.org/W2988325738;https://openalex.org/W3039652078;https://openalex.org/W3110722024
https://openalex.org/A5044628775,https://openalex.org/S4210172076,3,0.84,https://openalex.org/W2988325738;https://openalex.org/W3039652078;https://openalex.org/W3110722024
https://openalex.org/A5047655591,https://openalex.org/S202381698,2,0.7301,https://openalex.org/W3129160532;https://openalex.org/W3024368629
https://openalex.org/A5025205227,https://openalex.org/S2729999759,2,0.8645,https://openalex.org/W1839584883;https://openalex.org/W2593007760
https://openalex.org/A5112498068,https://openalex.org/S2485537415,3,0.6297,https://openalex.org/W2927065682;https://openalex.org/W3012343373;https://openalex.org/W2999022478
https://openalex.org/A5108072328,https://openalex.org/S127898559,2,0.7216,https://openalex.org/W2963454293;https://openalex.org/W2964008022
https://openalex.org/A5091227632,https://openalex.org/S2485537415,2,0.8806,https://openalex.org/W3026350704;https://openalex.org/W4205279398
https://openalex.org/A5101707899,https://openalex.org/S2485537415,3,0.6835,https://openalex.org/W3041319475;https://openalex.org/W2969077034;https://openalex.org/W2906003738
https://openalex.org/A5001153552,https://openalex.org/S4210205812,2,0.8157,https://openalex.org/W4400321791;https://openalex.org/W3046141163
https://openalex.org/A5060936121,https://openalex.org/S125501549,2,0.7069,https://openalex.org/W2480917010;https://openalex.org/W2500519874
https://openalex.org/A5101861374,https://openalex.org/S4210205812,3,0.8565,https://openalex.org/W3083389769;https://openalex.org/W3095424117;https://openalex.org/W3127404465
https://openalex.org/A5003994372,https://openalex.org/S4210177785,3,0.8459,https://openalex.org/W2181216859;https://openalex.org/W1976996227;https://openalex.org/W2346924903
https://openalex.org/A5023518080,https://openalex.org/S2729999759,2,0.6997,https://openalex.org/W2911379778;https://openalex.org/W2894627709
https://openalex.org/A5024120099,https://openalex.org/S2485537415,2,0.5991,https://openalex.org/W3201405160;https://openalex.org/W4399399489
https://openalex.org/A5044993835,https://openalex.org/S196734849,2,0.7519,https://openalex.org/W3177504760;https://openalex.org/W4285390975
https://openalex.org/A5047699502,https://openalex.org/S155526855,2,0.719,https://openalex.org/W4296845143;https://openalex.org/W2598771386
https://openalex.org/A5009007803,https://openalex.org/S4210200687,2,0.7162,https://openalex.org/W2997168091;https://openalex.org/W4385828876
https://openalex.org/A5001478568,https://openalex.org/S207319443,3,0.7346,https://openalex.org/W3108035982;https://openalex.org/W3111468671;https://openalex.org/W3141683523
https://openalex.org/A5052985764,https://openalex.org/S4210205812,2,0.7785,https://openalex.org/W4403733806;https://openalex.org/W4200340989
https://openalex.org/A5100368975,https://openalex.org/S2485537415,2,0.7988,https://openalex.org/W2941114614;https://openalex.org/W2901604509
https://openalex.org/A5100719744,https://openalex.org/S178776955,3,0.7436,https://openalex.org/W2957220981;https://openalex.org/W4281288254;https://openalex.org/W4400887712
https://openalex.org/A5100698811,https://openalex.org/S178776955,3,0.7436,https://openalex.org/W2957220981;https://openalex.org/W4281288254;https://openalex.org/W4400887712
https://openalex.org/A5029157544,https://openalex.org/S4210216316,2,0.898,https://openalex.org/W2592114483;https://openalex.org/W2593560331
https://openalex.org/A5006269113,https://openalex.org/S2485537415,3,0.6213,https://openalex.org/W2999917162;https://openalex.org/W3109520038;https://openalex.org/W2888777359
https://openalex.org/A5103260281,https://openalex.org/S101949793,2,0.8455,https://openalex.org/W4385358220;https://openalex.org/W3192818697
https://openalex.org/A5102991612,https://openalex.org/S2485537415,2,0.5752,https://openalex.org/W3043133652;https://openalex.org/W3165577760
https://openalex.org/A5026654173,https://openalex.org/S2485537415,2,0.7861,https://openalex.org/W2905917758;https://openalex.org/W2982899556
https://openalex.org/A5100456041,https://openalex.org/S2485537415,2,0.7516,https://openalex.org/W2971764038;https://openalex.org/W3096961263
https://openalex.org/A5100338386,https://openalex.org/S2485537415,2,0.6628,https://openalex.org/W2594465310;https://openalex.org/W2971764038
https://openalex.org/A5061317769,https://openalex.org/S4210177785,2,0.7642,https://openalex.org/W2976218146;https://openalex.org/W4281264084
https://openalex.org/A5050951311,https://openalex.org/S4210172076,3,0.8081,https://openalex.org/W3039652078;https://openalex.org/W3110722024;https://openalex.org/W4312126576
https://openalex.org/A5070382931,https://openalex.org/S2485537415,3,0.7624,https://openalex.org/W3205610845;https://openalex.org/W3200414374;https://openalex.org/W4291910329
https://openalex.org/A5041634597,https://openalex.org/S190680769,2,0.8105,https://openalex.org/W3216401552;https://openalex.org/W4292534065
https://openalex.org/A5041976076,https://openalex.org/S4210177785,2,0.8619,https://openalex.org/W4293217059;https://openalex.org/W2906465680
https://openalex.org/A5103060685,https://openalex.org/S2485537415,2,0.9045,https://openalex.org/W2963680343;https://openalex.org/W3006432169
https://openalex.org/A5048955398,https://openalex.org/S107516304,3,0.7503,https://openalex.org/W2991755410;https://openalex.org/W2727926256;https://openalex.org/W4225545910
https://openalex.org/A5058971804,https://openalex.org/S2485537415,2,0.7995,https://openalex.org/W3115542268;https://openalex.org/W4396214764
https://openalex.org/A5084650057,https://openalex.org/S4210192031,2,0.7747,https://openalex.org/W4311185754;https://openalex.org/W3165574508
https://openalex.org/A5029006172,https://openalex.org/S2485537415,2,0.8653,https://openalex.org/W3035866541;https://openalex.org/W4312661849
https://openalex.org/A5051198154,https://openalex.org/S139930977,2,0.7289,https://openalex.org/W3127903075;https://openalex.org/W4308299712
https://openalex.org/A5029481588,https://openalex.org/S202381698,2,0.691,https://openalex.org/W4402218623;https://openalex.org/W3005514019
https://openalex.org/A5066061053,https://openalex.org/S4210205812,2,0.728,https://openalex.org/W3014672866;https://openalex.org/W3117131503
https://openalex.org/A5052353004,https://openalex.org/S4210205812,2,0.728,https://openalex.org/W3014672866;https://openalex.org/W3117131503
https://openalex.org/A5067299042,https://openalex.org/S4210177785,3,0.8056,https://openalex.org/W2905969903;https://openalex.org/W3048100079;https://openalex.org/W4404421156
https://openalex.org/A5035287663,https://openalex.org/S4210205812,2,0.6771,https://openalex.org/W3031692371;https://openalex.org/W3130418699
https://openalex.org/A5079336821,https://openalex.org/S2729999759,2,0.5943,https://openalex.org/W3173377059;https://openalex.org/W4221149942
https://openalex.org/A5012801830,https://openalex.org/S2485537415,3,0.7288,https://openalex.org/W3009323161;https://openalex.org/W2956281465;https://openalex.org/W4205747206
https://openalex.org/A5006476798,https://openalex.org/S17147534,2,0.7738,https://openalex.org/W3121653116;https://openalex.org/W4210588715
https://openalex.org/A5010723033,https://openalex.org/S2485537415,3,0.7214,https://openalex.org/W3200659000;https://openalex.org/W3207785968;https://openalex.org/W3208975336
https://openalex.org/A5013466965,https://openalex.org/S2485537415,3,0.7968,https://openalex.org/W4226444435;https://openalex.org/W4214638371;https://openalex.org/W4293192700
https://openalex.org/A5013778168,https://openalex.org/S4210205812,2,0.753,https://openalex.org/W4280591423;https://openalex.org/W4386779674
https://openalex.org/A5082179107,https://openalex.org/S2764955546,2,0.5759,https://openalex.org/W2790052700;https://openalex.org/W4384461115
https://openalex.org/A5088415997,https://openalex.org/S101949793,2,0.7232,https://openalex.org/W2519711320;https://openalex.org/W2950592228
https://openalex.org/A5055848133,https://openalex.org/S107516304,2,0.8652,https://openalex.org/W2930775044;https://openalex.org/W1976330285
https://openalex.org/A5054121437,https://openalex.org/S101949793,2,0.7488,https://openalex.org/W2810375836;https://openalex.org/W4399675779
https://openalex.org/A5000829603,https://openalex.org/S2485537415,3,0.8006,https://openalex.org/W3002006595;https://openalex.org/W2980477689;https://openalex.org/W3001441057
https://openalex.org/A5100343662,https://openalex.org/S4210205812,3,0.6797,https://openalex.org/W4390273019;https://openalex.org/W4379230350;https://openalex.org/W4285732232
https://openalex.org/A5084321238,https://openalex.org/S2729999759,2,0.6997,https://openalex.org/W2911379778;https://openalex.org/W2894627709
https://openalex.org/A5007539735,https://openalex.org/S2485537415,2,0.5757,https://openalex.org/W2912348516;https://openalex.org/W3042065449
https://openalex.org/A5010427214,https://openalex.org/S4210177785,2,0.8878,https://openalex.org/W2595564133;https://openalex.org/W2932409702
https://openalex.org/A5076121553,https://openalex.org/S4210177785,3,0.8272,https://openalex.org/W2595564133;https://openalex.org/W2932409702;https://openalex.org/W4281258553
https://openalex.org/A5027391177,https://openalex.org/S101949793,3,0.848,https://openalex.org/W3153342265;https://openalex.org/W4319982518;https://openalex.org/W4303980452
https://openalex.org/A5056879425,https://openalex.org/S2485537415,3,0.6955,https://openalex.org/W3196901475;https://openalex.org/W4405219004;https://openalex.org/W4214936483
https://openalex.org/A5007721343,https://openalex.org/S4210205812,2,0.5783,https://openalex.org/W4280633207;https://openalex.org/W3017915973
https://openalex.org/A5101638502,https://openalex.org/S2485537415,2,0.836,https://openalex.org/W2790531552;https://openalex.org/W3128864118
https://openalex.org/A5035560190,https://openalex.org/S2485537415,2,0.7194,https://openalex.org/W3005588871;https://openalex.org/W2617899155
https://openalex.org/A5075266423,https://openalex.org/S196734849,2,0.834,https://openalex.org/W4283378513;https://openalex.org/W4383534594
https://openalex.org/A5027224308,https://openalex.org/S139930977,3,0.7673,https://openalex.org/W1182044309;https://openalex.org/W2961968854;https://openalex.org/W4206439154
https://openalex.org/A5007231650,https://openalex.org/S127898559,2,0.6688,https://openalex.org/W2791586967;https://openalex.org/W2895414701
https://openalex.org/A5074118615,https://openalex.org/S2485537415,3,0.9167,https://openalex.org/W2608021859;https://openalex.org/W2885517796;https://openalex.org/W3088675522
https://openalex.org/A5006781417,https://openalex.org/S2485537415,2,0.8276,https://openalex.org/W4396853145;https://openalex.org/W4400410123
https://openalex.org/A5100375038,https://openalex.org/S2485537415,2,0.6134,https://openalex.org/W3184731081;https://openalex.org/W3088675522
https://openalex.org/A5049175456,https://openalex.org/S178776955,3,0.8044,https://openalex.org/W4385658359;https://openalex.org/W3179575405;https://openalex.org/W4220997510
https://openalex.org/A5100329241,https://openalex.org/S178776955,3,0.8044,https://openalex.org/W4385658359;https://openalex.org/W3179575405;https://openalex.org/W4220997510
https://openalex.org/A5048028721,https://openalex.org/S2737955091,3,0.7053,https://openalex.org/W2913149476;https://openalex.org/W4392617925;https://openalex.org/W4381251322
https://openalex.org/A5088722513,https://openalex.org/S2737955091,3,0.8743,https://openalex.org/W4317040541;https://openalex.org/W4392617925;https://openalex.org/W4381251322
https://openalex.org/A5100334025,https://openalex.org/S101949793,2,0.8033,https://openalex.org/W2809449138;https://openalex.org/W2492274413
https://openalex.org/A5045861596,https://openalex.org/S2485537415,3,0.7167,https://openalex.org/W2964737815;https://openalex.org/W2908377234;https://openalex.org/W3000172280
https://openalex.org/A5100704262,https://openalex.org/S2485537415,2,0.657,https://openalex.org/W3034567317;https://openalex.org/W2729929678
https://openalex.org/A5101583704,https://openalex.org/S2485537415,2,0.7217,https://openalex.org/W3046996261;https://openalex.org/W3004054259
https://openalex.org/A5080299484,https://openalex.org/S195231649,2,0.8447,https://openalex.org/W3176003262;https://openalex.org/W4403638169
https://openalex.org/A5053676475,https://openalex.org/S2485537415,2,0.7039,https://openalex.org/W3011131643;https://openalex.org/W4323338752
https://openalex.org/A5077789570,https://openalex.org/S2485537415,2,0.6808,https://openalex.org/W4313017257;https://openalex.org/W4404238271
https://openalex.org/A5025650947,https://openalex.org/S178776955,3,0.7586,https://openalex.org/W2905604222;https://openalex.org/W4293242744;https://openalex.org/W3160208313
https://openalex.org/A5100326967,https://openalex.org/S4210205812,2,0.5987,https://openalex.org/W4214556405;https://openalex.org/W2898060687
https://openalex.org/A5006206015,https://openalex.org/S2485537415,3,0.6608,https://openalex.org/W2957245067;https://openalex.org/W2794247594;https://openalex.org/W2966742737
https://openalex.org/A5018144959,https://openalex.org/S4210178049,2,0.6182,https://openalex.org/W3136420378;https://openalex.org/W3191769560
https://openalex.org/A5015950125,https://openalex.org/S2485537415,3,0.6843,https://openalex.org/W3088181395;https://openalex.org/W4309877838;https://openalex.org/W4405778708
https://openalex.org/A5052222351,https://openalex.org/S4210205812,3,0.6575,https://openalex.org/W3027558920;https://openalex.org/W3143003892;https://openalex.org/W3089581105
https://openalex.org/A5046062333,https://openalex.org/S2485537415,3,0.7235,https://openalex.org/W3096348806;https://openalex.org/W3201246267;https://openalex.org/W3212690266
https://openalex.org/A5050414635,https://openalex.org/S2485537415,3,0.7235,https://openalex.org/W3096348806;https://openalex.org/W3201246267;https://openalex.org/W3212690266
https://openalex.org/A5040140600,https://openalex.org/S2485537415,3,0.6169,https://openalex.org/W3133715761;https://openalex.org/W3049229199;https://openalex.org/W3129227114
https://openalex.org/A5055440193,https://openalex.org/S2737955091,3,0.6474,https://openalex.org/W3133613477;https://openalex.org/W3122883274;https://openalex.org/W3130987523
https://openalex.org/A5064487134,https://openalex.org/S101949793,2,0.8363,https://openalex.org/W3120438957;https://openalex.org/W3135013162
https://openalex.org/A5029533594,https://openalex.org/S2485537415,2,0.8238,https://openalex.org/W3112301260;https://openalex.org/W4387885991
https://openalex.org/A5100739058,https://openalex.org/S202381698,2,0.7931,https://openalex.org/W4226265173;https://openalex.org/W4229062925
https://openalex.org/A5032383728,https://openalex.org/S83215360,2,0.6922,https://openalex.org/W4293234801;https://openalex.org/W3157946728
https://openalex.org/A5089231151,https://openalex.org/S2485537415,2,0.5787,https://openalex.org/W2948420763;https://openalex.org/W2797854610
https://openalex.org/A5076515807,https://openalex.org/S4210177785,3,0.878,https://openalex.org/W3118840012;https://openalex.org/W3168290438;https://openalex.org/W3201077454
https://openalex.org/A5090905342,https://openalex.org/S4210177785,3,0.8834,https://openalex.org/W3118840012;https://openalex.org/W3168290438;https://openalex.org/W4365815729
https://openalex.org/A5079190137,https://openalex.org/S2485537415,2,0.5981,https://openalex.org/W3197078573;https://openalex.org/W4400188086
https://openalex.org/A5023557669,https://openalex.org/S2764650051,2,0.8394,https://openalex.org/W3122092081;https://openalex.org/W4404448611
https://openalex.org/A5049385796,https://openalex.org/S195231649,2,0.9347,https://openalex.org/W3045117717;https://openalex.org/W3217171764
https://openalex.org/A5063975186,https://openalex.org/S139930977,2,0.7767,https://openalex.org/W2287612586;https://openalex.org/W2549102774
https://openalex.org/A5063457306,https://openalex.org/S2485537415,3,0.6714,https://openalex.org/W3137854771;https://openalex.org/W2911883666;https://openalex.org/W4285157909
https://openalex.org/A5053352602,https://openalex.org/S2485537415,2,0.8842,https://openalex.org/W3204447734;https://openalex.org/W4206699141
https://openalex.org/A5050104521,https://openalex.org/S107516304,3,0.8047,https://openalex.org/W4221130078;https://openalex.org/W4377940216;https://openalex.org/W4362671110
https://openalex.org/A5101841417,https://openalex.org/S4210206423,2,0.7624,https://openalex.org/W4293527342;https://openalex.org/W4283378684
https://openalex.org/A5080291510,https://openalex.org/S2485537415,2,0.667,https://openalex.org/W3186778784;https://openalex.org/W4312714499
https://openalex.org/A5046264812,https://openalex.org/S2485537415,2,0.8556,https://openalex.org/W3084522097;https://openalex.org/W3018215981
https://openalex.org/A5076335744,https://openalex.org/S2485537415,3,0.8355,https://openalex.org/W2917620985;https://openalex.org/W2950409115;https://openalex.org/W2942087303
https://openalex.org/A5100416074,https://openalex.org/S2485537415,3,0.9131,https://openalex.org/W3006913372;https://openalex.org/W3046302039;https://openalex.org/W3011535143
https://openalex.org/A5100456700,https://openalex.org/S2485537415,3,0.9131,https://openalex.org/W3006913372;https://openalex.org/W3046302039;https://openalex.org/W3011535143
https://openalex.org/A5013829491,https://openalex.org/S178776955,3,0.7814,https://openalex.org/W4308730153;https://openalex.org/W4388637554;https://openalex.org/W4361222776
https://openalex.org/A5090628443,https://openalex.org/S2764955546,2,0.6306,https://openalex.org/W4384461115;https://openalex.org/W3164185089
https://openalex.org/A5056270920,https://openalex.org/S4210206423,2,0.7748,https://openalex.org/W4390729652;https://openalex.org/W4386456717
https://openalex.org/A5041274548,https://openalex.org/S4210177785,2,0.8069,https://openalex.org/W2538840351;https://openalex.org/W2606888570
https://openalex.org/A5011812470,https://openalex.org/S2485537415,3,0.6285,https://openalex.org/W2996600395;https://openalex.org/W2914767871;https://openalex.org/W2909220062
https://openalex.org/A5040329608,https://openalex.org/S190680769,2,0.8518,https://openalex.org/W2922351987;https://openalex.org/W4384522102
https://openalex.org/A5019355473,https://openalex.org/S196734849,2,0.8113,https://openalex.org/W4396673247;https://openalex.org/W4390338706
https://openalex.org/A5060997415,https://openalex.org/S2485537415,3,0.8143,https://openalex.org/W2956597290;https://openalex.org/W2779077044;https://openalex.org/W2890608797
https://openalex.org/A5010963221,https://openalex.org/S4210177785,2,0.8224,https://openalex.org/W2915860004;https://openalex.org/W4386954465
https://openalex.org/A5049995499,https://openalex.org/S2485537415,3,0.6872,https://openalex.org/W4210794564;https://openalex.org/W3091939259;https://openalex.org/W3165439333
https://openalex.org/A5079609169,https://openalex.org/S2596394214,2,0.922,https://openalex.org/W3217397332;https://openalex.org/W3206502403
https://openalex.org/A5062893898,https://openalex.org/S2596394214,2,0.922,https://openalex.org/W3217397332;https://openalex.org/W3206502403
https://openalex.org/A5100406161,https://openalex.org/S43295729,2,0.7189,https://openalex.org/W4394689624;https://openalex.org/W4404240874
https://openalex.org/A5057743673,https://openalex.org/S2485537415,3,0.7248,https://openalex.org/W3009323161;https://openalex.org/W4318766061;https://openalex.org/W4205747206
https://openalex.org/A5090089564,https://openalex.org/S4210177785,2,0.8878,https://openalex.org/W2595564133;https://openalex.org/W2932409702
https://openalex.org/A5018178311,https://openalex.org/S2485537415,2,0.6745,https://openalex.org/W2918122338;https://openalex.org/W3083788729
https://openalex.org/A5029352933,https://openalex.org/S4210219776,3,0.7475,https://openalex.org/W2795227599;https://openalex.org/W3003580542;https://openalex.org/W4200411988
https://openalex.org/A5035645484,https://openalex.org/S4210219776,3,0.7475,https://openalex.org/W2795227599;https://openalex.org/W3003580542;https://openalex.org/W4200411988
https://openalex.org/A5038855081,https://openalex.org/S2485537415,2,0.9061,https://openalex.org/W3194951196;https://openalex.org/W4285268260
https://openalex.org/A5090118631,https://openalex.org/S2485537415,2,0.6807,https://openalex.org/W4312337797;https://openalex.org/W4285817569
https://openalex.org/A5081092073,https://openalex.org/S178776955,3,0.8106,https://openalex.org/W3047302674;https://openalex.org/W4200163494;https://openalex.org/W4293242744
https://openalex.org/A5101619735,https://openalex.org/S196734849,2,0.7268,https://openalex.org/W4312061384;https://openalex.org/W4388903318
https://openalex.org/A5055833004,https://openalex.org/S178776955,3,0.807,https://openalex.org/W4389078181;https://openalex.org/W4286490899;https://openalex.org/W4392595228
https://openalex.org/A5058237113,https://openalex.org/S2595095599,2,0.7213,https://openalex.org/W2788842776;https://openalex.org/W2967563764
https://openalex.org/A5086134349,https://openalex.org/S2485537415,2,0.5104,https://openalex.org/W2972651357;https://openalex.org/W4386088239
https://openalex.org/A5100449658,https://openalex.org/S4210205812,2,0.6172,https://openalex.org/W3091517403;https://openalex.org/W3199655532
https://openalex.org/A5061227788,https://openalex.org/S2485537415,2,0.5724,https://openalex.org/W4214883111;https://openalex.org/W4210686602
https://openalex.org/A5088665860,https://openalex.org/S2485537415,2,0.7696,https://openalex.org/W3107092601;https://openalex.org/W4383503751
https://openalex.org/A5007189190,https://openalex.org/S2485537415,2,0.836,https://openalex.org/W2790531552;https://openalex.org/W3128864118
https://openalex.org/A5035193269,https://openalex.org/S4210206423,3,0.8826,https://openalex.org/W4396854183;https://openalex.org/W4395960759;https://openalex.org/W4401991620
https://openalex.org/A5053920875,https://openalex.org/S4210205812,2,0.7655,https://openalex.org/W4322742074;https://openalex.org/W4323846891
https://openalex.org/A5069674615,https://openalex.org/S2485537415,3,0.8381,https://openalex.org/W2941893836;https://openalex.org/W2977311251;https://openalex.org/W2983922512
https://openalex.org/A5100684116,https://openalex.org/S2485537415,2,0.7496,https://openalex.org/W3096813810;https://openalex.org/W3045933227
https://openalex.org/A5000666010,https://openalex.org/S4210192031,2,0.8463,https://openalex.org/W3092845009;https://openalex.org/W3134789021
https://openalex.org/A5038105175,https://openalex.org/S2485537415,3,0.6551,https://openalex.org/W3208213519;https://openalex.org/W4390660001;https://openalex.org/W4285273917
https://openalex.org/A5044758732,https://openalex.org/S4210172076,2,0.8659,https://openalex.org/W4210570879;https://openalex.org/W4214571297
https://openalex.org/A5052783037,https://openalex.org/S4210172076,3,0.8494,https://openalex.org/W4229016538;https://openalex.org/W4285005387;https://openalex.org/W4316039145
https://openalex.org/A5043514066,https://openalex.org/S2485537415,3,0.6985,https://openalex.org/W2887108772;https://openalex.org/W3081140379;https://openalex.org/W4316022120
https://openalex.org/A5090664328,https://openalex.org/S2485537415,3,0.7975,https://openalex.org/W3019510337;https://openalex.org/W2980477689;https://openalex.org/W3001441057
https://openalex.org/A5002186127,https://openalex.org/S3035462843,2,0.7383,https://openalex.org/W4385310602;https://openalex.org/W4367050836
https://openalex.org/A5013191377,https://openalex.org/S2485537415,3,0.9022,https://openalex.org/W3217629301;https://openalex.org/W4295935070;https://openalex.org/W4386179655
https://openalex.org/A5058054791,https://openalex.org/S52395412,2,0.8437,https://openalex.org/W4284958076;https://openalex.org/W3160859670
https://openalex.org/A5100368943,https://openalex.org/S2485537415,3,0.7413,https://openalex.org/W4295788715;https://openalex.org/W3021451168;https://openalex.org/W2956490308
https://openalex.org/A5032733761,https://openalex.org/S4210219776,3,0.828,https://openalex.org/W4318203508;https://openalex.org/W4205120366;https://openalex.org/W4384525487
https://openalex.org/A5006122294,https://openalex.org/S4210205812,2,0.719,https://openalex.org/W4323663595;https://openalex.org/W4319317597
https://openalex.org/A5032265881,https://openalex.org/S2485537415,3,0.738,https://openalex.org/W2997254516;https://openalex.org/W4312552362;https://openalex.org/W4385731902
https://openalex.org/A5005681876,https://openalex.org/S43295729,2,0.9524,https://openalex.org/W4380084917;https://openalex.org/W4386996713
https://openalex.org/A5043224061,https://openalex.org/S178776955,2,0.7451,https://openalex.org/W4387527805;https://openalex.org/W4404865332
https://openalex.org/A5000263913,https://openalex.org/S2485537415,3,0.6362,https://openalex.org/W4394938948;https://openalex.org/W4394862704;https://openalex.org/W4312284807
https://openalex.org/A5100772689,https://openalex.org/S2485537415,2,0.832,https://openalex.org/W2908522685;https://openalex.org/W2974002102
https://openalex.org/A5028188862,https://openalex.org/S202381698,2,0.7805,https://openalex.org/W3203849430;https://openalex.org/W4306897026
https://openalex.org/A5087616870,https://openalex.org/S2485537415,2,0.6589,https://openalex.org/W4391855109;https://openalex.org/W4312856466
https://openalex.org/A5041117198,https://openalex.org/S101949793,2,0.8802,https://openalex.org/W4317243134;https://openalex.org/W4377107925
https://openalex.org/A5074097123,https://openalex.org/S2485537415,2,0.6871,https://openalex.org/W3111112601;https://openalex.org/W4293057253
https://openalex.org/A5079344757,https://openalex.org/S202381698,2,0.7807,https://openalex.org/W4378472055;https://openalex.org/W4323531581
https://openalex.org/A5016709485,https://openalex.org/S2485537415,2,0.6973,https://openalex.org/W3190520168;https://openalex.org/W4381835603
https://openalex.org/A5036784649,https://openalex.org/S2485537415,2,0.8182,https://openalex.org/W4392309213;https://openalex.org/W4387758108
https://openalex.org/A5017261663,https://openalex.org/S196734849,2,0.8195,https://openalex.org/W4387959220;https://openalex.org/W4394688177
https://openalex.org/A5043004019,https://openalex.org/S2485537415,2,0.8965,https://openalex.org/W3096387087;https://openalex.org/W3210319947
https://openalex.org/A5029317252,https://openalex.org/S4210205812,2,0.8125,https://openalex.org/W4388672474;https://openalex.org/W4389134770
https://openalex.org/A5073697159,https://openalex.org/S4210178049,2,0.6337,https://openalex.org/W4225392244;https://openalex.org/W4308753145
https://openalex.org/A5028213626,https://openalex.org/S178776955,3,0.9124,https://openalex.org/W4298145759;https://openalex.org/W4378882591;https://openalex.org/W4295279609
https://openalex.org/A5002011896,https://openalex.org/S195231649,2,0.6659,https://openalex.org/W4311397562;https://openalex.org/W2999214844
https://openalex.org/A5026538116,https://openalex.org/S4210192031,2,0.7054,https://openalex.org/W4366590504;https://openalex.org/W4385948500
https://openalex.org/A5029864546,https://openalex.org/S139930977,2,0.7614,https://openalex.org/W4380355772;https://openalex.org/W2921710073
https://openalex.org/A5082373943,https://openalex.org/S196734849,2,0.714,https://openalex.org/W4401047052;https://openalex.org/W4386098797
https://openalex.org/A5039527755,https://openalex.org/S4210205812,2,0.6477,https://openalex.org/W4210327430;https://openalex.org/W4288039835
https://openalex.org/A5074618508,https://openalex.org/S4210173132,2,0.8222,https://openalex.org/W4383227027;https://openalex.org/W4385616960
https://openalex.org/A5032679061,https://openalex.org/S2485537415,2,0.6621,https://openalex.org/W3201654139;https://openalex.org/W4388469830
https://openalex.org/A5100771697,https://openalex.org/S2485537415,2,0.92,https://openalex.org/W3006486026;https://openalex.org/W3034927287
https://openalex.org/A5102957889,https://openalex.org/S2485537415,2,0.7853,https://openalex.org/W3202790311;https://openalex.org/W3021898574
https://openalex.org/A5084093500,https://openalex.org/S4210172076,2,0.8782,https://openalex.org/W4283639690;https://openalex.org/W4281911277
https://openalex.org/A5035963835,https://openalex.org/S202381698,2,0.7913,https://openalex.org/W4389725757;https://openalex.org/W4292220009
https://openalex.org/A5083837327,https://openalex.org/S4210200687,3,0.7922,https://openalex.org/W4377115507;https://openalex.org/W4317208919;https://openalex.org/W4385838931
https://openalex.org/A5010424032,https://openalex.org/S4210178049,3,0.6758,https://openalex.org/W4397012710;https://openalex.org/W4403651433;https://openalex.org/W4405335585
https://openalex.org/A5012321715,https://openalex.org/S4210192031,2,0.7719,https://openalex.org/W3154663360;https://openalex.org/W4318775748
https://openalex.org/A5049925516,https://openalex.org/S2485537415,2,0.7788,https://openalex.org/W4290717778;https://openalex.org/W4285124443
https://openalex.org/A5100637499,https://openalex.org/S4210192031,2,0.6542,https://openalex.org/W4286433543;https://openalex.org/W4319081857
https://openalex.org/A5100359488,https://openalex.org/S43295729,3,0.8998,https://openalex.org/W4380084917;https://openalex.org/W3207962952;https://openalex.org/W4386996713
https://openalex.org/A5012676548,https://openalex.org/S202381698,2,0.7915,https://openalex.org/W2581563496;https://openalex.org/W3081931604
https://openalex.org/A5065102655,https://openalex.org/S2485537415,2,0.5693,https://openalex.org/W4382999119;https://openalex.org/W4317795336
https://openalex.org/A5064986566,https://openalex.org/S137468011,2,0.9057,https://openalex.org/W3197014202;https://openalex.org/W2974187753
https://openalex.org/A5003216983,https://openalex.org/S2485537415,2,0.7731,https://openalex.org/W4391936052;https://openalex.org/W4388206280
https://openalex.org/A5058579716,https://openalex.org/S107516304,2,0.8806,https://openalex.org/W4386410427;https://openalex.org/W4390501743
https://openalex.org/A5102004265,https://openalex.org/S107516304,2,0.8806,https://openalex.org/W4386410427;https://openalex.org/W4390501743
https://openalex.org/A5030346209,https://openalex.org/S2485537415,2,0.6327,https://openalex.org/W4402474319;https://openalex.org/W4394897057
https://openalex.org/A5059961578,https://openalex.org/S4210192031,3,0.6576,https://openalex.org/W4399367061;https://openalex.org/W4404669540;https://openalex.org/W4386223593
https://openalex.org/A5043812288,https://openalex.org/S2485537415,2,0.6891,https://openalex.org/W4404035262;https://openalex.org/W4403094399
https://openalex.org/A5101821586,https://openalex.org/S2485537415,3,0.8413,https://openalex.org/W3015908042;https://openalex.org/W2955437913;https://openalex.org/W3107863907
https://openalex.org/A5008201587,https://openalex.org/S2485537415,3,0.6355,https://openalex.org/W3030043596;https://openalex.org/W4285066558;https://openalex.org/W4226231988
https://openalex.org/A5047035994,https://openalex.org/S2485537415,2,0.8283,https://openalex.org/W4392173059;https://openalex.org/W4387247694
https://openalex.org/A5100651271,https://openalex.org/S4210192031,3,0.6845,https://openalex.org/W4319081815;https://openalex.org/W4388654183;https://openalex.org/W4386712066
https://openalex.org/A5057434297,https://openalex.org/S2485537415,2,0.6063,https://openalex.org/W4403095508;https://openalex.org/W4394966870
https://openalex.org/A5084849204,https://openalex.org/S2485537415,3,0.8207,https://openalex.org/W3042750953;https://openalex.org/W4395028148;https://openalex.org/W3116434045
https://openalex.org/A5066482162,https://openalex.org/S2485537415,3,0.7545,https://openalex.org/W4403721401;https://openalex.org/W3214847783;https://openalex.org/W4404688293
https://openalex.org/A5036351446,https://openalex.org/S2485537415,3,0.7969,https://openalex.org/W4404787824;https://openalex.org/W4312651602;https://openalex.org/W4386320385
https://openalex.org/A5012744232,https://openalex.org/S2485537415,2,0.9156,https://openalex.org/W4315630900;https://openalex.org/W4392086842
https://openalex.org/A5100775924,https://openalex.org/S195231649,3,0.725,https://openalex.org/W4315796317;https://openalex.org/W4313573793;https://openalex.org/W4313472717
https://openalex.org/A5043942356,https://openalex.org/S2485537415,2,0.9412,https://openalex.org/W4317796264;https://openalex.org/W4386917648
https://openalex.org/A5003941679,https://openalex.org/S2485537415,2,0.941,https://openalex.org/W4293499155;https://openalex.org/W4328007308
https://openalex.org/A5016381010,https://openalex.org/S155526855,2,1.0,https://openalex.org/W4383533118;https://openalex.org/W4381432831
https://openalex.org/A5086294822,https://openalex.org/S155526855,2,1.0,https://openalex.org/W4383533118;https://openalex.org/W4381432831
https://openalex.org/A5077958317,https://openalex.org/S4210177785,2,0.8873,https://openalex.org/W4388914577;https://openalex.org/W4404209190
https://openalex.org/A5110136797,https://openalex.org/S196734849,3,0.8071,https://openalex.org/W4385720524;https://openalex.org/W3132366428;https://openalex.org/W4390581156
https://openalex.org/A5100908682,https://openalex.org/S155526855,3,0.7708,https://openalex.org/W2772851365;https://openalex.org/W2924677654;https://openalex.org/W2923435069
https://openalex.org/A5101821143,https://openalex.org/S207319443,2,0.857,https://openalex.org/W3162632210;https://openalex.org/W3203207319
https://openalex.org/A5009274955,https://openalex.org/S4210213891,2,0.751,https://openalex.org/W4303833109;https://openalex.org/W3117442988
https://openalex.org/A5003178957,https://openalex.org/S2485537415,2,0.6838,https://openalex.org/W2906164196;https://openalex.org/W3000021552
https://openalex.org/A5034193264,https://openalex.org/S107516304,2,0.7285,https://openalex.org/W4402937536;https://openalex.org/W4399054042
https://openalex.org/A5100647460,https://openalex.org/S2485537415,2,0.8879,https://openalex.org/W4387247611;https://openalex.org/W4390738506
https://openalex.org/A5086772145,https://openalex.org/S196734849,2,0.7256,https://openalex.org/W4390012859;https://openalex.org/W4383343039
https://openalex.org/A5028772801,https://openalex.org/S101949793,2,0.8258,https://openalex.org/W4401244157;https://openalex.org/W4398139824
https://openalex.org/A5071191321,https://openalex.org/S4210205812,3,0.6711,https://openalex.org/W4401535290;https://openalex.org/W4200473023;https://openalex.org/W4389098761
https://openalex.org/A5102995786,https://openalex.org/S64187185,2,0.7272,https://openalex.org/W4386739308;https://openalex.org/W4399380887
https://openalex.org/A5027857944,https://openalex.org/S4210172076,2,0.8181,https://openalex.org/W4288426654;https://openalex.org/W4396919005
https://openalex.org/A5050191079,https://openalex.org/S4210172076,2,0.8181,https://openalex.org/W4288426654;https://openalex.org/W4396919005
https://openalex.org/A5078098754,https://openalex.org/S43295729,3,0.7069,https://openalex.org/W4283722877;https://openalex.org/W4391683701;https://openalex.org/W4288721502
https://openalex.org/A5071672943,https://openalex.org/S2485537415,3,0.7684,https://openalex.org/W3036109324;https://openalex.org/W4285175290;https://openalex.org/W4292969914
https://openalex.org/A5051850582,https://openalex.org/S2485537415,2,0.7101,https://openalex.org/W4328007355;https://openalex.org/W4366967163
https://openalex.org/A5101420358,https://openalex.org/S2485537415,2,0.8228,https://openalex.org/W4392309188;https://openalex.org/W4377966851
https://openalex.org/A5009342678,https://openalex.org/S2764955546,2,0.8545,https://openalex.org/W4385782632;https://openalex.org/W4223584521
https://openalex.org/A5046030036,https://openalex.org/S20211220,2,0.7466,https://openalex.org/W4397001599;https://openalex.org/W2766078582
https://openalex.org/A5014194895,https://openalex.org/S125501549,2,0.8301,https://openalex.org/W4398138776;https://openalex.org/W4205361249
https://openalex.org/A5012047265,https://openalex.org/S196734849,3,0.8969,https://openalex.org/W4401107769;https://openalex.org/W4384820331;https://openalex.org/W4289518712
https://openalex.org/A5113819628,https://openalex.org/S196734849,3,0.8969,https://openalex.org/W4401107769;https://openalex.org/W4384820331;https://openalex.org/W4289518712
https://openalex.org/A5100391516,https://openalex.org/S202381698,2,0.6899,https://openalex.org/W4298086689;https://openalex.org/W4280507017
https://openalex.org/A5075799102,https://openalex.org/S43295729,3,0.9111,https://openalex.org/W4323317490;https://openalex.org/W4381149367;https://openalex.org/W4376954599
https://openalex.org/A5043003448,https://openalex.org/S4210219776,2,0.8092,https://openalex.org/W4312187377;https://openalex.org/W4387775786
https://openalex.org/A5048180788,https://openalex.org/S107516304,2,0.7003,https://openalex.org/W4391880762;https://openalex.org/W2788320279
https://openalex.org/A5090907966,https://openalex.org/S125501549,2,0.872,https://openalex.org/W4392082904;https://openalex.org/W4404726157
https://openalex.org/A5088464127,https://openalex.org/S4210205812,2,0.8248,https://openalex.org/W4293791076;https://openalex.org/W4289985748
https://openalex.org/A5054708975,https://openalex.org/S4210205812,2,0.8248,https://openalex.org/W4293791076;https://openalex.org/W4289985748
https://openalex.org/A5016026541,https://openalex.org/S3035462843,2,0.6735,https://openalex.org/W4399386772;https://openalex.org/W4394620074
https://openalex.org/A5018476805,https://openalex.org/S4210238752,2,0.7228,https://openalex.org/W4395450962;https://openalex.org/W4393951203
https://openalex.org/A5058673990,https://openalex.org/S2485537415,2,0.7606,https://openalex.org/W3082528453;https://openalex.org/W4293192704
https://openalex.org/A5045732610,https://openalex.org/S2485537415,2,0.8092,https://openalex.org/W4319878793;https://openalex.org/W4389164453
https://openalex.org/A5050226997,https://openalex.org/S4210192031,2,0.6533,https://openalex.org/W4403172187;https://openalex.org/W4404757674
https://openalex.org/A5101748793,https://openalex.org/S107516304,2,0.8806,https://openalex.org/W4386410427;https://openalex.org/W4390501743
https://openalex.org/A5055989083,https://openalex.org/S107516304,2,0.8806,https://openalex.org/W4386410427;https://openalex.org/W4390501743
https://openalex.org/A5100551966,https://openalex.org/S4210205812,3,0.6828,https://openalex.org/W4401995694;https://openalex.org/W4390539077;https://openalex.org/W4400947596
https://openalex.org/A5067943980,https://openalex.org/S2729999759,3,0.8587,https://openalex.org/W4390739985;https://openalex.org/W3194769714;https://openalex.org/W4405738636
https://openalex.org/A5092276037,https://openalex.org/S2485537415,3,0.8647,https://openalex.org/W4382201918;https://openalex.org/W4392908601;https://openalex.org/W4386883109
https://openalex.org/A5075948725,https://openalex.org/S2485537415,3,0.6804,https://openalex.org/W4365130512;https://openalex.org/W4401691547;https://openalex.org/W4403600703
https://openalex.org/A5016031960,https://openalex.org/S4210205812,2,0.7529,https://openalex.org/W2952025157;https://openalex.org/W3195390317
https://openalex.org/A5069988513,https://openalex.org/S4210205812,3,0.7342,https://openalex.org/W2952025157;https://openalex.org/W2920834369;https://openalex.org/W3195390317
https://openalex.org/A5048624196,https://openalex.org/S2485537415,3,0.7294,https://openalex.org/W3192751986;https://openalex.org/W4394966899;https://openalex.org/W4392157452
https://openalex.org/A5022550153,https://openalex.org/S2764650051,2,0.6875,https://openalex.org/W3111012053;https://openalex.org/W4392413980
https://openalex.org/A5007153754,https://openalex.org/S4210192031,2,0.872,https://openalex.org/W3216098034;https://openalex.org/W4285730416
https://openalex.org/A5037543382,https://openalex.org/S4210216316,2,0.7202,https://openalex.org/W4237194859;https://openalex.org/W2973702636
https://openalex.org/A5087215613,https://openalex.org/S2729999759,3,0.6954,https://openalex.org/W2605659599;https://openalex.org/W2762009853;https://openalex.org/W4377087886
https://openalex.org/A5108046750,https://openalex.org/S178776955,3,0.807,https://openalex.org/W4389078181;https://openalex.org/W4286490899;https://openalex.org/W4392595228
https://openalex.org/A5101425534,https://openalex.org/S4210192031,2,0.7224,https://openalex.org/W2996726117;https://openalex.org/W4391305339
https://openalex.org/A5073142527,https://openalex.org/S196734849,2,0.6704,https://openalex.org/W4402067201;https://openalex.org/W4404974453
https://openalex.org/A5064153918,https://openalex.org/S137468011,3,0.6835,https://openalex.org/W4399210592;https://openalex.org/W2568385594;https://openalex.org/W4402905497
https://openalex.org/A5100619435,https://openalex.org/S52395412,2,0.7639,https://openalex.org/W4403113340;https://openalex.org/W4376274483
https://openalex.org/A5100418228,https://openalex.org/S101949793,2,0.7957,https://openalex.org/W4200410766;https://openalex.org/W4387977108
https://openalex.org/A5048849655,https://openalex.org/S2485537415,2,0.6721,https://openalex.org/W3046139778;https://openalex.org/W2883368387
https://openalex.org/A5011135498,https://openalex.org/S101949793,2,0.8418,https://openalex.org/W4404817850;https://openalex.org/W4387743536
https://openalex.org/A5046025979,https://openalex.org/S178776955,2,0.7524,https://openalex.org/W4392715060;https://openalex.org/W4402272187
https://openalex.org/A5027935106,https://openalex.org/S4210172076,3,0.7966,https://openalex.org/W4388660628;https://openalex.org/W4401337541;https://openalex.org/W4402859776
https://openalex.org/A5100958780,https://openalex.org/S139930977,2,0.8781,https://openalex.org/W4404314527;https://openalex.org/W4379374876
https://openalex.org/A5037385192,https://openalex.org/S4210177785,3,0.821,https://openalex.org/W2565806702;https://openalex.org/W2793249006;https://openalex.org/W3048100079
https://openalex.org/A5084019048,https://openalex.org/S2485537415,3,0.8422,https://openalex.org/W2780914653;https://openalex.org/W2955258001;https://openalex.org/W3013972396
https://openalex.org/A5072219555,https://openalex.org/S196734849,2,0.7443,https://openalex.org/W2589440298;https://openalex.org/W2688138122
https://openalex.org/A5100642288,https://openalex.org/S2485537415,2,0.7034,https://openalex.org/W2752866549;https://openalex.org/W2573388242
https://openalex.org/A5062124983,https://openalex.org/S4511983,3,0.7299,https://openalex.org/W2755611982;https://openalex.org/W2756139227;https://openalex.org/W4392949836
https://openalex.org/A5000916925,https://openalex.org/S101949793,2,0.8084,https://openalex.org/W3157241518;https://openalex.org/W3201202370
https://openalex.org/A5016979958,https://openalex.org/S2485537415,2,0.7263,https://openalex.org/W2969413581;https://openalex.org/W3135647342
https://openalex.org/A5009993083,https://openalex.org/S2729999759,3,0.7136,https://openalex.org/W2914602134;https://openalex.org/W4385859649;https://openalex.org/W3113219314
https://openalex.org/A5102921433,https://openalex.org/S2729999759,2,0.821,https://openalex.org/W2156621282;https://openalex.org/W4226280244
https://openalex.org/A5100641147,https://openalex.org/S2485537415,3,0.7684,https://openalex.org/W3036109324;https://openalex.org/W4285175290;https://openalex.org/W4292969914
https://openalex.org/A5037600606,https://openalex.org/S19032547,2,0.6803,https://openalex.org/W2598931168;https://openalex.org/W4306930767
https://openalex.org/A5035407171,https://openalex.org/S127898559,2,0.7095,https://openalex.org/W2346229027;https://openalex.org/W4404322395
https://openalex.org/A5100399184,https://openalex.org/S2485537415,3,0.7828,https://openalex.org/W3011580887;https://openalex.org/W3000521887;https://openalex.org/W2967818120
https://openalex.org/A5100602723,https://openalex.org/S2485537415,2,0.6625,https://openalex.org/W3048090083;https://openalex.org/W3000521887
https://openalex.org/A5102824651,https://openalex.org/S101949793,2,0.7732,https://openalex.org/W2794473504;https://openalex.org/W3124586268
https://openalex.org/A5100617683,https://openalex.org/S2485537415,3,0.7469,https://openalex.org/W2912010041;https://openalex.org/W2979753287;https://openalex.org/W2915003171
https://openalex.org/A5059760181,https://openalex.org/S2485537415,3,0.6608,https://openalex.org/W3148711710;https://openalex.org/W3112072862;https://openalex.org/W3096069948
https://openalex.org/A5017675981,https://openalex.org/S2485537415,2,0.8581,https://openalex.org/W2993234371;https://openalex.org/W2980361376
https://openalex.org/A5108378754,https://openalex.org/S127898559,2,0.7534,https://openalex.org/W1578641658;https://openalex.org/W2620965429
https://openalex.org/A5024538069,https://openalex.org/S32837994,2,0.892,https://openalex.org/W2763287731;https://openalex.org/W2808600229
https://openalex.org/A5090205794,https://openalex.org/S196734849,2,0.7337,https://openalex.org/W4281400401;https://openalex.org/W4404486813
https://openalex.org/A5043769131,https://openalex.org/S2485537415,3,0.82,https://openalex.org/W2995164854;https://openalex.org/W3159734327;https://openalex.org/W2995873665
https://openalex.org/A5100344360,https://openalex.org/S52395412,3,0.8492,https://openalex.org/W4312065988;https://openalex.org/W4309509386;https://openalex.org/W4283753811
https://openalex.org/A5100419444,https://openalex.org/S2485537415,2,0.9334,https://openalex.org/W3009251324;https://openalex.org/W3044645765
https://openalex.org/A5101731788,https://openalex.org/S2729999759,2,0.7937,https://openalex.org/W2798957007;https://openalex.org/W2344508595
https://openalex.org/A5031191415,https://openalex.org/S2485537415,3,0.6271,https://openalex.org/W2915265549;https://openalex.org/W2908636724;https://openalex.org/W2949230802
https://openalex.org/A5059091695,https://openalex.org/S2485537415,3,0.7552,https://openalex.org/W2969482165;https://openalex.org/W3103436470;https://openalex.org/W2951469251
https://openalex.org/A5082839085,https://openalex.org/S107516304,2,0.7292,https://openalex.org/W2729275743;https://openalex.org/W3112548514
https://openalex.org/A5004206574,https://openalex.org/S4210192031,2,0.8463,https://openalex.org/W3092845009;https://openalex.org/W3134789021
https://openalex.org/A5056668715,https://openalex.org/S4210205812,2,0.8683,https://openalex.org/W3153384062;https://openalex.org/W4366828742
https://openalex.org/A5036720066,https://openalex.org/S2485537415,2,0.6675,https://openalex.org/W3042750953;https://openalex.org/W3194828481
https://openalex.org/A5030773043,https://openalex.org/S195231649,2,0.9077,https://openalex.org/W3185446235;https://openalex.org/W3179632094
https://openalex.org/A5100707968,https://openalex.org/S2485537415,2,0.9047,https://openalex.org/W4221138941;https://openalex.org/W4295308281
https://openalex.org/A5028694889,https://openalex.org/S2485537415,3,0.6641,https://openalex.org/W2771759651;https://openalex.org/W2996487878;https://openalex.org/W2995688532
https://openalex.org/A5067257724,https://openalex.org/S2485537415,3,0.8111,https://openalex.org/W3039898295;https://openalex.org/W4312793472;https://openalex.org/W3163832435
https://openalex.org/A5064440046,https://openalex.org/S4210205812,2,0.7288,https://openalex.org/W3209716897;https://openalex.org/W3136736537
https://openalex.org/A5068504294,https://openalex.org/S4210205812,2,0.6283,https://openalex.org/W3100560438;https://openalex.org/W3033094340
https://openalex.org/A5075958056,https://openalex.org/S101949793,2,0.8623,https://openalex.org/W2301915332;https://openalex.org/W2401759074
https://openalex.org/A5085839929,https://openalex.org/S101949793,2,0.8305,https://openalex.org/W3105392915;https://openalex.org/W2412243360
https://openalex.org/A5066318724,https://openalex.org/S107516304,2,0.7146,https://openalex.org/W4283765020;https://openalex.org/W2995684765
https://openalex.org/A5034685748,https://openalex.org/S2485537415,3,0.8319,https://openalex.org/W2904312128;https://openalex.org/W2781487490;https://openalex.org/W2590061102
https://openalex.org/A5100635867,https://openalex.org/S2485537415,2,0.6795,https://openalex.org/W2936350370;https://openalex.org/W2953804754
https://openalex.org/A5011447933,https://openalex.org/S190629608,2,0.926,https://openalex.org/W3038456932;https://openalex.org/W3198815918
https://openalex.org/A5060963775,https://openalex.org/S4210205812,2,0.9362,https://openalex.org/W4220671871;https://openalex.org/W4306149504
https://openalex.org/A5103442122,https://openalex.org/S43295729,2,0.8661,https://openalex.org/W4220804907;https://openalex.org/W4296569531
https://openalex.org/A5056455910,https://openalex.org/S2485537415,2,0.7959,https://openalex.org/W2994458764;https://openalex.org/W2954539699
https://openalex.org/A5013665827,https://openalex.org/S2485537415,2,0.8242,https://openalex.org/W2808492790;https://openalex.org/W2789901741
https://openalex.org/A5021257546,https://openalex.org/S137468011,3,0.6425,https://openalex.org/W2893080932;https://openalex.org/W2893481810;https://openalex.org/W2973319667
https://openalex.org/A5081554265,https://openalex.org/S2485537415,3,0.7634,https://openalex.org/W3113434025;https://openalex.org/W3170720946;https://openalex.org/W3033948091
https://openalex.org/A5046177713,https://openalex.org/S2485537415,2,0.7569,https://openalex.org/W4285122644;https://openalex.org/W4395096466
https://openalex.org/A5046896448,https://openalex.org/S83215360,2,0.7739,https://openalex.org/W2964016962;https://openalex.org/W4225415191
https://openalex.org/A5048912804,https://openalex.org/S195231649,2,0.8566,https://openalex.org/W3010672490;https://openalex.org/W3172873108
https://openalex.org/A5035016302,https://openalex.org/S2485537415,3,0.6529,https://openalex.org/W3210382387;https://openalex.org/W4328007428;https://openalex.org/W3209629406
https://openalex.org/A5050604078,https://openalex.org/S4210205812,2,0.7238,https://openalex.org/W4221013356;https://openalex.org/W4328125665
https://openalex.org/A5055445718,https://openalex.org/S139930977,2,0.664,https://openalex.org/W4399021571;https://openalex.org/W4224235850
https://openalex.org/A5080626085,https://openalex.org/S2485537415,3,0.8654,https://openalex.org/W4291653308;https://openalex.org/W3198965389;https://openalex.org/W4301323220
https://openalex.org/A5100330218,https://openalex.org/S2485537415,3,0.6918,https://openalex.org/W4291653308;https://openalex.org/W4301323220;https://openalex.org/W3132220150
https://openalex.org/A5059221195,https://openalex.org/S196734849,2,0.7583,https://openalex.org/W4323971926;https://openalex.org/W4392597604
https://openalex.org/A5011129706,https://openalex.org/S2485537415,2,0.7769,https://openalex.org/W2989969443;https://openalex.org/W3005922161
https://openalex.org/A5038227924,https://openalex.org/S2764650051,2,0.8748,https://openalex.org/W3003488448;https://openalex.org/W3015579574
https://openalex.org/A5048556407,https://openalex.org/S2485537415,3,0.6806,https://openalex.org/W2904195769;https://openalex.org/W3174260683;https://openalex.org/W3009193334
https://openalex.org/A5067673382,https://openalex.org/S178776955,3,0.7246,https://openalex.org/W2952070801;https://openalex.org/W2762080095;https://openalex.org/W3049734274
https://openalex.org/A5100434425,https://openalex.org/S2485537415,2,0.7502,https://openalex.org/W3137381776;https://openalex.org/W2920823352
https://openalex.org/A5002565184,https://openalex.org/S4210205812,3,0.7834,https://openalex.org/W4206712611;https://openalex.org/W4213076711;https://openalex.org/W4383878503
https://openalex.org/A5000813954,https://openalex.org/S4210177785,3,0.9751,https://openalex.org/W3096112228;https://openalex.org/W1970357229;https://openalex.org/W4233708824
https://openalex.org/A5046172297,https://openalex.org/S2485537415,2,0.7618,https://openalex.org/W2790330428;https://openalex.org/W3197060355
https://openalex.org/A5101518518,https://openalex.org/S101949793,2,0.8256,https://openalex.org/W2924024513;https://openalex.org/W2907743393
https://openalex.org/A5018257269,https://openalex.org/S101949793,3,0.7687,https://openalex.org/W3023853940;https://openalex.org/W3138455070;https://openalex.org/W3008165448
https://openalex.org/A5044835196,https://openalex.org/S2485537415,2,0.6027,https://openalex.org/W3028061987;https://openalex.org/W4386524142
https://openalex.org/A5039821809,https://openalex.org/S2485537415,3,0.9226,https://openalex.org/W3111210357;https://openalex.org/W4229486284;https://openalex.org/W2934768696
https://openalex.org/A5039187782,https://openalex.org/S195231649,2,0.5307,https://openalex.org/W4283273228;https://openalex.org/W4366091946
https://openalex.org/A5108003556,https://openalex.org/S4210192031,2,0.7421,https://openalex.org/W4295102864;https://openalex.org/W4315786409
https://openalex.org/A5056569108,https://openalex.org/S4210192031,2,0.7421,https://openalex.org/W4295102864;https://openalex.org/W4315786409
https://openalex.org/A5039362856,https://openalex.org/S3035462843,2,0.8652,https://openalex.org/W4308652747;https://openalex.org/W4306392787
https://openalex.org/A5100389530,https://openalex.org/S3035462843,2,0.6979,https://openalex.org/W4213254405;https://openalex.org/W4309489057
https://openalex.org/A5052524267,https://openalex.org/S202381698,2,0.9109,https://openalex.org/W3143418328;https://openalex.org/W3040128587
https://openalex.org/A5045149769,https://openalex.org/S2485537415,2,0.5926,https://openalex.org/W4312379718;https://openalex.org/W4401691547
https://openalex.org/A5071946897,https://openalex.org/S4210192031,2,0.5301,https://openalex.org/W4316467227;https://openalex.org/W4387904084
https://openalex.org/A5003852858,https://openalex.org/S2485537415,2,0.6569,https://openalex.org/W2793169573;https://openalex.org/W2668217484
https://openalex.org/A5017460775,https://openalex.org/S2485537415,2,0.6333,https://openalex.org/W2793169573;https://openalex.org/W2969258218
https://openalex.org/A5037821817,https://openalex.org/S2485537415,2,0.7631,https://openalex.org/W4388676590;https://openalex.org/W4405488126
https://openalex.org/A5003518665,https://openalex.org/S2485537415,3,0.914,https://openalex.org/W3097101616;https://openalex.org/W3118687557;https://openalex.org/W3164316111
https://openalex.org/A5088372348,https://openalex.org/S3035462843,2,0.7509,https://openalex.org/W4289201487;https://openalex.org/W4387184429
https://openalex.org/A5063321978,https://openalex.org/S2485537415,2,0.9381,https://openalex.org/W4285038778;https://openalex.org/W4386472892
https://openalex.org/A5101864189,https://openalex.org/S4210192031,2,0.7813,https://openalex.org/W4224264214;https://openalex.org/W4281766122
https://openalex.org/A5053515901,https://openalex.org/S107516304,2,0.7146,https://openalex.org/W4283765020;https://openalex.org/W2995684765
https://openalex.org/A5077695189,https://openalex.org/S202381698,3,0.8322,https://openalex.org/W4385754981;https://openalex.org/W4280507017;https://openalex.org/W4390496682
https://openalex.org/A5033318800,https://openalex.org/S2485537415,2,0.7007,https://openalex.org/W3205522894;https://openalex.org/W4293371005
https://openalex.org/A5108081550,https://openalex.org/S2485537415,2,0.6746,https://openalex.org/W3178379654;https://openalex.org/W3085778398
https://openalex.org/A5100643265,https://openalex.org/S2485537415,2,0.8229,https://openalex.org/W3127715955;https://openalex.org/W3011223015
https://openalex.org/A5021334659,https://openalex.org/S195231649,3,0.6773,https://openalex.org/W4292694193;https://openalex.org/W3023759874;https://openalex.org/W4396218991
https://openalex.org/A5026567808,https://openalex.org/S2485537415,2,0.5601,https://openalex.org/W4388101146;https://openalex.org/W4391640775
https://openalex.org/A5049830551,https://openalex.org/S2485537415,2,0.6886,https://openalex.org/W2983826953;https://openalex.org/W2974125466
https://openalex.org/A5007048244,https://openalex.org/S2485537415,2,0.8195,https://openalex.org/W3027787227;https://openalex.org/W2918587001
https://openalex.org/A5055107348,https://openalex.org/S4210214273,2,0.6935,https://openalex.org/W4229077093;https://openalex.org/W4310050171
https://openalex.org/A5061709480,https://openalex.org/S4210177785,2,0.8059,https://openalex.org/W4283697013;https://openalex.org/W4283709215
https://openalex.org/A5101987301,https://openalex.org/S4210205812,2,0.7328,https://openalex.org/W4306938347;https://openalex.org/W4321371882
https://openalex.org/A5082373681,https://openalex.org/S139930977,3,0.8289,https://openalex.org/W2540405007;https://openalex.org/W4313395447;https://openalex.org/W3011683765
https://openalex.org/A5058467603,https://openalex.org/S190629608,3,0.7484,https://openalex.org/W4361295547;https://openalex.org/W4366827505;https://openalex.org/W4361010115
https://openalex.org/A5031370692,https://openalex.org/S2485537415,3,0.7557,https://openalex.org/W3187459817;https://openalex.org/W4380881469;https://openalex.org/W4297094915
https://openalex.org/A5001393770,https://openalex.org/S101949793,2,0.7847,https://openalex.org/W4388764726;https://openalex.org/W3209780981
https://openalex.org/A5006923501,https://openalex.org/S2485537415,3,0.8008,https://openalex.org/W2955420928;https://openalex.org/W4387042172;https://openalex.org/W3173714200
https://openalex.org/A5102012605,https://openalex.org/S3035462843,3,0.8075,https://openalex.org/W4387740163;https://openalex.org/W4321499134;https://openalex.org/W4391217630
https://openalex.org/A5019968969,https://openalex.org/S2729999759,2,0.7802,https://openalex.org/W3179926978;https://openalex.org/W4394871646
https://openalex.org/A5023583630,https://openalex.org/S2485537415,3,0.9091,https://openalex.org/W3209446190;https://openalex.org/W4386699389;https://openalex.org/W4403390458
https://openalex.org/A5072540019,https://openalex.org/S2485537415,3,0.9091,https://openalex.org/W3209446190;https://openalex.org/W4386699389;https://openalex.org/W4403390458
https://openalex.org/A5100355268,https://openalex.org/S2485537415,2,0.6623,https://openalex.org/W3214727746;https://openalex.org/W3196318080
https://openalex.org/A5028030572,https://openalex.org/S4210177785,3,0.7914,https://openalex.org/W4281923263;https://openalex.org/W2976571437;https://openalex.org/W4205413228
https://openalex.org/A5014880875,https://openalex.org/S2485537415,3,0.7042,https://openalex.org/W4323055192;https://openalex.org/W4285182416;https://openalex.org/W3170384705
https://openalex.org/A5091327453,https://openalex.org/S2485537415,2,0.8092,https://openalex.org/W4319878793;https://openalex.org/W4389164453
https://openalex.org/A5021236304,https://openalex.org/S2485537415,2,0.7658,https://openalex.org/W4391020083;https://openalex.org/W3009193334
https://openalex.org/A5051279615,https://openalex.org/S2485537415,3,0.7054,https://openalex.org/W2915265549;https://openalex.org/W4392207960;https://openalex.org/W3010060352
https://openalex.org/A5100435103,https://openalex.org/S4210178049,2,0.6374,https://openalex.org/W4394755861;https://openalex.org/W4319753750
https://openalex.org/A5082414801,https://openalex.org/S4210205812,2,0.8661,https://openalex.org/W4312124031;https://openalex.org/W4307372107
https://openalex.org/A5022301289,https://openalex.org/S4210200687,3,0.7664,https://openalex.org/W4224299781;https://openalex.org/W4400573894;https://openalex.org/W4210378244
https://openalex.org/A5022301074,https://openalex.org/S4210216316,3,0.7754,https://openalex.org/W4285794235;https://openalex.org/W4404541871;https://openalex.org/W4285796067
https://openalex.org/A5019999865,https://openalex.org/S4210205812,2,0.7924,https://openalex.org/W4393409810;https://openalex.org/W4353070492
https://openalex.org/A5090335612,https://openalex.org/S2485537415,2,0.6731,https://openalex.org/W4405429653;https://openalex.org/W3034186736
https://openalex.org/A5035270754,https://openalex.org/S4210205812,2,0.8125,https://openalex.org/W4388672474;https://openalex.org/W4389134770
https://openalex.org/A5100393871,https://openalex.org/S2485537415,2,0.6125,https://openalex.org/W2899329739;https://openalex.org/W4390533454
https://openalex.org/A5036286698,https://openalex.org/S4210172076,2,0.8545,https://openalex.org/W4311960368;https://openalex.org/W2587916931
https://openalex.org/A5103192173,https://openalex.org/S101949793,3,0.8372,https://openalex.org/W4396977007;https://openalex.org/W4323566061;https://openalex.org/W4390235308
https://openalex.org/A5072892826,https://openalex.org/S4210192031,2,0.7798,https://openalex.org/W4220923620;https://openalex.org/W4388723602
https://openalex.org/A5067538819,https://openalex.org/S195231649,3,0.7298,https://openalex.org/W4391823464;https://openalex.org/W4389194679;https://openalex.org/W4324092484
https://openalex.org/A5048838635,https://openalex.org/S4210196574,3,0.8221,https://openalex.org/W4392296311;https://openalex.org/W4385397972;https://openalex.org/W4409864950
https://openalex.org/A5029716141,https://openalex.org/S2485537415,3,0.6613,https://openalex.org/W4385938208;https://openalex.org/W4400187957;https://openalex.org/W4399310909
https://openalex.org/A5019204181,https://openalex.org/S178776955,2,0.8243,https://openalex.org/W4379086687;https://openalex.org/W4401143988
https://openalex.org/A5089916394,https://openalex.org/S2485537415,2,0.6303,https://openalex.org/W4399939103;https://openalex.org/W4391582421
https://openalex.org/A5100372419,https://openalex.org/S2485537415,3,0.7737,https://openalex.org/W3164877122;https://openalex.org/W3200579381;https://openalex.org/W3004958565
https://openalex.org/A5037608200,https://openalex.org/S4210205812,2,0.7128,https://openalex.org/W4378716637;https://openalex.org/W4401535994
https://openalex.org/A5089532441,https://openalex.org/S2485537415,3,0.6895,https://openalex.org/W4381249162;https://openalex.org/W4396594857;https://openalex.org/W4399767534
https://openalex.org/A5048630321,https://openalex.org/S4210214273,2,0.6809,https://openalex.org/W4403729413;https://openalex.org/W2810548302
https://openalex.org/A5024230680,https://openalex.org/S4210192031,3,0.8493,https://openalex.org/W4391486546;https://openalex.org/W4388379733;https://openalex.org/W4309449442
https://openalex.org/A5100770258,https://openalex.org/S4210192031,3,0.8493,https://openalex.org/W4391486546;https://openalex.org/W4388379733;https://openalex.org/W4309449442
https://openalex.org/A5100743739,https://openalex.org/S2485537415,2,0.8304,https://openalex.org/W4401386993;https://openalex.org/W4292825801
https://openalex.org/A5082204963,https://openalex.org/S2485537415,2,0.5977,https://openalex.org/W4405812526;https://openalex.org/W3006163097
https://openalex.org/A5063004787,https://openalex.org/S4210228075,2,0.786,https://openalex.org/W4321598429;https://openalex.org/W2903688408
https://openalex.org/A5009429868,https://openalex.org/S178776955,3,0.8399,https://openalex.org/W4390268905;https://openalex.org/W4404908023;https://openalex.org/W4297005073
https://openalex.org/A5080734082,https://openalex.org/S2729999759,3,0.7795,https://openalex.org/W4406237254;https://openalex.org/W4385859649;https://openalex.org/W4390075256
https://openalex.org/A5101403352,https://openalex.org/S4210205812,2,0.8667,https://openalex.org/W2471508646;https://openalex.org/W2158601124
https://openalex.org/A5100674127,https://openalex.org/S101949793,2,0.8365,https://openalex.org/W3189286258;https://openalex.org/W3110803781
https://openalex.org/A5071335046,https://openalex.org/S196734849,2,0.8013,https://openalex.org/W2972052510;https://openalex.org/W3183944223
https://openalex.org/A5100404979,https://openalex.org/S3569471,2,0.7424,https://openalex.org/W3007416014;https://openalex.org/W2979800178
https://openalex.org/A5038436210,https://openalex.org/S4210219776,2,0.621,https://openalex.org/W2904540497;https://openalex.org/W3034999584
https://openalex.org/A5100406971,https://openalex.org/S2485537415,2,0.9058,https://openalex.org/W2902708118;https://openalex.org/W2912785012
https://openalex.org/A5020009031,https://openalex.org/S4210197006,2,0.7126,https://openalex.org/W2967026363;https://openalex.org/W3173298369
https://openalex.org/A5075117055,https://openalex.org/S2485537415,2,0.6978,https://openalex.org/W2966086173;https://openalex.org/W3033279303
https://openalex.org/A5005632451,https://openalex.org/S2485537415,2,0.6978,https://openalex.org/W2966086173;https://openalex.org/W3033279303
https://openalex.org/A5046717027,https://openalex.org/S30889260,2,0.802,https://openalex.org/W2591992369;https://openalex.org/W3006149568
https://openalex.org/A5100778791,https://openalex.org/S2485537415,2,0.6405,https://openalex.org/W2590966287;https://openalex.org/W3034316692
https://openalex.org/A5064026404,https://openalex.org/S2485537415,2,0.912,https://openalex.org/W2941789808;https://openalex.org/W2973408519
https://openalex.org/A5102795757,https://openalex.org/S2485537415,3,0.8262,https://openalex.org/W2963184145;https://openalex.org/W2941916520;https://openalex.org/W2903393141
https://openalex.org/A5057892205,https://openalex.org/S190629608,2,0.7112,https://openalex.org/W3084956636;https://openalex.org/W4404973628
https://openalex.org/A5009995873,https://openalex.org/S139930977,3,0.772,https://openalex.org/W2548674525;https://openalex.org/W2469551589;https://openalex.org/W3027039943
https://openalex.org/A5052585981,https://openalex.org/S190629608,2,0.8754,https://openalex.org/W2943560162;https://openalex.org/W4404040752
https://openalex.org/A5101432358,https://openalex.org/S195231649,2,0.7815,https://openalex.org/W3000332477;https://openalex.org/W4387332433
https://openalex.org/A5035296513,https://openalex.org/S2485537415,2,0.6594,https://openalex.org/W2981916718;https://openalex.org/W3080935481
https://openalex.org/A5029016464,https://openalex.org/S4210216316,2,0.8132,https://openalex.org/W2738478599;https://openalex.org/W3037612873
https://openalex.org/A5100638959,https://openalex.org/S195231649,2,0.5979,https://openalex.org/W4282946014;https://openalex.org/W4220667844
https://openalex.org/A5100657942,https://openalex.org/S2485537415,3,0.6089,https://openalex.org/W2551350584;https://openalex.org/W2897118527;https://openalex.org/W2915262604
https://openalex.org/A5102972557,https://openalex.org/S101949793,2,0.8727,https://openalex.org/W2883267639;https://openalex.org/W2901326744
https://openalex.org/A5101993944,https://openalex.org/S4210205812,2,0.6442,https://openalex.org/W2932079797;https://openalex.org/W2936871749
https://openalex.org/A5001916237,https://openalex.org/S2485537415,3,0.8238,https://openalex.org/W2970741249;https://openalex.org/W2970381480;https://openalex.org/W2970422898
https://openalex.org/A5083351395,https://openalex.org/S202381698,2,0.8266,https://openalex.org/W3193607488;https://openalex.org/W2974209083
https://openalex.org/A5101656884,https://openalex.org/S2485537415,3,0.6946,https://openalex.org/W3008441132;https://openalex.org/W2997437542;https://openalex.org/W3004348634
https://openalex.org/A5050333667,https://openalex.org/S2485537415,3,0.8023,https://openalex.org/W2968699891;https://openalex.org/W2967532333;https://openalex.org/W2997437542
https://openalex.org/A5034570500,https://openalex.org/S101949793,2,0.8057,https://openalex.org/W2905005006;https://openalex.org/W2939399986
https://openalex.org/A5050842662,https://openalex.org/S195231649,2,0.8505,https://openalex.org/W3007269111;https://openalex.org/W3092743932
https://openalex.org/A5074393185,https://openalex.org/S2485537415,3,0.7632,https://openalex.org/W3093862315;https://openalex.org/W3201058350;https://openalex.org/W3210483973
https://openalex.org/A5037658807,https://openalex.org/S4210205812,2,0.9536,https://openalex.org/W4213231821;https://openalex.org/W2921420365
https://openalex.org/A5101509506,https://openalex.org/S4210205812,3,0.7193,https://openalex.org/W4220883484;https://openalex.org/W3214162883;https://openalex.org/W3030373227
https://openalex.org/A5065269182,https://openalex.org/S4210205812,3,0.7222,https://openalex.org/W3108231750;https://openalex.org/W4361275822;https://openalex.org/W3182811388
https://openalex.org/A5080667416,https://openalex.org/S4210205812,2,0.5937,https://openalex.org/W3214621455;https://openalex.org/W3174744638
https://openalex.org/A5005771535,https://openalex.org/S2729999759,2,0.7833,https://openalex.org/W3190301637;https://openalex.org/W1843946026
https://openalex.org/A5051363219,https://openalex.org/S101949793,2,0.6637,https://openalex.org/W3199138233;https://openalex.org/W3216680488
https://openalex.org/A5034116654,https://openalex.org/S4210205812,2,0.7288,https://openalex.org/W3209716897;https://openalex.org/W3136736537
https://openalex.org/A5033376109,https://openalex.org/S2485537415,2,0.7242,https://openalex.org/W2943963359;https://openalex.org/W3176162574
https://openalex.org/A5050825757,https://openalex.org/S4210205812,2,0.5543,https://openalex.org/W4309007274;https://openalex.org/W4288041928
https://openalex.org/A5050243416,https://openalex.org/S4210205812,3,0.7401,https://openalex.org/W4313515819;https://openalex.org/W4307303103;https://openalex.org/W4366774108
https://openalex.org/A5108294333,https://openalex.org/S2485537415,3,0.6641,https://openalex.org/W2771759651;https://openalex.org/W2996487878;https://openalex.org/W2995688532
https://openalex.org/A5015356150,https://openalex.org/S195231649,2,0.6743,https://openalex.org/W3026124740;https://openalex.org/W2948674820
https://openalex.org/A5089715871,https://openalex.org/S2485537415,3,0.5766,https://openalex.org/W2924917467;https://openalex.org/W3047971023;https://openalex.org/W2971134353
https://openalex.org/A5024412595,https://openalex.org/S4210178049,3,0.6729,https://openalex.org/W3086526850;https://openalex.org/W4301397344;https://openalex.org/W4390664157
https://openalex.org/A5070255220,https://openalex.org/S195231649,3,0.7836,https://openalex.org/W3127628000;https://openalex.org/W4402818321;https://openalex.org/W2766339011
https://openalex.org/A5085186316,https://openalex.org/S4210205812,3,0.7611,https://openalex.org/W4229070853;https://openalex.org/W4214712734;https://openalex.org/W3175764371
https://openalex.org/A5059378768,https://openalex.org/S4210172076,2,0.8782,https://openalex.org/W4283639690;https://openalex.org/W4281911277
https://openalex.org/A5066983807,https://openalex.org/S4210172076,2,0.8782,https://openalex.org/W4283639690;https://openalex.org/W4281911277
https://openalex.org/A5079129060,https://openalex.org/S4210216316,3,0.7492,https://openalex.org/W3088599519;https://openalex.org/W3199681680;https://openalex.org/W4237194859
https://openalex.org/A5042020913,https://openalex.org/S4210205812,2,0.7389,https://openalex.org/W2980569702;https://openalex.org/W4390112581
https://openalex.org/A5023369835,https://openalex.org/S43295729,3,0.8147,https://openalex.org/W4382468330;https://openalex.org/W4394693211;https://openalex.org/W4402051652
https://openalex.org/A5036207748,https://openalex.org/S2485537415,2,0.8153,https://openalex.org/W4385413402;https://openalex.org/W4403390337
https://openalex.org/A5046031351,https://openalex.org/S4210192031,2,0.6662,https://openalex.org/W4322771126;https://openalex.org/W3014671580
https://openalex.org/A5101815988,https://openalex.org/S2485537415,2,0.5837,https://openalex.org/W3042840230;https://openalex.org/W3033821083
https://openalex.org/A5006463248,https://openalex.org/S2485537415,2,0.7077,https://openalex.org/W3148361514;https://openalex.org/W3049076525
https://openalex.org/A5042203967,https://openalex.org/S4210178049,3,0.7579,https://openalex.org/W3155042034;https://openalex.org/W2587810790;https://openalex.org/W2945163429
https://openalex.org/A5047797782,https://openalex.org/S4210205812,3,0.7562,https://openalex.org/W3198087786;https://openalex.org/W4375862648;https://openalex.org/W3207011459
https://openalex.org/A5054950321,https://openalex.org/S2485537415,3,0.6519,https://openalex.org/W4378071406;https://openalex.org/W3006163097;https://openalex.org/W3107706524
https://openalex.org/A5012760300,https://openalex.org/S2485537415,2,0.6019,https://openalex.org/W4386124631;https://openalex.org/W4396753564
https://openalex.org/A5100732302,https://openalex.org/S2485537415,3,0.6134,https://openalex.org/W4391428196;https://openalex.org/W4395470979;https://openalex.org/W4400228624
https://openalex.org/A5069385514,https://openalex.org/S4210205812,2,0.8694,https://openalex.org/W3082368757;https://openalex.org/W3081347594
https://openalex.org/A5082709045,https://openalex.org/S195231649,3,0.6911,https://openalex.org/W3116083346;https://openalex.org/W4286209047;https://openalex.org/W2596981025
https://openalex.org/A5047454666,https://openalex.org/S196734849,3,0.8089,https://openalex.org/W2135470377;https://openalex.org/W2964023233;https://openalex.org/W3135672123
https://openalex.org/A5089847337,https://openalex.org/S2485537415,2,0.6157,https://openalex.org/W4400810521;https://openalex.org/W4396753510
https://openalex.org/A5103063335,https://openalex.org/S2485537415,2,0.6688,https://openalex.org/W3188732276;https://openalex.org/W3015785860
https://openalex.org/A5015174369,https://openalex.org/S2764955546,3,0.7535,https://openalex.org/W3197618933;https://openalex.org/W3207942231;https://openalex.org/W4220768912
https://openalex.org/A5100656150,https://openalex.org/S4210205812,2,0.6325,https://openalex.org/W3116104192;https://openalex.org/W4200513551
https://openalex.org/A5082264857,https://openalex.org/S190629608,2,0.7793,https://openalex.org/W4382789912;https://openalex.org/W4385399843
https://openalex.org/A5012141433,https://openalex.org/S4210197006,3,0.7395,https://openalex.org/W4223896955;https://openalex.org/W4405603003;https://openalex.org/W4281790198
https://openalex.org/A5034347136,https://openalex.org/S2485537415,2,0.5997,https://openalex.org/W4286377439;https://openalex.org/W4389459273
https://openalex.org/A5027443752,https://openalex.org/S2485537415,2,0.7994,https://openalex.org/W4316660920;https://openalex.org/W3212697684
https://openalex.org/A5038915198,https://openalex.org/S3035462843,2,0.9238,https://openalex.org/W4366817438;https://openalex.org/W4404198152
https://openalex.org/A5026629742,https://openalex.org/S155526855,2,0.7349,https://openalex.org/W4383533168;https://openalex.org/W4200382561
https://openalex.org/A5020850821,https://openalex.org/S2595095599,3,0.7383,https://openalex.org/W4386033190;https://openalex.org/W4404061196;https://openalex.org/W2781682462
https://openalex.org/A5007947038,https://openalex.org/S3035462843,2,0.6735,https://openalex.org/W4399386772;https://openalex.org/W4394620074
https://openalex.org/A5100888588,https://openalex.org/S4511983,3,0.8023,https://openalex.org/W3161120353;https://openalex.org/W2790110848;https://openalex.org/W2285474471
https://openalex.org/A5011568579,https://openalex.org/S101949793,2,0.9562,https://openalex.org/W2888870618;https://openalex.org/W2525640029
https://openalex.org/A5052336708,https://openalex.org/S3569471,2,0.7917,https://openalex.org/W4285802957;https://openalex.org/W3117343553
https://openalex.org/A5015344924,https://openalex.org/S2485537415,2,0.7152,https://openalex.org/W4226407513;https://openalex.org/W3038946826
https://openalex.org/A5039347839,https://openalex.org/S2729999759,2,0.8084,https://openalex.org/W4402227281;https://openalex.org/W4403051469
https://openalex.org/A5070627781,https://openalex.org/S2485537415,3,0.7821,https://openalex.org/W4312479215;https://openalex.org/W4392902330;https://openalex.org/W3174514359
https://openalex.org/A5086924335,https://openalex.org/S2485537415,2,0.618,https://openalex.org/W4321770495;https://openalex.org/W3199409388
https://openalex.org/A5101412143,https://openalex.org/S4210205812,2,0.6774,https://openalex.org/W4381568928;https://openalex.org/W4386895600
https://openalex.org/A5066848156,https://openalex.org/S4210205812,3,0.6681,https://openalex.org/W4391822280;https://openalex.org/W4229008537;https://openalex.org/W4390272606
https://openalex.org/A5100336978,https://openalex.org/S178776955,2,0.6618,https://openalex.org/W4392715060;https://openalex.org/W2537155066
https://openalex.org/A5054590402,https://openalex.org/S2485537415,2,0.7114,https://openalex.org/W4399310944;https://openalex.org/W4404708712
https://openalex.org/A5070908826,https://openalex.org/S101949793,2,0.6864,https://openalex.org/W4399335327;https://openalex.org/W4285394646
https://openalex.org/A5028848095,https://openalex.org/S4210205812,3,0.7091,https://openalex.org/W4402856286;https://openalex.org/W4399302354;https://openalex.org/W4379411077
https://openalex.org/A5055741193,https://openalex.org/S2485537415,2,0.7174,https://openalex.org/W4391428197;https://openalex.org/W4403977032
https://openalex.org/A5018662278,https://openalex.org/S4210195431,2,0.7114,https://openalex.org/W4404259974;https://openalex.org/W3075432525
https://openalex.org/A5100417712,https://openalex.org/S149016011,2,0.8291,https://openalex.org/W3213996614;https://openalex.org/W3023508416
https://openalex.org/A5090237397,https://openalex.org/S4210205812,3,0.6876,https://openalex.org/W3217752882;https://openalex.org/W4405235100;https://openalex.org/W4382402843
https://openalex.org/A5100328995,https://openalex.org/S195231649,2,0.6045,https://openalex.org/W4319160217;https://openalex.org/W2126991420
https://openalex.org/A5100400871,https://openalex.org/S4210205812,2,0.8915,https://openalex.org/W4320496145;https://openalex.org/W4386742462
https://openalex.org/A5102774458,https://openalex.org/S2485537415,3,0.7766,https://openalex.org/W4385695952;https://openalex.org/W4390215464;https://openalex.org/W4285153402
https://openalex.org/A5003444918,https://openalex.org/S4210192031,3,0.7964,https://openalex.org/W4317433959;https://openalex.org/W4200471585;https://openalex.org/W4400088857
https://openalex.org/A5071736086,https://openalex.org/S4210178049,2,0.9426,https://openalex.org/W4402066383;https://openalex.org/W4401187287
https://openalex.org/A5108149359,https://openalex.org/S4210192031,2,0.7069,https://openalex.org/W4378084995;https://openalex.org/W4402494085
https://openalex.org/A5101977244,https://openalex.org/S4210192031,2,0.7587,https://openalex.org/W4402599850;https://openalex.org/W4404190038
https://openalex.org/A5040542771,https://openalex.org/S20211220,2,0.8175,https://openalex.org/W4292830177;https://openalex.org/W4405740120
https://openalex.org/A5023899090,https://openalex.org/S2485537415,3,0.6843,https://openalex.org/W3088181395;https://openalex.org/W4309877838;https://openalex.org/W4405778708
https://openalex.org/A5037416487,https://openalex.org/S4210196574,3,1.0,https://openalex.org/W4409898207;https://openalex.org/W4409778878;https://openalex.org/W4386297408
https://openalex.org/A5071761891,https://openalex.org/S195231649,2,0.7485,https://openalex.org/W4313260791;https://openalex.org/W4313246023
https://openalex.org/A5100602378,https://openalex.org/S4210192031,2,0.9181,https://openalex.org/W4380090475;https://openalex.org/W4402494085
https://openalex.org/A5101933467,https://openalex.org/S2485537415,2,0.907,https://openalex.org/W4312585292;https://openalex.org/W4385413428
https://openalex.org/A5100636247,https://openalex.org/S2485537415,2,0.8423,https://openalex.org/W4393217324;https://openalex.org/W4399485331
https://openalex.org/A5084525042,https://openalex.org/S107516304,2,0.7715,https://openalex.org/W4400956569;https://openalex.org/W3173358242
https://openalex.org/A5023150818,https://openalex.org/S101949793,3,0.6774,https://openalex.org/W3212254454;https://openalex.org/W2995476757;https://openalex.org/W4392865005
https://openalex.org/A5045347161,https://openalex.org/S3569471,2,0.8145,https://openalex.org/W4206304878;https://openalex.org/W4293082518
https://openalex.org/A5101425832,https://openalex.org/S2595095599,2,0.6581,https://openalex.org/W4322732755;https://openalex.org/W4382939835
https://openalex.org/A5008393074,https://openalex.org/S4210192031,2,0.7453,https://openalex.org/W4381165231;https://openalex.org/W4286433690
https://openalex.org/A5067184681,https://openalex.org/S4210205812,3,0.8702,https://openalex.org/W4385274493;https://openalex.org/W4392201601;https://openalex.org/W4385220826
https://openalex.org/A5021917859,https://openalex.org/S4210192031,2,0.8575,https://openalex.org/W4385603732;https://openalex.org/W4318215046
https://openalex.org/A5001227032,https://openalex.org/S190629608,2,0.5262,https://openalex.org/W4220687914;https://openalex.org/W3193522076
https://openalex.org/A5102911402,https://openalex.org/S4210192031,3,0.8766,https://openalex.org/W4402923240;https://openalex.org/W3199591739;https://openalex.org/W4388971072
https://openalex.org/A5018069499,https://openalex.org/S139930977,2,0.8588,https://openalex.org/W2770650464;https://openalex.org/W3017374003
https://openalex.org/A5113922807,https://openalex.org/S196734849,2,0.7272,https://openalex.org/W3092836991;https://openalex.org/W2470936259
https://openalex.org/A5015457657,https://openalex.org/S32837994,2,0.7963,https://openalex.org/W2990188691;https://openalex.org/W2607215299
https://openalex.org/A5101731298,https://openalex.org/S2485537415,3,0.7909,https://openalex.org/W2967269971;https://openalex.org/W2991321929;https://openalex.org/W2937925601
https://openalex.org/A5004002884,https://openalex.org/S4210219776,3,0.7704,https://openalex.org/W2997125665;https://openalex.org/W2939048927;https://openalex.org/W3093542232
https://openalex.org/A5038477494,https://openalex.org/S4210172076,2,0.8545,https://openalex.org/W4311960368;https://openalex.org/W2587916931
https://openalex.org/A5010002157,https://openalex.org/S4210172076,2,0.8545,https://openalex.org/W4311960368;https://openalex.org/W2587916931
https://openalex.org/A5055842704,https://openalex.org/S4210172076,2,0.8545,https://openalex.org/W4311960368;https://openalex.org/W2587916931
https://openalex.org/A5055757002,https://openalex.org/S139930977,3,0.7861,https://openalex.org/W2972757548;https://openalex.org/W2979901546;https://openalex.org/W3142459457
https://openalex.org/A5016379690,https://openalex.org/S4210205812,2,0.9321,https://openalex.org/W4224247412;https://openalex.org/W4288039585
https://openalex.org/A5100436486,https://openalex.org/S2485537415,2,0.9313,https://openalex.org/W3004487273;https://openalex.org/W3065312920
https://openalex.org/A5100723499,https://openalex.org/S2485537415,2,0.7177,https://openalex.org/W3125378889;https://openalex.org/W2963965172
https://openalex.org/A5070670749,https://openalex.org/S190680769,2,0.8571,https://openalex.org/W3114371220;https://openalex.org/W4398208149
https://openalex.org/A5103075437,https://openalex.org/S2485537415,3,0.8417,https://openalex.org/W3097219553;https://openalex.org/W3038960575;https://openalex.org/W4225760281
https://openalex.org/A5101432128,https://openalex.org/S207319443,2,0.6851,https://openalex.org/W3134973662;https://openalex.org/W3124661115
https://openalex.org/A5053403785,https://openalex.org/S2485537415,2,0.7741,https://openalex.org/W3016756065;https://openalex.org/W3191159189
https://openalex.org/A5101668703,https://openalex.org/S107516304,2,0.8265,https://openalex.org/W4385196942;https://openalex.org/W3212098427
https://openalex.org/A5009255854,https://openalex.org/S2485537415,2,0.7632,https://openalex.org/W3034354639;https://openalex.org/W3117693614
https://openalex.org/A5053641817,https://openalex.org/S190629608,2,0.7823,https://openalex.org/W4280651897;https://openalex.org/W3158940975
https://openalex.org/A5100431313,https://openalex.org/S2485537415,3,0.6852,https://openalex.org/W4285163072;https://openalex.org/W2974511542;https://openalex.org/W2951156590
https://openalex.org/A5057838913,https://openalex.org/S2485537415,2,0.8426,https://openalex.org/W4285221909;https://openalex.org/W4285178509
https://openalex.org/A5037953083,https://openalex.org/S4210192031,2,0.8118,https://openalex.org/W4401015348;https://openalex.org/W4311372941
https://openalex.org/A5049733139,https://openalex.org/S4210205812,3,0.8335,https://openalex.org/W4323846884;https://openalex.org/W4394807356;https://openalex.org/W4399431975
https://openalex.org/A5049952420,https://openalex.org/S4210205812,2,0.8093,https://openalex.org/W4323846884;https://openalex.org/W4399431975
https://openalex.org/A5016455314,https://openalex.org/S4210216316,2,0.6674,https://openalex.org/W4254287443;https://openalex.org/W3088577583
https://openalex.org/A5064373793,https://openalex.org/S127898559,2,0.7277,https://openalex.org/W1932103198;https://openalex.org/W2962786672
https://openalex.org/A5060514022,https://openalex.org/S2485537415,2,0.7055,https://openalex.org/W3005588871;https://openalex.org/W2971134353
https://openalex.org/A5060663970,https://openalex.org/S2485537415,2,0.9014,https://openalex.org/W3001851322;https://openalex.org/W3097684051
https://openalex.org/A5056867848,https://openalex.org/S4210196574,3,0.7753,https://openalex.org/W3186259503;https://openalex.org/W4313363931;https://openalex.org/W2915626407
https://openalex.org/A5019720353,https://openalex.org/S2485537415,3,0.7161,https://openalex.org/W3200579381;https://openalex.org/W3014747440;https://openalex.org/W3004958565
https://openalex.org/A5003314662,https://openalex.org/S2764955546,3,0.7535,https://openalex.org/W3197618933;https://openalex.org/W3207942231;https://openalex.org/W4220768912
https://openalex.org/A5078362082,https://openalex.org/S2485537415,3,0.7802,https://openalex.org/W4387415214;https://openalex.org/W3216406879;https://openalex.org/W4312264811
https://openalex.org/A5012731038,https://openalex.org/S4210205812,2,0.6162,https://openalex.org/W4313225616;https://openalex.org/W4385275251
https://openalex.org/A5024528910,https://openalex.org/S4210216316,3,0.7169,https://openalex.org/W2974599917;https://openalex.org/W4386211795;https://openalex.org/W4245378880
https://openalex.org/A5110722665,https://openalex.org/S107516304,2,0.7824,https://openalex.org/W3212776013;https://openalex.org/W3215349798
https://openalex.org/A5036008539,https://openalex.org/S137468011,2,0.56,https://openalex.org/W2568249642;https://openalex.org/W2752184777
https://openalex.org/A5100359839,https://openalex.org/S2485537415,3,0.6261,https://openalex.org/W4328007428;https://openalex.org/W4312385127;https://openalex.org/W3209629406
https://openalex.org/A5081511659,https://openalex.org/S4210205812,3,0.7618,https://openalex.org/W4229454050;https://openalex.org/W2912334061;https://openalex.org/W4228998034
https://openalex.org/A5089650246,https://openalex.org/S3035462843,2,0.7441,https://openalex.org/W4383877873;https://openalex.org/W4221040829
https://openalex.org/A5028910033,https://openalex.org/S4210205812,3,0.8744,https://openalex.org/W4361007782;https://openalex.org/W4391539599;https://openalex.org/W4381681185
https://openalex.org/A5012275821,https://openalex.org/S2485537415,2,0.8517,https://openalex.org/W2933939325;https://openalex.org/W3124178290
https://openalex.org/A5100462591,https://openalex.org/S4210205812,2,0.6572,https://openalex.org/W4313246874;https://openalex.org/W4403302385
https://openalex.org/A5021484043,https://openalex.org/S195231649,3,0.8096,https://openalex.org/W4281802223;https://openalex.org/W4292694193;https://openalex.org/W3023759874
https://openalex.org/A5065943331,https://openalex.org/S2485537415,3,0.7766,https://openalex.org/W4385695952;https://openalex.org/W4390215464;https://openalex.org/W4285153402
https://openalex.org/A5029193854,https://openalex.org/S155526855,2,0.6945,https://openalex.org/W3173211406;https://openalex.org/W4391017630
https://openalex.org/A5060212076,https://openalex.org/S139930977,3,0.8525,https://openalex.org/W4382651708;https://openalex.org/W4384153582;https://openalex.org/W4402786744
https://openalex.org/A5033646900,https://openalex.org/S34838331,2,0.7761,https://openalex.org/W4229063460;https://openalex.org/W4387259484
https://openalex.org/A5015761218,https://openalex.org/S2485537415,3,0.6958,https://openalex.org/W2998706575;https://openalex.org/W2997814559;https://openalex.org/W4391407108
https://openalex.org/A5101619656,https://openalex.org/S4511983,3,0.7239,https://openalex.org/W3138590856;https://openalex.org/W4397289964;https://openalex.org/W2593473355
https://openalex.org/A5100319079,https://openalex.org/S2485537415,2,0.7108,https://openalex.org/W4401069830;https://openalex.org/W4404520688
https://openalex.org/A5004994425,https://openalex.org/S195231649,3,0.6896,https://openalex.org/W1480914602;https://openalex.org/W2528141470;https://openalex.org/W2508370757
https://openalex.org/A5063819347,https://openalex.org/S196734849,2,0.8215,https://openalex.org/W2603413303;https://openalex.org/W2948394366
https://openalex.org/A5039878146,https://openalex.org/S2738286576,3,0.735,https://openalex.org/W2800993111;https://openalex.org/W2916824055;https://openalex.org/W2917408344
https://openalex.org/A5101921593,https://openalex.org/S2485537415,3,0.9314,https://openalex.org/W2888630264;https://openalex.org/W2944145386;https://openalex.org/W2948868247
https://openalex.org/A5008667081,https://openalex.org/S4210196574,2,1.0,https://openalex.org/W4385397972;https://openalex.org/W4409864950
https://openalex.org/A5049038701,https://openalex.org/S4210196574,3,0.6967,https://openalex.org/W2596505165;https://openalex.org/W2610257998;https://openalex.org/W2963889846
https://openalex.org/A5103221123,https://openalex.org/S2485537415,2,0.7674,https://openalex.org/W2946490927;https://openalex.org/W2991788499
https://openalex.org/A5038276570,https://openalex.org/S2729999759,3,0.7315,https://openalex.org/W4387271845;https://openalex.org/W3157245170;https://openalex.org/W3038197524
https://openalex.org/A5059014786,https://openalex.org/S2485537415,2,0.8702,https://openalex.org/W3004373197;https://openalex.org/W3108867199
https://openalex.org/A5040088678,https://openalex.org/S4210192031,2,0.872,https://openalex.org/W3216098034;https://openalex.org/W4285730416
https://openalex.org/A5100428128,https://openalex.org/S107516304,2,0.7744,https://openalex.org/W2996259876;https://openalex.org/W4214627308
https://openalex.org/A5049240605,https://openalex.org/S4210205812,3,0.6464,https://openalex.org/W2605740025;https://openalex.org/W4388077270;https://openalex.org/W4289111524
https://openalex.org/A5100656645,https://openalex.org/S195231649,2,0.8698,https://openalex.org/W4387501564;https://openalex.org/W4303699810
https://openalex.org/A5101815043,https://openalex.org/S4210205812,2,0.6075,https://openalex.org/W4399285842;https://openalex.org/W4318472953
https://openalex.org/A5021474885,https://openalex.org/S4210216316,3,0.7901,https://openalex.org/W4386211259;https://openalex.org/W3143109253;https://openalex.org/W3151633870
https://openalex.org/A5100733317,https://openalex.org/S149016011,2,0.7855,https://openalex.org/W3208346495;https://openalex.org/W4388262459
https://openalex.org/A5086168187,https://openalex.org/S2485537415,2,0.5621,https://openalex.org/W3085916354;https://openalex.org/W4390905578
https://openalex.org/A5026204977,https://openalex.org/S101949793,2,0.5821,https://openalex.org/W4390048687;https://openalex.org/W2802893970
https://openalex.org/A5076553850,https://openalex.org/S3035462843,2,0.7589,https://openalex.org/W3217471545;https://openalex.org/W4393866408
https://openalex.org/A5100358801,https://openalex.org/S4210205812,3,0.817,https://openalex.org/W4327958258;https://openalex.org/W4321457839;https://openalex.org/W4377289268
https://openalex.org/A5006310305,https://openalex.org/S4210196574,3,1.0,https://openalex.org/W4409898207;https://openalex.org/W4409778878;https://openalex.org/W4386297408
https://openalex.org/A5068171354,https://openalex.org/S2485537415,2,0.7265,https://openalex.org/W4386736998;https://openalex.org/W2952524552
https://openalex.org/A5080453744,https://openalex.org/S4210205812,3,0.8601,https://openalex.org/W4297347707;https://openalex.org/W4319025279;https://openalex.org/W4388909178
https://openalex.org/A5083191379,https://openalex.org/S2485537415,3,0.7227,https://openalex.org/W4391165175;https://openalex.org/W3097451491;https://openalex.org/W4205833324
https://openalex.org/A5035097654,https://openalex.org/S195231649,3,0.7776,https://openalex.org/W2911779038;https://openalex.org/W4224113610;https://openalex.org/W4391846415
https://openalex.org/A5000769992,https://openalex.org/S195231649,3,0.7776,https://openalex.org/W2911779038;https://openalex.org/W4224113610;https://openalex.org/W4391846415
https://openalex.org/A5003922614,https://openalex.org/S4210192031,2,0.6848,https://openalex.org/W4366771181;https://openalex.org/W4288077906
https://openalex.org/A5049195161,https://openalex.org/S9692511,2,0.8562,https://openalex.org/W2739702162;https://openalex.org/W3194223097
https://openalex.org/A5074589657,https://openalex.org/S4210205812,2,0.7167,https://openalex.org/W4295814349;https://openalex.org/W4323847908
https://openalex.org/A5100404549,https://openalex.org/S2485537415,3,0.6913,https://openalex.org/W2910123878;https://openalex.org/W2965897052;https://openalex.org/W2995205355
https://openalex.org/A5014352018,https://openalex.org/S2485537415,3,0.6466,https://openalex.org/W2807802381;https://openalex.org/W2921751281;https://openalex.org/W2970770135
https://openalex.org/A5052860228,https://openalex.org/S4210192031,3,0.8022,https://openalex.org/W4306952470;https://openalex.org/W4403451655;https://openalex.org/W4283830762
https://openalex.org/A5037310336,https://openalex.org/S997959834,3,0.7645,https://openalex.org/W2266049763;https://openalex.org/W4387349905;https://openalex.org/W2150976462
https://openalex.org/A5082759754,https://openalex.org/S4210216316,2,0.8676,https://openalex.org/W4386211109;https://openalex.org/W2973702636
https://openalex.org/A5037472187,https://openalex.org/S2485537415,3,0.747,https://openalex.org/W2982611265;https://openalex.org/W2884829521;https://openalex.org/W2895821236
https://openalex.org/A5080132351,https://openalex.org/S137468011,3,0.7805,https://openalex.org/W3097648411;https://openalex.org/W3096921828;https://openalex.org/W4402912707
https://openalex.org/A5003520806,https://openalex.org/S139930977,2,0.8518,https://openalex.org/W3015633002;https://openalex.org/W3116866055
https://openalex.org/A5073282867,https://openalex.org/S2485537415,2,0.6566,https://openalex.org/W2903635323;https://openalex.org/W3211188186
https://openalex.org/A5039649740,https://openalex.org/S4511983,2,0.8616,https://openalex.org/W2418522429;https://openalex.org/W2337732794
https://openalex.org/A5038267059,https://openalex.org/S4511983,3,0.7574,https://openalex.org/W2754352773;https://openalex.org/W2188525013;https://openalex.org/W3100363193
https://openalex.org/A5053642132,https://openalex.org/S195231649,3,0.8677,https://openalex.org/W2981440904;https://openalex.org/W2276958151;https://openalex.org/W2901616274
https://openalex.org/A5100402281,https://openalex.org/S101949793,2,0.8018,https://openalex.org/W3012375922;https://openalex.org/W2990859739
https://openalex.org/A5058336811,https://openalex.org/S2485537415,2,0.7768,https://openalex.org/W2752165910;https://openalex.org/W2999666580
https://openalex.org/A5078510924,https://openalex.org/S2485537415,2,0.7768,https://openalex.org/W2752165910;https://openalex.org/W2999666580
https://openalex.org/A5060837414,https://openalex.org/S2485537415,2,0.7943,https://openalex.org/W3007126568;https://openalex.org/W3035825741
https://openalex.org/A5021678540,https://openalex.org/S4210178049,2,0.6997,https://openalex.org/W2899936840;https://openalex.org/W2898649268
https://openalex.org/A5045528384,https://openalex.org/S190629608,2,0.6689,https://openalex.org/W3014629053;https://openalex.org/W2549993635
https://openalex.org/A5076499429,https://openalex.org/S4210205812,3,0.7564,https://openalex.org/W3128968443;https://openalex.org/W4220654517;https://openalex.org/W4220964874
https://openalex.org/A5071830107,https://openalex.org/S2485537415,2,0.7756,https://openalex.org/W3004893395;https://openalex.org/W3009975932
https://openalex.org/A5067901159,https://openalex.org/S4210216316,3,0.7257,https://openalex.org/W4388697600;https://openalex.org/W4404542007;https://openalex.org/W4284991522
https://openalex.org/A5091674853,https://openalex.org/S2485537415,3,0.7057,https://openalex.org/W4365420336;https://openalex.org/W4285237353;https://openalex.org/W4312389556
https://openalex.org/A5061137052,https://openalex.org/S101949793,3,0.627,https://openalex.org/W3211367374;https://openalex.org/W2973162955;https://openalex.org/W4292962643
https://openalex.org/A5055159529,https://openalex.org/S190680769,2,0.8823,https://openalex.org/W4381094039;https://openalex.org/W4297013359
https://openalex.org/A5063236050,https://openalex.org/S195231649,2,0.7485,https://openalex.org/W4313260791;https://openalex.org/W4313246023
https://openalex.org/A5057476491,https://openalex.org/S4210205812,3,0.8702,https://openalex.org/W4385274493;https://openalex.org/W4392201601;https://openalex.org/W4385220826
https://openalex.org/A5113095044,https://openalex.org/S4210205812,3,0.7945,https://openalex.org/W4385708919;https://openalex.org/W4385368330;https://openalex.org/W4384825266
https://openalex.org/A5082389304,https://openalex.org/S2485537415,3,0.7315,https://openalex.org/W4391505264;https://openalex.org/W4403826739;https://openalex.org/W4402569707
https://openalex.org/A5011025415,https://openalex.org/S195231649,2,0.9398,https://openalex.org/W4404376672;https://openalex.org/W4404276131
https://openalex.org/A5011707621,https://openalex.org/S4210219776,3,0.6566,https://openalex.org/W3125631070;https://openalex.org/W3127804529;https://openalex.org/W3183435761
https://openalex.org/A5058301961,https://openalex.org/S30889260,3,0.7064,https://openalex.org/W2193370529;https://openalex.org/W3165838274;https://openalex.org/W2241002890
https://openalex.org/A5084579916,https://openalex.org/S2738286576,2,0.7872,https://openalex.org/W2588988101;https://openalex.org/W2566896297
https://openalex.org/A5062682629,https://openalex.org/S137468011,3,0.7464,https://openalex.org/W2892838855;https://openalex.org/W3095775294;https://openalex.org/W3097728323
https://openalex.org/A5069813544,https://openalex.org/S137468011,3,0.7278,https://openalex.org/W2893475890;https://openalex.org/W3096531104;https://openalex.org/W2570918987
https://openalex.org/A5054467387,https://openalex.org/S137468011,3,0.7093,https://openalex.org/W2893929734;https://openalex.org/W3094856412;https://openalex.org/W3095045067
https://openalex.org/A5051122708,https://openalex.org/S137468011,3,0.6894,https://openalex.org/W2750801298;https://openalex.org/W2973286323;https://openalex.org/W3096028541
https://openalex.org/A5068274526,https://openalex.org/S4210216316,3,0.7901,https://openalex.org/W4386211259;https://openalex.org/W3143109253;https://openalex.org/W3151633870
https://openalex.org/A5057227915,https://openalex.org/S4210205812,2,0.6537,https://openalex.org/W4327948309;https://openalex.org/W3212866339
https://openalex.org/A5057942346,https://openalex.org/S4210205812,2,0.8347,https://openalex.org/W4403101372;https://openalex.org/W4386408978
https://openalex.org/A5065724368,https://openalex.org/S2485537415,2,0.5898,https://openalex.org/W4378714237;https://openalex.org/W4391855541
https://openalex.org/A5026195021,https://openalex.org/S4210216316,2,0.8108,https://openalex.org/W4386211055;https://openalex.org/W4386211080
https://openalex.org/A5078652922,https://openalex.org/S125501549,2,0.6783,https://openalex.org/W4399811674;https://openalex.org/W4402527665
https://openalex.org/A5035868994,https://openalex.org/S137468011,3,0.8505,https://openalex.org/W4402912934;https://openalex.org/W4402946699;https://openalex.org/W4402905835
https://openalex.org/A5100334703,https://openalex.org/S4210178049,2,0.7899,https://openalex.org/W4393316945;https://openalex.org/W4403044989
https://openalex.org/A5062048275,https://openalex.org/S2764650051,2,0.8394,https://openalex.org/W3122092081;https://openalex.org/W4404448611
https://openalex.org/A5115604557,https://openalex.org/S4210192031,2,0.6394,https://openalex.org/W4367844486;https://openalex.org/W4403215356
https://openalex.org/A5101879892,https://openalex.org/S2729999759,2,0.8044,https://openalex.org/W2518186251;https://openalex.org/W2295508206
https://openalex.org/A5101057365,https://openalex.org/S2485537415,3,0.8371,https://openalex.org/W3013098034;https://openalex.org/W3034124771;https://openalex.org/W2955181859
https://openalex.org/A5023428054,https://openalex.org/S4210195431,2,0.7473,https://openalex.org/W3075432525;https://openalex.org/W3149972283
https://openalex.org/A5004858670,https://openalex.org/S2485537415,2,0.6514,https://openalex.org/W2810374907;https://openalex.org/W3096764957
https://openalex.org/A5029822520,https://openalex.org/S2764650051,2,0.7714,https://openalex.org/W2592665192;https://openalex.org/W2910420059
https://openalex.org/A5109284752,https://openalex.org/S190629608,2,0.7676,https://openalex.org/W2472490454;https://openalex.org/W2739077999
https://openalex.org/A5048196007,https://openalex.org/S2485537415,2,0.9073,https://openalex.org/W3040989605;https://openalex.org/W2996373059
https://openalex.org/A5048244059,https://openalex.org/S2485537415,3,0.7526,https://openalex.org/W2991170427;https://openalex.org/W3028754898;https://openalex.org/W2968853227
https://openalex.org/A5113887450,https://openalex.org/S2485537415,2,0.8784,https://openalex.org/W3156034637;https://openalex.org/W4205406857
https://openalex.org/A5037355389,https://openalex.org/S2485537415,3,0.6405,https://openalex.org/W4213430631;https://openalex.org/W4312581961;https://openalex.org/W4391547718
https://openalex.org/A5071914915,https://openalex.org/S2485537415,3,0.6879,https://openalex.org/W3020589325;https://openalex.org/W4392124327;https://openalex.org/W4403390401
https://openalex.org/A5100773044,https://openalex.org/S2485537415,3,0.6399,https://openalex.org/W2924911805;https://openalex.org/W2967269971;https://openalex.org/W2991321929
https://openalex.org/A5010659601,https://openalex.org/S4210192031,2,0.8224,https://openalex.org/W4280633184;https://openalex.org/W4387477687
https://openalex.org/A5033219523,https://openalex.org/S2485537415,2,0.7523,https://openalex.org/W2841402245;https://openalex.org/W3003603507
https://openalex.org/A5101584016,https://openalex.org/S2485537415,2,0.6809,https://openalex.org/W2904639925;https://openalex.org/W3048265046
https://openalex.org/A5010146271,https://openalex.org/S101949793,2,0.845,https://openalex.org/W2974861210;https://openalex.org/W4293715816
https://openalex.org/A5108013133,https://openalex.org/S2485537415,2,0.5509,https://openalex.org/W4392567235;https://openalex.org/W3196350734
https://openalex.org/A5057164472,https://openalex.org/S202381698,2,0.6123,https://openalex.org/W2341390137;https://openalex.org/W3006100862
https://openalex.org/A5030334885,https://openalex.org/S2764955546,2,0.7063,https://openalex.org/W3026126388;https://openalex.org/W3001020120
https://openalex.org/A5063051593,https://openalex.org/S2729999759,2,0.713,https://openalex.org/W2884554299;https://openalex.org/W2826525850
https://openalex.org/A5054231516,https://openalex.org/S4210177785,3,0.9247,https://openalex.org/W2290195065;https://openalex.org/W2899014602;https://openalex.org/W2056836622
https://openalex.org/A5046900515,https://openalex.org/S2485537415,2,0.7966,https://openalex.org/W2990288623;https://openalex.org/W2988032913
https://openalex.org/A5101408324,https://openalex.org/S2485537415,3,0.7713,https://openalex.org/W3023646756;https://openalex.org/W2950577166;https://openalex.org/W3021799569
https://openalex.org/A5014019150,https://openalex.org/S2729999759,2,0.9194,https://openalex.org/W2963372751;https://openalex.org/W2559842427
https://openalex.org/A5074599271,https://openalex.org/S2485537415,2,0.5749,https://openalex.org/W3165577760;https://openalex.org/W3041464015
https://openalex.org/A5075853272,https://openalex.org/S195231649,2,0.5848,https://openalex.org/W3178472022;https://openalex.org/W3091918465
https://openalex.org/A5082037255,https://openalex.org/S4210172076,2,0.8331,https://openalex.org/W4362699082;https://openalex.org/W4324383277
https://openalex.org/A5082417280,https://openalex.org/S155526855,2,0.8344,https://openalex.org/W3013713299;https://openalex.org/W2908834655
https://openalex.org/A5100783073,https://openalex.org/S101949793,2,0.8812,https://openalex.org/W2790553631;https://openalex.org/W2912688896
https://openalex.org/A5007234619,https://openalex.org/S2485537415,2,0.9153,https://openalex.org/W4396680754;https://openalex.org/W4392796849
https://openalex.org/A5088847808,https://openalex.org/S107516304,2,0.8131,https://openalex.org/W4404513319;https://openalex.org/W4395675278
https://openalex.org/A5101731558,https://openalex.org/S2485537415,2,0.791,https://openalex.org/W3204322605;https://openalex.org/W4383172105
https://openalex.org/A5037654021,https://openalex.org/S101949793,2,0.6418,https://openalex.org/W3115656130;https://openalex.org/W3009719893
https://openalex.org/A5100748642,https://openalex.org/S4210219776,2,0.7158,https://openalex.org/W3003039250;https://openalex.org/W3027616301
https://openalex.org/A5087365655,https://openalex.org/S2485537415,2,0.6902,https://openalex.org/W4226268394;https://openalex.org/W4382238912
https://openalex.org/A5100338946,https://openalex.org/S4210219776,2,0.7631,https://openalex.org/W4308335753;https://openalex.org/W4380997469
https://openalex.org/A5051221287,https://openalex.org/S196734849,2,0.879,https://openalex.org/W4308885876;https://openalex.org/W4388895542
https://openalex.org/A5052317739,https://openalex.org/S125501549,2,0.8881,https://openalex.org/W2795705294;https://openalex.org/W2983924154
https://openalex.org/A5082639253,https://openalex.org/S2485537415,3,0.8286,https://openalex.org/W4285302878;https://openalex.org/W4285222754;https://openalex.org/W4285817834
https://openalex.org/A5079648393,https://openalex.org/S101949793,3,0.6974,https://openalex.org/W4361290857;https://openalex.org/W3203042166;https://openalex.org/W4200322598
https://openalex.org/A5086636133,https://openalex.org/S2485537415,2,0.7705,https://openalex.org/W4323345796;https://openalex.org/W3194963579
https://openalex.org/A5068858971,https://openalex.org/S4210192031,2,0.7601,https://openalex.org/W4220766247;https://openalex.org/W4311954929
https://openalex.org/A5004408654,https://openalex.org/S196734849,2,0.9022,https://openalex.org/W4220885120;https://openalex.org/W4306874311
https://openalex.org/A5075965221,https://openalex.org/S2485537415,2,0.6577,https://openalex.org/W4210794564;https://openalex.org/W4387385704
https://openalex.org/A5012976652,https://openalex.org/S196734849,2,0.6956,https://openalex.org/W4311671282;https://openalex.org/W2737777915
https://openalex.org/A5037092803,https://openalex.org/S139930977,3,0.7454,https://openalex.org/W4400336840;https://openalex.org/W4225663447;https://openalex.org/W3203169850
https://openalex.org/A5059160929,https://openalex.org/S2485537415,2,0.687,https://openalex.org/W4386536261;https://openalex.org/W4381562726
https://openalex.org/A5039138600,https://openalex.org/S2485537415,3,0.7264,https://openalex.org/W4382751995;https://openalex.org/W4324125363;https://openalex.org/W4404370984
https://openalex.org/A5080747622,https://openalex.org/S4210192031,2,0.8052,https://openalex.org/W4313389306;https://openalex.org/W4405514698
https://openalex.org/A5100441830,https://openalex.org/S2485537415,2,0.8854,https://openalex.org/W4394862827;https://openalex.org/W4385453179
https://openalex.org/A5039052506,https://openalex.org/S4210200687,2,0.7781,https://openalex.org/W4405954117;https://openalex.org/W4381996328
https://openalex.org/A5062785200,https://openalex.org/S202381698,2,0.7491,https://openalex.org/W2509530726;https://openalex.org/W2973894996
https://openalex.org/A5047518945,https://openalex.org/S2485537415,2,0.6331,https://openalex.org/W3009478882;https://openalex.org/W2891536563
https://openalex.org/A5103491402,https://openalex.org/S127898559,3,0.8145,https://openalex.org/W1976640471;https://openalex.org/W2950800265;https://openalex.org/W4405294339
https://openalex.org/A5063177933,https://openalex.org/S178776955,2,0.7351,https://openalex.org/W2762080095;https://openalex.org/W2973075481
https://openalex.org/A5060350556,https://openalex.org/S139930977,3,0.8,https://openalex.org/W2106251409;https://openalex.org/W2291693177;https://openalex.org/W2903010679
https://openalex.org/A5062531812,https://openalex.org/S2485537415,3,0.6818,https://openalex.org/W2752740243;https://openalex.org/W4313171720;https://openalex.org/W2905414169
https://openalex.org/A5021348360,https://openalex.org/S4210192031,2,0.568,https://openalex.org/W4311970724;https://openalex.org/W4223462744
https://openalex.org/A5052772081,https://openalex.org/S2485537415,2,0.8194,https://openalex.org/W2999565548;https://openalex.org/W3204774355
https://openalex.org/A5049199369,https://openalex.org/S196734849,2,0.7519,https://openalex.org/W3177504760;https://openalex.org/W4285390975
https://openalex.org/A5032488540,https://openalex.org/S2764846071,2,0.8247,https://openalex.org/W2762849146;https://openalex.org/W2901553836
https://openalex.org/A5074874309,https://openalex.org/S2485537415,2,0.6963,https://openalex.org/W3109549323;https://openalex.org/W3188425338
https://openalex.org/A5112191507,https://openalex.org/S202381698,3,0.7149,https://openalex.org/W2619993245;https://openalex.org/W2518130841;https://openalex.org/W2601435252
https://openalex.org/A5042954793,https://openalex.org/S155526855,2,0.7624,https://openalex.org/W1508791843;https://openalex.org/W2986265153
https://openalex.org/A5051784384,https://openalex.org/S107516304,2,0.7405,https://openalex.org/W2901135493;https://openalex.org/W3112305567
https://openalex.org/A5057055708,https://openalex.org/S2485537415,2,0.7896,https://openalex.org/W3040403500;https://openalex.org/W2968344872
https://openalex.org/A5103050211,https://openalex.org/S101949793,2,0.8709,https://openalex.org/W2564767511;https://openalex.org/W2620741975
https://openalex.org/A5101675341,https://openalex.org/S2485537415,2,0.8653,https://openalex.org/W3035866541;https://openalex.org/W4312661849
https://openalex.org/A5055868875,https://openalex.org/S4210197006,2,0.6465,https://openalex.org/W3153307767;https://openalex.org/W3030929541
https://openalex.org/A5103005093,https://openalex.org/S4210177785,2,0.7501,https://openalex.org/W4293578078;https://openalex.org/W4388336411
https://openalex.org/A5062639338,https://openalex.org/S101949793,2,0.6953,https://openalex.org/W3010968125;https://openalex.org/W3198881524
https://openalex.org/A5076016306,https://openalex.org/S139930977,3,0.8116,https://openalex.org/W3048427244;https://openalex.org/W2809932296;https://openalex.org/W2180271880
https://openalex.org/A5063298294,https://openalex.org/S4210192031,3,0.7442,https://openalex.org/W3132859845;https://openalex.org/W4294839233;https://openalex.org/W4322619683
https://openalex.org/A5006997452,https://openalex.org/S17147534,2,0.7738,https://openalex.org/W3121653116;https://openalex.org/W4210588715
https://openalex.org/A5029157504,https://openalex.org/S2485537415,2,0.6473,https://openalex.org/W3044872781;https://openalex.org/W3025086319
https://openalex.org/A5004788462,https://openalex.org/S4210192031,2,0.7311,https://openalex.org/W3197574523;https://openalex.org/W4221006327
https://openalex.org/A5091364297,https://openalex.org/S2485537415,3,0.6993,https://openalex.org/W2950211955;https://openalex.org/W3045675141;https://openalex.org/W2971297385
https://openalex.org/A5025543654,https://openalex.org/S2485537415,3,0.7362,https://openalex.org/W2790974113;https://openalex.org/W2918555272;https://openalex.org/W2811254552
https://openalex.org/A5037435879,https://openalex.org/S127898559,2,0.7899,https://openalex.org/W2791586967;https://openalex.org/W3084402709
https://openalex.org/A5051305025,https://openalex.org/S139930977,2,0.8568,https://openalex.org/W4200315417;https://openalex.org/W4281400617
https://openalex.org/A5005093152,https://openalex.org/S2485537415,3,0.6259,https://openalex.org/W2766916509;https://openalex.org/W4399485424;https://openalex.org/W2562555919
https://openalex.org/A5077459192,https://openalex.org/S4210177785,3,0.878,https://openalex.org/W3118840012;https://openalex.org/W3168290438;https://openalex.org/W3201077454
https://openalex.org/A5051529954,https://openalex.org/S2485537415,2,0.608,https://openalex.org/W4312581961;https://openalex.org/W4391547718
https://openalex.org/A5057376602,https://openalex.org/S195231649,2,0.7325,https://openalex.org/W4365515160;https://openalex.org/W3210666183
https://openalex.org/A5101954161,https://openalex.org/S2485537415,2,0.9557,https://openalex.org/W3174288549;https://openalex.org/W4321021831
https://openalex.org/A5027684690,https://openalex.org/S2485537415,2,0.7241,https://openalex.org/W2887108772;https://openalex.org/W3081140379
https://openalex.org/A5032681322,https://openalex.org/S2485537415,2,0.7241,https://openalex.org/W2887108772;https://openalex.org/W3081140379
https://openalex.org/A5042145292,https://openalex.org/S4210192031,3,0.6892,https://openalex.org/W3185304712;https://openalex.org/W4283121654;https://openalex.org/W4310074532
https://openalex.org/A5033841885,https://openalex.org/S2485537415,2,0.7166,https://openalex.org/W4312311432;https://openalex.org/W4400314789
https://openalex.org/A5100339621,https://openalex.org/S4210205812,2,0.7012,https://openalex.org/W4386601488;https://openalex.org/W4401536050
https://openalex.org/A5044133211,https://openalex.org/S4210205812,2,0.8308,https://openalex.org/W3168997218;https://openalex.org/W3170908635
https://openalex.org/A5085604883,https://openalex.org/S2485537415,2,0.7737,https://openalex.org/W4398162650;https://openalex.org/W4405270664
https://openalex.org/A5100442516,https://openalex.org/S4210205812,2,0.5596,https://openalex.org/W4361003741;https://openalex.org/W4390465778
https://openalex.org/A5050267522,https://openalex.org/S2485537415,2,0.8039,https://openalex.org/W3113044294;https://openalex.org/W2996600395
https://openalex.org/A5028856944,https://openalex.org/S2485537415,3,0.7641,https://openalex.org/W4389692447;https://openalex.org/W4285249601;https://openalex.org/W4387092487
https://openalex.org/A5001184471,https://openalex.org/S3035462843,3,0.6549,https://openalex.org/W3177008941;https://openalex.org/W4399785948;https://openalex.org/W4316041484
https://openalex.org/A5022576557,https://openalex.org/S2485537415,2,0.6567,https://openalex.org/W4366503836;https://openalex.org/W2965496000
https://openalex.org/A5004778394,https://openalex.org/S4210172076,2,0.8181,https://openalex.org/W4288426654;https://openalex.org/W4396919005
https://openalex.org/A5101555891,https://openalex.org/S2485537415,2,0.628,https://openalex.org/W4386025837;https://openalex.org/W4378976169
https://openalex.org/A5101850182,https://openalex.org/S2485537415,2,0.628,https://openalex.org/W4386025837;https://openalex.org/W4378976169
https://openalex.org/A5012641332,https://openalex.org/S4210178049,2,0.699,https://openalex.org/W4403231437;https://openalex.org/W2942627697
https://openalex.org/A5011362695,https://openalex.org/S4210205812,3,0.6708,https://openalex.org/W4388772869;https://openalex.org/W4308788559;https://openalex.org/W4392660864
https://openalex.org/A5087025582,https://openalex.org/S139930977,2,0.744,https://openalex.org/W2592086020;https://openalex.org/W2952063220
https://openalex.org/A5071446915,https://openalex.org/S127898559,3,0.7079,https://openalex.org/W2346229027;https://openalex.org/W3188570291;https://openalex.org/W3028498758
https://openalex.org/A5000856830,https://openalex.org/S101949793,2,0.7732,https://openalex.org/W2794473504;https://openalex.org/W3124586268
https://openalex.org/A5006624933,https://openalex.org/S2485537415,2,0.5838,https://openalex.org/W2887701371;https://openalex.org/W3106930831
https://openalex.org/A5112079802,https://openalex.org/S2485537415,3,0.7652,https://openalex.org/W3011149291;https://openalex.org/W2965568676;https://openalex.org/W2919543428
https://openalex.org/A5101538818,https://openalex.org/S4210205812,3,0.6898,https://openalex.org/W3038419772;https://openalex.org/W3005401491;https://openalex.org/W3206136455
https://openalex.org/A5052263300,https://openalex.org/S139930977,3,0.7339,https://openalex.org/W2219955361;https://openalex.org/W2572082325;https://openalex.org/W3174309074
https://openalex.org/A5013213053,https://openalex.org/S2485537415,2,0.721,https://openalex.org/W3033140201;https://openalex.org/W2996293399
https://openalex.org/A5084640440,https://openalex.org/S207319443,3,0.8102,https://openalex.org/W3119365255;https://openalex.org/W2605641102;https://openalex.org/W2903294411
https://openalex.org/A5076554560,https://openalex.org/S207319443,3,0.8102,https://openalex.org/W3119365255;https://openalex.org/W2605641102;https://openalex.org/W2903294411
https://openalex.org/A5022565589,https://openalex.org/S4210205812,3,0.8555,https://openalex.org/W3210691267;https://openalex.org/W4317734473;https://openalex.org/W2973204492
https://openalex.org/A5005124189,https://openalex.org/S4210205812,3,0.8555,https://openalex.org/W3210691267;https://openalex.org/W4317734473;https://openalex.org/W2973204492
https://openalex.org/A5007636550,https://openalex.org/S2485537415,2,0.6451,https://openalex.org/W2884474053;https://openalex.org/W4405934536
https://openalex.org/A5047204534,https://openalex.org/S4210205812,2,0.6154,https://openalex.org/W3133672348;https://openalex.org/W3183348949
https://openalex.org/A5100654659,https://openalex.org/S2485537415,3,0.6576,https://openalex.org/W3097366647;https://openalex.org/W3095688416;https://openalex.org/W4365420336
https://openalex.org/A5100461059,https://openalex.org/S2485537415,3,0.6331,https://openalex.org/W2898855047;https://openalex.org/W2958063850;https://openalex.org/W3156971038
https://openalex.org/A5000869612,https://openalex.org/S4210205812,3,0.8428,https://openalex.org/W4206712611;https://openalex.org/W4385274493;https://openalex.org/W4213076711
https://openalex.org/A5100354683,https://openalex.org/S4210205812,2,0.839,https://openalex.org/W4399736025;https://openalex.org/W4391941148
https://openalex.org/A5100456847,https://openalex.org/S4210205812,2,0.8191,https://openalex.org/W4206710430;https://openalex.org/W4319982568
https://openalex.org/A5087846752,https://openalex.org/S34838331,2,0.7725,https://openalex.org/W4214638831;https://openalex.org/W2996077194
https://openalex.org/A5061967814,https://openalex.org/S2485537415,2,0.8299,https://openalex.org/W3207706809;https://openalex.org/W4395447432
https://openalex.org/A5089184180,https://openalex.org/S2485537415,2,0.8299,https://openalex.org/W3207706809;https://openalex.org/W4395447432
https://openalex.org/A5011219888,https://openalex.org/S4210205812,2,0.8193,https://openalex.org/W4392912349;https://openalex.org/W4281768016
https://openalex.org/A5069277248,https://openalex.org/S4511983,2,0.7414,https://openalex.org/W4404513659;https://openalex.org/W4404514186
https://openalex.org/A5052692708,https://openalex.org/S127898559,2,0.7597,https://openalex.org/W4405456220;https://openalex.org/W3167639409
https://openalex.org/A5101628428,https://openalex.org/S139930977,2,0.8738,https://openalex.org/W2883439102;https://openalex.org/W3124809951
https://openalex.org/A5059356044,https://openalex.org/S2485537415,2,0.912,https://openalex.org/W2941789808;https://openalex.org/W2973408519
https://openalex.org/A5010880229,https://openalex.org/S43295729,2,0.7322,https://openalex.org/W3212690841;https://openalex.org/W4200230955
https://openalex.org/A5032611928,https://openalex.org/S4210205812,3,0.8723,https://openalex.org/W3024248244;https://openalex.org/W3209218628;https://openalex.org/W4366987796
https://openalex.org/A5015867638,https://openalex.org/S207319443,2,0.7918,https://openalex.org/W3196541605;https://openalex.org/W4297054331
https://openalex.org/A5028116210,https://openalex.org/S149016011,3,0.7473,https://openalex.org/W2581259899;https://openalex.org/W2245490339;https://openalex.org/W2770539231
https://openalex.org/A5070312562,https://openalex.org/S195231649,3,0.8048,https://openalex.org/W2980060502;https://openalex.org/W3036873981;https://openalex.org/W3034738357
https://openalex.org/A5019673266,https://openalex.org/S4210216316,3,0.7227,https://openalex.org/W4223889865;https://openalex.org/W4223920617;https://openalex.org/W4405854057
https://openalex.org/A5030439538,https://openalex.org/S4210205812,3,0.7014,https://openalex.org/W4384299263;https://openalex.org/W4386091675;https://openalex.org/W4389184857
https://openalex.org/A5064008061,https://openalex.org/S2485537415,2,0.8746,https://openalex.org/W3088820803;https://openalex.org/W3083772902
https://openalex.org/A5101880946,https://openalex.org/S2485537415,2,0.8041,https://openalex.org/W3091546203;https://openalex.org/W3074656709
https://openalex.org/A5073277189,https://openalex.org/S137468011,3,0.8757,https://openalex.org/W3097068982;https://openalex.org/W3197536313;https://openalex.org/W4311801348
